path,type,size,mode
bin,dir,6880,0o755
bin/6to4Config,file,15548,0o755
bin/6to4Restart,symlink,23,0o777
bin/8021pRemarkConfig,file,17254,0o755
bin/8021pSupportConfig,file,18172,0o755
bin/8021xConfig,file,12344,0o755
bin/ConfigPort.sh,file,1386,0o755
bin/ResetCache,file,9269,0o755
bin/ShowFirm,file,11564,0o755
bin/ShowFirmVersion,file,12387,0o755
bin/ShowFirmVersion.lua,file,384,0o755
bin/WanStatus.lua,file,2837,0o755
bin/adpDebug,file,5072,0o755
bin/adpLog,file,5460,0o755
bin/base64,file,16783,0o755
bin/bc,file,110216,0o755
bin/bcmRegConfig,file,11235,0o755
bin/bonjourClient,file,16872,0o755
bin/bonjourConfig,file,55912,0o755
bin/bonjourPrepareDefaults.lua,file,5630,0o755
bin/bonjourPrepareDefaults.sh,file,8908,0o755
bin/brctl,file,26584,0o755
bin/bridgeAddPort,symlink,25,0o777
bin/bridgeConfig,file,23220,0o755
bin/bridgeDBConfig,symlink,25,0o777
bin/bridgeDeletePort,symlink,25,0o777
bin/bridgeSetSpeed,symlink,25,0o777
bin/bridgeStart,symlink,25,0o777
bin/bridgeStop,symlink,25,0o777
bin/bridgeVLANConfigMacAddEntry,symlink,25,0o777
bin/bridgeVLANConfigMacDeleteEntry,symlink,25,0o777
bin/bridgeVLANConfigPortAddEntry,symlink,25,0o777
bin/bridgeVLANConfigPortDeleteEntry,symlink,25,0o777
bin/bridgeVLANConfigPrint,symlink,25,0o777
bin/bwLimitConfig,file,41980,0o755
bin/bwLimitDefaults,file,10264,0o755
bin/cgi,file,6952,0o755
bin/changeHostname.lua,file,1471,0o755
bin/chat,file,28048,0o755
bin/checkUserLogIn,file,6240,0o755
bin/clientStatusUpdate,file,8080,0o755
bin/configPortUpdate,symlink,27,0o777
bin/configUpdate.lua,file,12888,0o755
bin/configUpdate2.lua,file,5172,0o755
bin/convert.sh,file,1664,0o644
bin/cpu.sh,file,354,0o755
bin/crond,file,12240,0o755
bin/curl,file,98472,0o755
bin/ddnsClient,file,19808,0o755
bin/ddnsConfig,file,27996,0o755
bin/ddnsView,file,7404,0o755
bin/deviceMgmt.sh,file,727,0o755
bin/dh6clientDnsUpdate,symlink,26,0o777
bin/dh6clientIpAddrUpdate,symlink,26,0o777
bin/dhScript.sh,file,561,0o644
bin/dhclient,file,710776,0o755
bin/dhclient-down-hooks,file,905,0o755
bin/dhclient-exit-hooks,file,1988,0o644
bin/dhclient-script,file,7858,0o755
bin/dhclientHook,file,8856,0o755
bin/dhcp6c,file,254752,0o755
bin/dhcp6s,file,184376,0o755
bin/dhcpConfig,file,23804,0o755
bin/dhcpLeasesUpdate,symlink,23,0o777
bin/dhcpRestart,symlink,23,0o777
bin/dhcpcConfig,file,12312,0o755
bin/dhcpcMonitord,file,7360,0o755
bin/dhcpchk,file,218620,0o755
bin/dhcprelayConfig,file,13072,0o755
bin/dhcpv6cConfUpdate,symlink,26,0o777
bin/dhcpv6cConfig,file,20900,0o755
bin/dhcpv6cRestart,symlink,26,0o777
bin/dhcpv6sConfig,file,16528,0o755
bin/dhcrelay,file,14080,0o755
bin/disableLanScript.sh,file,648,0o755
bin/dnsmasq,file,168524,0o755
bin/dnsmasqConfig,file,22940,0o755
bin/dnsmasqLeasesUpdate,file,7552,0o755
bin/doPing,file,8828,0o755
bin/dot11AclAddMac,symlink,24,0o777
bin/dot11AclDelMac,symlink,24,0o777
bin/dot11AclDetach,symlink,24,0o777
bin/dot11AclFlush,symlink,24,0o777
bin/dot11AclSetPolicy,symlink,24,0o777
bin/dot11AclShow,symlink,24,0o777
bin/dot11AddAuthMethod,symlink,24,0o777
bin/dot11AddPairwiseCipher,symlink,24,0o777
bin/dot11AuthAPAdd,symlink,24,0o777
bin/dot11AuthAPDel,symlink,24,0o777
bin/dot11AuthorizedAPShow,symlink,24,0o777
bin/dot11BeaconIntervalGet,symlink,24,0o777
bin/dot11ChannelGet,symlink,24,0o777
bin/dot11ClientStatShow,symlink,24,0o777
bin/dot11ClientsShow,symlink,24,0o777
bin/dot11ClientsStatUpdt,symlink,24,0o777
bin/dot11Config,file,18790,0o755
bin/dot11CreateProfile,symlink,24,0o777
bin/dot11CreateVAP,symlink,24,0o777
bin/dot11DTIMPeriodGet,symlink,24,0o777
bin/dot11DeleteAuthMethod,symlink,24,0o777
bin/dot11DeletePairwiseCipher,symlink,24,0o777
bin/dot11DeleteProfile,symlink,24,0o777
bin/dot11DeleteVAP,symlink,24,0o777
bin/dot11DothGet,symlink,24,0o777
bin/dot11EnableDoth,symlink,24,0o777
bin/dot11EnableWME,symlink,24,0o777
bin/dot11FragThresholdGet,symlink,24,0o777
bin/dot11GetCWMMode,symlink,24,0o777
bin/dot11GetProfile,symlink,24,0o777
bin/dot11HideSSID,symlink,24,0o777
bin/dot11LongRetryGet,symlink,24,0o777
bin/dot11NolListUpdt,symlink,24,0o777
bin/dot11ProfileShow,symlink,24,0o777
bin/dot11ProtModeGet,symlink,24,0o777
bin/dot11RTSThresholdGet,symlink,24,0o777
bin/dot11RogueAPCheckDisable,symlink,24,0o777
bin/dot11RogueAPCheckEnable,symlink,24,0o777
bin/dot11RogueAPShow,symlink,24,0o777
bin/dot11SetACM,symlink,24,0o777
bin/dot11SetAIFS,symlink,24,0o777
bin/dot11SetAssocMax,symlink,24,0o777
bin/dot11SetAssocTimeout,symlink,24,0o777
bin/dot11SetBeaconInterval,symlink,24,0o777
bin/dot11SetCWMMode,symlink,24,0o777
bin/dot11SetCWmax,symlink,24,0o777
bin/dot11SetCWmin,symlink,24,0o777
bin/dot11SetChannel,symlink,24,0o777
bin/dot11SetDTIMPeriod,symlink,24,0o777
bin/dot11SetDothChannel,symlink,24,0o777
bin/dot11SetDothMarkDFS,symlink,24,0o777
bin/dot11SetDothPwr,symlink,24,0o777
bin/dot11SetFragThreshold,symlink,24,0o777
bin/dot11SetGMKReKeyIntvl,symlink,24,0o777
bin/dot11SetGroupCipher,symlink,24,0o777
bin/dot11SetGroupReKeyIntvl,symlink,24,0o777
bin/dot11SetLongRetry,symlink,24,0o777
bin/dot11SetMedia,symlink,24,0o777
bin/dot11SetMediaOpt,symlink,24,0o777
bin/dot11SetMode,symlink,24,0o777
bin/dot11SetPMKLifetime,symlink,24,0o777
bin/dot11SetPSKHex,symlink,24,0o777
bin/dot11SetPSKPass,symlink,24,0o777
bin/dot11SetPnacAuthTimeout,symlink,24,0o777
bin/dot11SetPnacReAuthInterval,symlink,24,0o777
bin/dot11SetProfile,symlink,24,0o777
bin/dot11SetProtMode,symlink,24,0o777
bin/dot11SetRTSThreshold,symlink,24,0o777
bin/dot11SetSSID,symlink,24,0o777
bin/dot11SetSTAConfig,symlink,24,0o777
bin/dot11SetShortPreamble,symlink,24,0o777
bin/dot11SetShortRetry,symlink,24,0o777
bin/dot11SetTXOPLimit,symlink,24,0o777
bin/dot11SetTxPower,symlink,24,0o777
bin/dot11SetWDS,symlink,24,0o777
bin/dot11SetWepKey,symlink,24,0o777
bin/dot11ShortPreambleGet,symlink,24,0o777
bin/dot11ShortRetryGet,symlink,24,0o777
bin/dot11TxPowerGet,symlink,24,0o777
bin/dot11VapsStatUpdt,symlink,24,0o777
bin/dot11WDSGet,symlink,24,0o777
bin/dot11WpsConfigPbc,symlink,24,0o777
bin/dot11WpsConfigPin,symlink,24,0o777
bin/dot11WpsDisable,symlink,24,0o777
bin/dot11WpsEnable,symlink,24,0o777
bin/dot11WpsGetStatus,symlink,24,0o777
bin/dot11d,file,12550,0o755
bin/dot11mgmt.lua,file,297,0o755
bin/dproxyConfig,file,11192,0o755
bin/dutUptime,file,5368,0o755
bin/eMailLogs,file,14696,0o755
bin/emailLogs,file,14696,0o755
bin/enableLanScript.sh,file,814,0o755
bin/eraseall,file,12211,0o755
bin/ethtool,file,164008,0o755
bin/ethtoolConfig,file,8352,0o755
bin/evtDsptchd,file,12348,0o755
bin/exportCfg.lua,file,501,0o755
bin/fReset,file,10527,0o755
bin/factoryReset.sh,file,47,0o755
bin/firewallPolicy,file,311544,0o755
bin/firewalld,file,311864,0o755
bin/firmUpdtVer,file,16634,0o755
bin/fwTraffMtr,file,23904,0o755
bin/havp,file,281588,0o755
bin/identd,file,6452,0o755
bin/ifDevConfig,file,25316,0o755
bin/ifDevDeleteStats,symlink,24,0o777
bin/ifDevInsertStats,symlink,24,0o777
bin/ifDevUpdateIp6Addr,symlink,24,0o777
bin/ifDevUpdateMac,symlink,24,0o777
bin/ifDevUpdateStats,symlink,24,0o777
bin/ifDevUsageRecord,symlink,24,0o777
bin/ifStatic.sh,file,220,0o644
bin/ifStaticConfig,file,21692,0o755
bin/ifStaticIfDevHandler,symlink,27,0o777
bin/ifStaticTblManage,symlink,27,0o777
bin/ifgroup,file,7040,0o755
bin/igmpConfig,file,10480,0o755
bin/igmpproxy,file,42512,0o755
bin/imp_status.sh,file,3460,0o755
bin/importConfig.lua,file,1289,0o755
bin/ip,file,202944,0o755
bin/ip6tables,file,56608,0o755
bin/ipModeConfig,file,10424,0o755
bin/ipaddr.sh,file,221,0o755
bin/iprouteConfig,file,18364,0o755
bin/iprouteConfigMain,symlink,26,0o777
bin/iprouteIPv6GwAdd,symlink,26,0o777
bin/iprouteManageRoutes,symlink,26,0o777
bin/ipsecstat,file,6972,0o755
bin/ipset,file,33200,0o755
bin/iptables,file,60504,0o755
bin/isatapConfig,file,14076,0o755
bin/isatapDevHandler,symlink,25,0o777
bin/kdestroy,file,220580,0o755
bin/kinit,file,492912,0o755
bin/kpasswd,file,459888,0o755
bin/l2tp,file,217800,0o755
bin/l2tpClient,file,15636,0o755
bin/l2tpConfig,file,15496,0o755
bin/langroupsConfig,file,9688,0o755
bin/ldapsearch,file,217376,0o755
bin/ledConfig,file,10608,0o755
bin/ledPwrDwnModeConfig,file,6216,0o755
bin/linkMonitor,file,11475,0o755
bin/linkStatus.sh,file,1336,0o755
bin/linkStatusDetect,file,9444,0o755
bin/loggingd,file,33560,0o755
bin/lscand,file,9924,0o755
bin/lua,file,12908,0o755
bin/mDNS.sh,file,2427,0o755
bin/manufacturingCode,file,41273,0o755
bin/mdnsd,file,215832,0o755
bin/mem.sh,file,600,0o755
bin/mibctlConfig,file,5544,0o755
bin/mirrorProgram.sh,file,1981,0o755
bin/mirrorWrapper.sh,file,428,0o755
bin/mpstat,file,63864,0o755
bin/nbtscan,file,45684,0o755
bin/netstat,file,93088,0o755
bin/networkInterface.sh,file,485,0o755
bin/nimfDefaultMac,file,11532,0o755
bin/nimfStatus,file,60703,0o755
bin/nimfd,file,84188,0o755
bin/ntpd,file,28084,0o755
bin/ntpdate,file,76328,0o755
bin/platformd,file,10500,0o755
bin/pnacIfConfig,file,10608,0o755
bin/pnacd,file,5408,0o755
bin/portMgmtConfig,file,20020,0o755
bin/portStatsGet,file,14289,0o755
bin/portTriggerStatusConfig,file,7092,0o755
bin/pppStatsUpdate,file,8012,0o755
bin/pppd,file,315268,0o755
bin/pppoeConfig,file,11620,0o755
bin/pppoe_wrapper,file,1943,0o755
bin/pptp,file,86896,0o755
bin/pptpConfig,file,13584,0o755
bin/pptpUsersDrop,file,6728,0o755
bin/pptp_wrapper,file,845,0o755
bin/pptpctrl,file,30600,0o755
bin/pptpd,file,24220,0o755
bin/pptpdConfig,file,17220,0o755
bin/pptpdDisplayUserDetails,file,7768,0o755
bin/protectlinkLMd,file,19276,0o755
bin/quickVpnMgmtConfig,symlink,28,0o777
bin/quickvpnConfig,symlink,28,0o777
bin/racoon,file,10712,0o755
bin/racoonctl,file,6212,0o755
bin/radEap,symlink,22,0o777
bin/radvd,file,92688,0o755
bin/radvd6to4PrefixRestart,symlink,24,0o777
bin/radvdConfig,file,25236,0o755
bin/radvdIfDevHandler,symlink,24,0o777
bin/radvdIsatapPrefixConfig,symlink,24,0o777
bin/radvdLANPrefixPoolConfig,symlink,24,0o777
bin/rebootd,file,9976,0o755
bin/restoreDB.lua,file,502,0o755
bin/restoreLogDB.lua,file,505,0o755
bin/ripConfig,file,13760,0o755
bin/ripngConfig,file,10588,0o755
bin/ripngd,file,134100,0o755
bin/ripquery,file,20184,0o755
bin/rm_dbglog.sh,file,70,0o755
bin/route6Table.sh,file,2098,0o755
bin/routeTable.sh,file,2951,0o755
bin/routed,file,121892,0o755
bin/runCompsinits.sh,file,1425,0o644
bin/run_mDNS.sh,file,459,0o644
bin/rvgd,symlink,28,0o777
bin/saveDB.lua,file,520,0o755
bin/saveLogDB.lua,file,502,0o755
bin/setRtcTime,file,8276,0o755
bin/setSysTime,file,6716,0o755
bin/setkey,file,8264,0o755
bin/sipCmd,file,8692,0o755
bin/sipConfig,file,16228,0o755
bin/smtpAuthTest,file,19852,0o755
bin/smtpClient,file,22708,0o755
bin/snmpConfig,file,27752,0o755
bin/snmpd,file,25176,0o755
bin/sqlite3,file,46560,0o755
bin/sshd,file,16624,0o755
bin/sshdConfig,file,13092,0o755
bin/sslvpn-pppd,symlink,31,0o777
bin/sslvpnConfig,file,534040,0o755
bin/stopStartVapInstance.sh,file,1229,0o755
bin/switchConfig,file,13173,0o755
bin/switchVlanDBConfig,file,31204,0o755
bin/tc,file,243924,0o755
bin/tcpdump,file,793944,0o755
bin/tcpdumpConfig,file,8832,0o755
bin/timeShow,file,5288,0o755
bin/timezonechangescript.sh,file,60,0o755
bin/tinylogin,file,46012,0o755
bin/tmLanIPChange.sh,file,125,0o755
bin/traceroute,file,79908,0o755
bin/updateGatedesc.lua,file,803,0o755
bin/upgrade,file,17299,0o755
bin/upgrade.sh,file,1593,0o755
bin/upgradeCopy.sh,file,226,0o755
bin/upgradePrep.sh,file,2168,0o755
bin/upnpConfig,file,17280,0o755
bin/upnpShowConfig,symlink,23,0o777
bin/upnpd,file,45500,0o755
bin/urlFilterd,file,6284,0o755
bin/user2.lua,file,13695,0o644
bin/user3.lua,file,488,0o755
bin/userDBImport,file,19192,0o755
bin/usrRadius,file,5772,0o755
bin/vipsecureConfig,file,83772,0o755
bin/vipsecureStatus,file,21092,0o755
bin/vlanConfig,file,17237,0o755
bin/vlanDBConfig,file,17532,0o755
bin/vlanDelete.sh,file,380,0o755
bin/wanUpdate.sh,file,343,0o755
bin/wan_install.sh,file,3063,0o755
bin/wan_uninstall.sh,file,204,0o755
bin/writecfg.sh,file,124,0o755
bin/x509Config,file,21072,0o755
bin/x509GetVersion,file,5340,0o755
bin/x509SelfSign,file,8336,0o755
bin/zebra,file,227288,0o755
etc,dir,3000,0o755
etc/6to4.config,file,42,0o644
etc/6to4Init,file,12,0o644
etc/8021pRemark.config,file,56,0o644
etc/8021pRemarkInit,file,577,0o644
etc/adaptos.config,file,48,0o644
etc/adaptosInit,file,175,0o755
etc/bonjour.config,file,37,0o644
etc/bonjourInit,file,835,0o755
etc/bridgeLib.config,file,52,0o644
etc/bridgeLibInit,file,371,0o755
etc/bwLimit.config,file,48,0o644
etc/bwLimitInit,file,624,0o755
etc/clish,dir,520,0o755
etc/clish/6to4.xml,file,2630,0o644
etc/clish/bwLimit.xml,file,10360,0o644
etc/clish/dot11-config.xml,file,37785,0o644
etc/clish/dot11-show.xml,file,11538,0o644
etc/clish/ethernet-config.xml,file,2288,0o644
etc/clish/ethernet-show.xml,file,1006,0o644
etc/clish/ifDev-config.xml,file,4001,0o644
etc/clish/ifDev-show.xml,file,2913,0o644
etc/clish/isatap.xml,file,4446,0o644
etc/clish/logging-config.xml,file,8503,0o644
etc/clish/logging-show.xml,file,954,0o644
etc/clish/portManagement.xml,file,4387,0o644
etc/clish/radius-config.xml,file,3187,0o644
etc/clish/radius-show.xml,file,1734,0o644
etc/clish/radvd.xml,file,10338,0o644
etc/clish/routing-config.xml,file,8782,0o644
etc/clish/snmp-config.xml,file,5478,0o644
etc/clish/snmp-show.xml,file,641,0o644
etc/clish/system-config.xml,file,311,0o644
etc/clish/system.xml,file,587,0o644
etc/clish/time-config.xml,file,2824,0o644
etc/clish/time-show.xml,file,540,0o644
etc/clish/upnp.xml,file,3026,0o644
etc/clish/utilities.xml,file,1118,0o644
etc/config.config,file,68,0o644
etc/configInit,file,2527,0o755
etc/config_disallow_wep_in_11n.sh,file,1265,0o755
etc/cpuMemUsage.config,file,0,0o755
etc/cpuMemUsageInit,file,0,0o644
etc/cron.config,file,42,0o644
etc/cronInit,file,304,0o755
etc/ddns.config,file,42,0o644
etc/ddnsInit,file,168,0o755
etc/delDbglog.sh,file,170,0o644
etc/dnsmasq.conf,file,14561,0o644
etc/dot11.config,file,232,0o644
etc/dot11Init,file,2923,0o755
etc/dproxy.config,file,46,0o644
etc/dproxyInit,file,172,0o755
etc/endChant.config,file,50,0o644
etc/endChantInit,file,369,0o755
etc/evtDsptch.config,file,52,0o644
etc/evtDsptchInit,file,279,0o755
etc/firewall.config,file,186,0o644
etc/firewallInit,file,5335,0o644
etc/firewallPolicyInit,file,331,0o644
etc/firmware.config,file,31,0o644
etc/firmwareInit,file,587,0o755
etc/hardwareOffload.lua,file,1670,0o644
etc/havp,dir,60,0o755
etc/havp/templates,dir,60,0o755
etc/havp/templates/en,dir,220,0o755
etc/havp/templates/en/blacklist.html,file,1200,0o644
etc/havp/templates/en/dns.html,file,1188,0o644
etc/havp/templates/en/down.html,file,1097,0o644
etc/havp/templates/en/error.html,file,1208,0o644
etc/havp/templates/en/invalid.html,file,1103,0o644
etc/havp/templates/en/maxsize.html,file,1196,0o644
etc/havp/templates/en/request.html,file,1095,0o644
etc/havp/templates/en/scanner.html,file,1292,0o644
etc/havp/templates/en/virus.html,file,1199,0o644
etc/havp.config,file,511,0o644
etc/havpInit,file,1595,0o755
etc/ifDev.config,file,44,0o644
etc/ifDevInit,file,565,0o644
etc/ifStatic.config,file,48,0o644
etc/ifStaticInit,file,172,0o755
etc/ifgroup.config,file,18,0o644
etc/ifgroupInit,file,363,0o755
etc/igmpproxy.conf,file,1449,0o755
etc/iproute.config,file,63,0o644
etc/iprouteInit,file,169,0o755
etc/ipsec,dir,120,0o755
etc/ipsec/phase1-down_client.sh,file,1960,0o755
etc/ipsec/phase1-down_server.sh,file,2141,0o755
etc/ipsec/phase1-up_client.sh,file,2192,0o755
etc/ipsec/phase1-up_server.sh,file,3074,0o755
etc/ipset.config,file,16,0o755
etc/ipsetInit,file,282,0o755
etc/iptables.config,file,19,0o755
etc/iptablesInit,file,1800,0o755
etc/isatap.config,file,46,0o644
etc/isatapInit,file,12,0o644
etc/jumboInit,file,491,0o755
etc/kepler,dir,60,0o755
etc/kepler/1.1,dir,80,0o755
etc/kepler/1.1/cgilua,dir,60,0o755
etc/kepler/1.1/cgilua/config.lua,file,1176,0o644
etc/kepler/1.1/kepler_init.lua,file,1269,0o644
etc/kepler.config,file,104,0o644
etc/keplerInit,file,286,0o755
etc/klite.config,file,44,0o644
etc/kliteInit,file,432,0o755
etc/l2tp,file,158,0o755
etc/l2tp-connect,file,400,0o755
etc/l2tp.config,file,42,0o644
etc/l2tpInit,file,840,0o755
etc/langroups.config,file,52,0o644
etc/langroupsInit,file,178,0o755
etc/linkdetect.config,file,33,0o644
etc/linkdetectInit,file,0,0o644
etc/logging.config,file,48,0o644
etc/loggingInit,file,269,0o755
etc/logs.sql,file,486,0o644
etc/lua.config,file,40,0o644
etc/luaInit,file,166,0o755
etc/manfacCode.config,file,55,0o644
etc/manfacCodeInit,file,31,0o644
etc/memOptimizationInit,file,35,0o755
etc/mibctl.config,file,46,0o644
etc/mibctlInit,file,298,0o755
etc/mime.types,file,12786,0o755
etc/network-functions,file,9315,0o755
etc/nimf.config,file,42,0o644
etc/nimfInit,file,460,0o755
etc/options,file,7944,0o755
etc/options.pptpd,file,340,0o644
etc/platform.config,file,3840,0o644
etc/platformInit,file,4544,0o755
etc/pnac.config,file,42,0o644
etc/pnacInit,file,465,0o755
etc/portMgmt.config,file,50,0o644
etc/portMgmtInit,file,213,0o755
etc/ppp,dir,60,0o755
etc/ppp/peers,dir,40,0o755
etc/ppp.config,file,40,0o644
etc/pppInit,file,256,0o755
etc/pppoe.config,file,44,0o644
etc/pppoeInit,file,169,0o755
etc/pptp.config,file,42,0o644
etc/pptpInit,file,167,0o644
etc/pptpd.config,file,44,0o644
etc/pptpdInit,file,370,0o644
etc/protectlink.config,file,56,0o644
etc/protectlinkInit,file,471,0o755
etc/racoon_path.conf,file,90,0o755
etc/radius.config,file,81,0o644
etc/radius.dict,file,6704,0o644
etc/radiusInit,file,462,0o755
etc/reboot.config,file,46,0o644
etc/rebootInit,file,264,0o755
etc/rip.config,file,40,0o644
etc/ripInit,file,252,0o755
etc/ripng.config,file,44,0o644
etc/ripngInit,file,220,0o755
etc/sip.config,file,40,0o644
etc/sipInit,file,477,0o755
etc/snmp,dir,60,0o755
etc/snmp/snmpd.conf,file,15279,0o644
etc/snmp.config,file,42,0o644
etc/snmpInit,file,566,0o755
etc/sqlite.config,file,46,0o644
etc/sqliteInit,file,635,0o755
etc/ssh,dir,120,0o755
etc/ssh/moduli,file,88039,0o644
etc/ssh/ssh_host_dsa_key,file,668,0o644
etc/ssh/ssh_host_rsa_key,file,887,0o644
etc/ssh/sshd_config,file,326,0o644
etc/sshd.config,file,42,0o644
etc/sshdInit,file,301,0o644
etc/sslim.config,file,44,0o644
etc/sslimInit,file,169,0o644
etc/sslvpn.config,file,122,0o644
etc/sslvpnInit,file,2487,0o755
etc/switchdriver.config,file,62,0o644
etc/switchdriverInit,file,5090,0o755
etc/system.sql,file,1910970,0o644
etc/teamf1.cfg.defaults.ascii,file,112073,0o644
etc/time.config,file,42,0o644
etc/timeInit,file,349,0o755
etc/timezone,dir,1800,0o755
etc/timezone/TZ-0030NDL,file,61,0o755
etc/timezone/TZ-0100DL,file,3462,0o644
etc/timezone/TZ-0100NDL,file,61,0o755
etc/timezone/TZ-0130NDL,file,61,0o755
etc/timezone/TZ-0200NDL,file,61,0o755
etc/timezone/TZ-0230NDL,file,61,0o755
etc/timezone/TZ-0300DL,file,2001,0o755
etc/timezone/TZ-0300NDL,file,61,0o755
etc/timezone/TZ-0330DL,file,1429,0o755
etc/timezone/TZ-0330NDL,file,61,0o755
etc/timezone/TZ-0400DL,file,3424,0o755
etc/timezone/TZ-0400NDL,file,61,0o755
etc/timezone/TZ-0430DL,file,1429,0o755
etc/timezone/TZ-0430NDL,file,61,0o755
etc/timezone/TZ-0500DL,file,3519,0o755
etc/timezone/TZ-0500DL2,file,1649,0o755
etc/timezone/TZ-0500NDL,file,61,0o755
etc/timezone/TZ-0530DL,file,1429,0o755
etc/timezone/TZ-0530NDL,file,61,0o755
etc/timezone/TZ-0600DL,file,1604,0o755
etc/timezone/TZ-0600DL2,file,3559,0o755
etc/timezone/TZ-0600NDL,file,61,0o755
etc/timezone/TZ-0600NDL2,file,61,0o755
etc/timezone/TZ-0630DL,file,1429,0o755
etc/timezone/TZ-0630NDL,file,61,0o755
etc/timezone/TZ-0700DL,file,2388,0o755
etc/timezone/TZ-0700DL2,file,2427,0o755
etc/timezone/TZ-0700NDL,file,61,0o755
etc/timezone/TZ-0730DL,file,1429,0o755
etc/timezone/TZ-0730NDL,file,61,0o755
etc/timezone/TZ-0800DL,file,2875,0o755
etc/timezone/TZ-0800DL1,file,2875,0o644
etc/timezone/TZ-0800DL2,file,2819,0o755
etc/timezone/TZ-0800NDL,file,61,0o755
etc/timezone/TZ-0800NDL1,file,619,0o644
etc/timezone/TZ-0800NDL2,file,872,0o644
etc/timezone/TZ-0830DL,file,1429,0o644
etc/timezone/TZ-0830NDL,file,61,0o644
etc/timezone/TZ-0900DL,file,2358,0o755
etc/timezone/TZ-0900NDL,file,61,0o755
etc/timezone/TZ-0930DL,file,1429,0o755
etc/timezone/TZ-0930NDL,file,61,0o755
etc/timezone/TZ-1000DL,file,1429,0o755
etc/timezone/TZ-1000NDL,file,61,0o755
etc/timezone/TZ-1030NDL,file,61,0o755
etc/timezone/TZ-1100NDL,file,61,0o755
etc/timezone/TZ-1130NDL,file,61,0o755
etc/timezone/TZ-1200NDL,file,61,0o755
etc/timezone/TZ0000DL,file,3661,0o755
etc/timezone/TZ0000NDL,file,56,0o755
etc/timezone/TZ0030DL,file,1429,0o755
etc/timezone/TZ0030NDL,file,61,0o644
etc/timezone/TZ0100DL,file,2917,0o755
etc/timezone/TZ0100NDL,file,61,0o755
etc/timezone/TZ0130DL,file,1429,0o755
etc/timezone/TZ0130NDL,file,61,0o755
etc/timezone/TZ0200DL,file,2245,0o755
etc/timezone/TZ0200NDL,file,61,0o755
etc/timezone/TZ0230NDL,file,61,0o755
etc/timezone/TZ0300DL,file,962,0o755
etc/timezone/TZ0300NDL,file,61,0o755
etc/timezone/TZ0330NDL,file,61,0o755
etc/timezone/TZ0400DL,file,157,0o644
etc/timezone/TZ0400NDL,file,61,0o755
etc/timezone/TZ0430NDL,file,61,0o755
etc/timezone/TZ0500DL,file,2000,0o644
etc/timezone/TZ0500NDL,file,61,0o755
etc/timezone/TZ0530NDL,file,61,0o755
etc/timezone/TZ0600NDL,file,61,0o755
etc/timezone/TZ0630NDL,file,61,0o755
etc/timezone/TZ0700NDL,file,61,0o755
etc/timezone/TZ0730NDL,file,61,0o755
etc/timezone/TZ0800DL,file,389,0o644
etc/timezone/TZ0800NDL,file,61,0o755
etc/timezone/TZ0830NDL,file,61,0o755
etc/timezone/TZ0900NDL,file,61,0o755
etc/timezone/TZ0930DL,file,2202,0o755
etc/timezone/TZ0930NDL,file,61,0o755
etc/timezone/TZ1000DL,file,2183,0o755
etc/timezone/TZ1000NDL,file,61,0o755
etc/timezone/TZ1030DL,file,1821,0o644
etc/timezone/TZ1030NDL,file,61,0o755
etc/timezone/TZ1100NDL,file,61,0o755
etc/timezone/TZ1130NDL,file,61,0o755
etc/timezone/TZ1200DL,file,2434,0o644
etc/timezone/TZ1200NDL,file,61,0o755
etc/timezone/TZ1300NDL,file,61,0o755
etc/timezone/TZ1400NDL,file,61,0o755
etc/umi.config,file,40,0o644
etc/umiInit,file,334,0o755
etc/urlFilter.config,file,52,0o644
etc/urlFilterInit,file,279,0o755
etc/user.config,file,2205,0o644
etc/userInit,file,7027,0o755
etc/vipsec.config,file,46,0o644
etc/vipsecInit,file,1228,0o755
etc/vlanInit,file,553,0o755
etc/x509.config,file,90,0o644
etc/x509Init,file,2115,0o644
etc/xlr8Nat.config,file,48,0o644
etc/xlr8NatInit,file,419,0o755
firmVersion,file,9,0o644
lib,dir,2280,0o755
lib/LuaXML_lib.so,file,15280,0o755
lib/adpLuaLib.so,file,12668,0o755
lib/ca-bundle.crt,file,200314,0o644
lib/cryptLib.so,file,7976,0o755
lib/etc,dir,180,0o755
lib/etc/avdefinition.xml,file,72935,0o644
lib/etc/cia.conf,file,1318,0o644
lib/etc/clientinfo.conf,file,992,0o644
lib/etc/epupdate_hist.xml,file,169942,0o644
lib/etc/ggb.conf,file,14658,0o644
lib/etc/ggb.ver,file,1648,0o644
lib/etc/mpolicy.conf,file,9093,0o644
lib/ifDevLib.so,file,4784,0o755
lib/iptables,dir,1280,0o755
lib/iptables/libip6t_HL.so,file,4272,0o755
lib/iptables/libip6t_LOG.so,file,6244,0o755
lib/iptables/libip6t_MARK.so,file,3372,0o755
lib/iptables/libip6t_NFQUEUE.so,file,3200,0o755
lib/iptables/libip6t_REJECT.so,file,4436,0o755
lib/iptables/libip6t_TRACE.so,file,2416,0o755
lib/iptables/libip6t_ah.so,file,5508,0o755
lib/iptables/libip6t_eui64.so,file,2544,0o755
lib/iptables/libip6t_frag.so,file,6244,0o755
lib/iptables/libip6t_hl.so,file,3992,0o755
lib/iptables/libip6t_icmpv6.so,file,6124,0o755
lib/iptables/libip6t_ip6range.so,file,4960,0o755
lib/iptables/libip6t_ipv6header.so,file,6064,0o755
lib/iptables/libip6t_length.so,file,4212,0o755
lib/iptables/libip6t_limit.so,file,4920,0o755
lib/iptables/libip6t_mac.so,file,3804,0o755
lib/iptables/libip6t_mark.so,file,3704,0o755
lib/iptables/libip6t_multiport.so,file,5912,0o755
lib/iptables/libip6t_owner.so,file,5492,0o755
lib/iptables/libip6t_physdev.so,file,5000,0o755
lib/iptables/libip6t_rt.so,file,7808,0o755
lib/iptables/libip6t_standard.so,file,2496,0o755
lib/iptables/libip6t_state.so,file,4384,0o755
lib/iptables/libip6t_tcp.so,file,8472,0o755
lib/iptables/libip6t_time.so,file,6724,0o755
lib/iptables/libip6t_udp.so,file,5724,0o755
lib/iptables/libipq.a,file,3932,0o644
lib/iptables/libipt_BWPROF.so,file,12040,0o755
lib/iptables/libipt_CONNMARK.so,file,4832,0o755
lib/iptables/libipt_DNAT.so,file,5260,0o755
lib/iptables/libipt_DSCP.so,file,4812,0o755
lib/iptables/libipt_LOG.so,file,6868,0o755
lib/iptables/libipt_MARK.so,file,4780,0o755
lib/iptables/libipt_REDIRECT.so,file,4008,0o755
lib/iptables/libipt_REJECT.so,file,5208,0o755
lib/iptables/libipt_SET.so,file,6320,0o755
lib/iptables/libipt_SNAT.so,file,5244,0o755
lib/iptables/libipt_TCPMSS.so,file,3564,0o755
lib/iptables/libipt_TIME.so,file,11064,0o755
lib/iptables/libipt_TOS.so,file,4204,0o755
lib/iptables/libipt_TRIGGER.so,file,5168,0o755
lib/iptables/libipt_account.so,file,5564,0o755
lib/iptables/libipt_connlimit.so,file,3956,0o755
lib/iptables/libipt_connmark.so,file,3768,0o755
lib/iptables/libipt_conntrack.so,file,9820,0o755
lib/iptables/libipt_dscp.so,file,5080,0o755
lib/iptables/libipt_helper.so,file,3360,0o755
lib/iptables/libipt_icmp.so,file,6748,0o755
lib/iptables/libipt_ifgroup.so,file,5888,0o755
lib/iptables/libipt_iprange.so,file,4868,0o755
lib/iptables/libipt_mac.so,file,3804,0o755
lib/iptables/libipt_mark.so,file,3720,0o755
lib/iptables/libipt_owner.so,file,5980,0o755
lib/iptables/libipt_rpc.so,file,6532,0o755
lib/iptables/libipt_set.so,file,5820,0o755
lib/iptables/libipt_standard.so,file,2496,0o755
lib/iptables/libipt_state.so,file,4384,0o755
lib/iptables/libipt_tcp.so,file,8472,0o755
lib/iptables/libipt_time.so,file,9948,0o755
lib/iptables/libipt_tos.so,file,4472,0o755
lib/iptables/libipt_udp.so,file,5724,0o755
lib/iptables/libipt_webstr.so,file,4496,0o755
lib/libAuth.so,file,21400,0o755
lib/libSys.so,file,301828,0o755
lib/libTrpsLm.so,file,25088,0o755
lib/libcrypto.so,symlink,18,0o777
lib/libcrypto.so.0.9.8,file,1554896,0o755
lib/libcurl.so,symlink,16,0o777
lib/libcurl.so.4,symlink,16,0o777
lib/libcurl.so.4.1.0,file,270796,0o755
lib/libdns_sd.so,symlink,14,0o777
lib/libdns_sd.so.1,file,18160,0o755
lib/libgcgi.so,file,38472,0o755
lib/libglcfg.so,file,16468,0o755
lib/libhttpd.so,file,37332,0o755
lib/libipset_iphash.so,file,5724,0o755
lib/libixml.so,file,54552,0o755
lib/libixml.so.2,symlink,16,0o777
lib/libixml.so.2.0.0,file,45496,0o755
lib/liblber-2.3.so.0,symlink,21,0o777
lib/liblber-2.3.so.0.2.12,file,40064,0o644
lib/liblber.so,symlink,21,0o777
lib/libldap-2.3.so.0,symlink,21,0o777
lib/libldap-2.3.so.0.2.12,file,162912,0o644
lib/libldap.so,symlink,21,0o777
lib/liblitedb.so,file,55524,0o755
lib/libmfs.so,file,39296,0o755
lib/libmfs.so.1,file,39296,0o755
lib/libmfs.so.1.0,file,39296,0o755
lib/libmipsmips64-octeon-linux-gnu-adaptos.so,file,70124,0o755
lib/libmipsmips64-octeon-linux-gnu-dot11.so,file,187379,0o755
lib/libmipsmips64-octeon-linux-gnu-eapAuth.so,file,76824,0o755
lib/libmipsmips64-octeon-linux-gnu-klite.so,file,1270768,0o755
lib/libmipsmips64-octeon-linux-gnu-libipsec.so,file,62024,0o755
lib/libmipsmips64-octeon-linux-gnu-logging.so,file,6516,0o755
lib/libmipsmips64-octeon-linux-gnu-lua.so,file,210868,0o755
lib/libmipsmips64-octeon-linux-gnu-mibctl.so,file,29692,0o755
lib/libmipsmips64-octeon-linux-gnu-misc.so,file,12172,0o755
lib/libmipsmips64-octeon-linux-gnu-nimf.so,file,52886,0o755
lib/libmipsmips64-octeon-linux-gnu-pnac.so,file,66624,0o755
lib/libmipsmips64-octeon-linux-gnu-protectlink.so,file,6500,0o755
lib/libmipsmips64-octeon-linux-gnu-racoon.so,file,556928,0o755
lib/libmipsmips64-octeon-linux-gnu-racoonctl.so,file,32488,0o755
lib/libmipsmips64-octeon-linux-gnu-radius.so,file,74516,0o755
lib/libmipsmips64-octeon-linux-gnu-resolv.so,file,128944,0o755
lib/libmipsmips64-octeon-linux-gnu-setkey.so,file,63152,0o755
lib/libmipsmips64-octeon-linux-gnu-sshield.so,file,572444,0o755
lib/libmipsmips64-octeon-linux-gnu-sslim.so,file,233744,0o755
lib/libmipsmips64-octeon-linux-gnu-time.so,file,8132,0o755
lib/libmipsmips64-octeon-linux-gnu-umi.so,file,13080,0o755
lib/libmipsmips64-octeon-linux-gnu-urlFilter.so,file,48456,0o755
lib/libmipsmips64-octeon-linux-gnu-x509.so,file,55212,0o755
lib/libmipsmips64-octeon-linux-gnu-zones.so,file,8644,0o755
lib/libmmgr.so,file,3500,0o755
lib/libnetsnmp.so,symlink,19,0o777
lib/libnetsnmp.so.9,symlink,19,0o777
lib/libnetsnmp.so.9.0.2,file,575392,0o755
lib/libnetsnmpagent.so,symlink,24,0o777
lib/libnetsnmpagent.so.9,symlink,24,0o777
lib/libnetsnmpagent.so.9.0.2,file,234060,0o755
lib/libnetsnmphelpers.so,symlink,26,0o777
lib/libnetsnmphelpers.so.9,symlink,26,0o777
lib/libnetsnmphelpers.so.9.0.2,file,113208,0o755
lib/libnetsnmpmibs.so,symlink,23,0o777
lib/libnetsnmpmibs.so.9,symlink,23,0o777
lib/libnetsnmpmibs.so.9.0.2,file,384772,0o755
lib/libnss_mdns-0.2.so,file,30548,0o755
lib/libnss_mdns.so.2,symlink,18,0o777
lib/libocteon.so,file,28964,0o755
lib/libpeactl.so,file,14192,0o755
lib/libpupd.so,file,12140,0o755
lib/libsmbclient.so,file,1762176,0o755
lib/libsmbclient.so.0,symlink,15,0o777
lib/libsqlite3.so,symlink,19,0o777
lib/libsqlite3.so.0,symlink,19,0o777
lib/libsqlite3.so.0.8.6,file,610564,0o755
lib/libssl.so,symlink,15,0o777
lib/libssl.so.0.9.8,file,280028,0o755
lib/libstdc++.so,symlink,18,0o777
lib/libstdc++.so.6,symlink,18,0o777
lib/libstdc++.so.6.0.8,file,1067940,0o755
lib/libthreadp.so,file,10760,0o755
lib/libthreadutil.so,symlink,22,0o777
lib/libthreadutil.so.2,symlink,22,0o777
lib/libthreadutil.so.2.0.0,file,24296,0o755
lib/libtmple.so,file,12484,0o755
lib/libtmufeng.so,file,170292,0o644
lib/libupnp.so,symlink,16,0o777
lib/libupnp.so.2,symlink,16,0o777
lib/libupnp.so.2.0.1,file,133812,0o755
lib/liburltran.so,file,6956,0o755
lib/libxdebug.so,file,8964,0o755
lib/libzebra.so,symlink,17,0o777
lib/libzebra.so.0,symlink,17,0o777
lib/libzebra.so.0.0.0,file,437748,0o755
lib/loginLib.so,file,5116,0o755
lib/lua,dir,60,0o755
lib/lua/5.1,dir,380,0o755
lib/lua/5.1/adpLuaLib.so,file,12668,0o755
lib/lua/5.1/cryptLib.so,file,7976,0o755
lib/lua/5.1/ifDevLib.so,file,4784,0o755
lib/lua/5.1/lfs.so,symlink,12,0o777
lib/lua/5.1/lfs.so.1.2.1,file,17232,0o755
lib/lua/5.1/loginLib.so,file,5116,0o755
lib/lua/5.1/luasql,dir,60,0o755
lib/lua/5.1/luasql/sqlite3.so,file,20712,0o755
lib/lua/5.1/mime,dir,60,0o755
lib/lua/5.1/mime/core.so,file,19864,0o755
lib/lua/5.1/pptpLuaLib.so,file,7468,0o755
lib/lua/5.1/protectlinkLib.so,file,4884,0o755
lib/lua/5.1/quickvpnLuaLib.so,file,7512,0o755
lib/lua/5.1/rings.so,symlink,14,0o777
lib/lua/5.1/rings.so.1.1.0,file,10492,0o755
lib/lua/5.1/socket,dir,60,0o755
lib/lua/5.1/socket/core.so,file,62716,0o755
lib/lua/5.1/sslvpnLuaLib.so,file,501236,0o755
lib/lua/5.1/timeLib.so,file,7704,0o755
lib/lua/5.1/x509Lib.so,file,18932,0o755
lib/modules,dir,480,0o755
lib/modules/2.6.21.7-Cavium-Octeon,dir,60,0o755
lib/modules/2.6.21.7-Cavium-Octeon/cavium-ethernet.ko,file,177576,0o644
lib/modules/8021pRemark.ko,file,7248,0o644
lib/modules/bcmDebug.ko,file,9168,0o644
lib/modules/bridgeLib,dir,40,0o755
lib/modules/dot11,dir,60,0o755
lib/modules/dot11/kdot11.ko,file,56512,0o644
lib/modules/endChant,dir,60,0o755
lib/modules/endChant/endChant.ko,file,28808,0o644
lib/modules/ifDev,dir,60,0o755
lib/modules/ifDev/ifDev.ko,file,11696,0o644
lib/modules/ifgroup,dir,60,0o755
lib/modules/ifgroup/ifgroup.ko,file,6328,0o644
lib/modules/iptables,dir,320,0o755
lib/modules/iptables/nf_conntrack_amanda.ko,file,12008,0o644
lib/modules/iptables/nf_conntrack_h323.ko,file,96176,0o644
lib/modules/iptables/nf_conntrack_irc.ko,file,14952,0o644
lib/modules/iptables/nf_conntrack_netbios_ns.ko,file,6360,0o644
lib/modules/iptables/nf_conntrack_pptp.ko,file,15776,0o644
lib/modules/iptables/nf_conntrack_proto_gre.ko,file,13456,0o644
lib/modules/iptables/nf_conntrack_sane.ko,file,10888,0o644
lib/modules/iptables/nf_conntrack_tftp.ko,file,10448,0o644
lib/modules/iptables/nf_nat_amanda.ko,file,5616,0o644
lib/modules/iptables/nf_nat_h323.ko,file,22368,0o644
lib/modules/iptables/nf_nat_irc.ko,file,6352,0o644
lib/modules/iptables/nf_nat_pptp.ko,file,8128,0o644
lib/modules/iptables/nf_nat_proto_gre.ko,file,6280,0o644
lib/modules/iptables/nf_nat_tftp.ko,file,4456,0o644
lib/modules/klite,dir,100,0o755
lib/modules/klite/cavEZ.ko,file,81472,0o644
lib/modules/klite/cavTest.ko,file,78960,0o644
lib/modules/klite/klite.ko,file,228704,0o644
lib/modules/mibctl,dir,60,0o755
lib/modules/mibctl/mibctl.ko,file,40224,0o644
lib/modules/n_hdlc.ko,file,31264,0o644
lib/modules/pnac,dir,60,0o755
lib/modules/pnac/xcalibur.ko,file,31304,0o644
lib/modules/push_button.ko,file,14744,0o644
lib/modules/scm-led.ko,file,25240,0o644
lib/modules/sip,dir,60,0o755
lib/modules/sip/sip.ko,file,104016,0o644
lib/modules/sslvpn,dir,60,0o755
lib/modules/sslvpn/n_hdlc.ko,file,31264,0o644
lib/modules/swdrv,dir,80,0o755
lib/modules/swdrv/bcm5398.ko,file,39392,0o644
lib/modules/swdrv/mii.ko,file,5552,0o644
lib/modules/umi,dir,60,0o755
lib/modules/umi/umi.ko,file,32272,0o644
lib/modules/vipsec,dir,60,0o755
lib/modules/vipsec/vipsec.ko,file,965696,0o644
lib/modules/wl.ko,file,5222416,0o644
lib/modules/xlr8Nat,dir,60,0o755
lib/modules/xlr8Nat/xlr8Nat.ko,file,61728,0o644
lib/pptpLuaLib.so,file,7468,0o755
lib/pptpd-logwtmp.so,file,5188,0o755
lib/protectlinkLib.so,file,4884,0o755
lib/qcinfo,file,10012,0o755
lib/quickvpnLuaLib.so,file,7512,0o755
lib/rp-pppoe.so,file,28708,0o755
lib/sslvpnLuaLib.so,file,501236,0o755
lib/timeLib.so,file,7704,0o755
lib/x509Lib.so,file,18932,0o755
share,dir,60,0o755
share/lua,dir,60,0o755
share/lua/5.1,dir,240,0o755
share/lua/5.1/cgilua,dir,200,0o755
share/lua/5.1/cgilua/config.lua,file,1176,0o644
share/lua/5.1/cgilua/cookies.lua,file,3111,0o644
share/lua/5.1/cgilua/lp.lua,file,4390,0o644
share/lua/5.1/cgilua/post.lua,file,9643,0o644
share/lua/5.1/cgilua/readuntil.lua,file,1491,0o644
share/lua/5.1/cgilua/serialize.lua,file,3023,0o644
share/lua/5.1/cgilua/session.lua,file,6443,0o644
share/lua/5.1/cgilua/urlcode.lua,file,3322,0o644
share/lua/5.1/cgilua.lua,file,18841,0o644
share/lua/5.1/copas.lua,file,10454,0o644
share/lua/5.1/ltn12.lua,file,8177,0o644
share/lua/5.1/mime.lua,file,2415,0o644
share/lua/5.1/sapi,dir,60,0o755
share/lua/5.1/sapi/cgi,dir,100,0o755
share/lua/5.1/sapi/cgi/info.lua,file,424,0o644
share/lua/5.1/sapi/cgi/request.lua,file,490,0o644
share/lua/5.1/sapi/cgi/response.lua,file,843,0o644
share/lua/5.1/socket,dir,140,0o755
share/lua/5.1/socket/ftp.lua,file,9103,0o644
share/lua/5.1/socket/http.lua,file,11417,0o644
share/lua/5.1/socket/smtp.lua,file,7776,0o644
share/lua/5.1/socket/tp.lua,file,3608,0o644
share/lua/5.1/socket/url.lua,file,10529,0o644
share/lua/5.1/socket.lua,file,4061,0o644
share/lua/5.1/stable.lua,file,1121,0o644
share/lua/5.1/teamf1lualib,dir,1900,0o755
share/lua/5.1/teamf1lualib/6to4.lua,file,1652,0o644
share/lua/5.1/teamf1lualib/6to4CLI.lua,file,3300,0o644
share/lua/5.1/teamf1lualib/8021pRemark.lua,file,4154,0o644
share/lua/5.1/teamf1lualib/I18N.lua,file,753,0o755
share/lua/5.1/teamf1lualib/advancedDhcp.lua,file,8168,0o644
share/lua/5.1/teamf1lualib/attackChecks.lua,file,2115,0o644
share/lua/5.1/teamf1lualib/bonjour.lua,file,11958,0o755
share/lua/5.1/teamf1lualib/bridgeLib.lua,file,916,0o644
share/lua/5.1/teamf1lualib/bwLimit.lua,file,14594,0o755
share/lua/5.1/teamf1lualib/bwLimitCLI.lua,file,12257,0o644
share/lua/5.1/teamf1lualib/bwLimitMax.lua,file,4982,0o755
share/lua/5.1/teamf1lualib/config.lua,file,8000,0o755
share/lua/5.1/teamf1lualib/config_comps.lua,file,738,0o644
share/lua/5.1/teamf1lualib/crontab.lua,file,2671,0o644
share/lua/5.1/teamf1lualib/db.lua,file,36800,0o755
share/lua/5.1/teamf1lualib/ddns.lua,file,2657,0o755
share/lua/5.1/teamf1lualib/dhcp.lua,file,6944,0o755
share/lua/5.1/teamf1lualib/dhcpc.lua,file,774,0o644
share/lua/5.1/teamf1lualib/dmz.lua,file,1040,0o755
share/lua/5.1/teamf1lualib/dot11.lua,file,17294,0o644
share/lua/5.1/teamf1lualib/dot11ConfigCLI.lua,file,30971,0o644
share/lua/5.1/teamf1lualib/dot11ShowCLI.lua,file,28827,0o644
share/lua/5.1/teamf1lualib/dot11View.lua,file,35525,0o644
share/lua/5.1/teamf1lualib/ethernet.lua,file,1677,0o644
share/lua/5.1/teamf1lualib/ethernetCLI.lua,file,5854,0o644
share/lua/5.1/teamf1lualib/firewall.lua,file,5069,0o644
share/lua/5.1/teamf1lualib/fwRules.lua,file,785,0o755
share/lua/5.1/teamf1lualib/fwView.lua,file,56724,0o755
share/lua/5.1/teamf1lualib/ifDev.lua,file,6285,0o644
share/lua/5.1/teamf1lualib/ifDevCLI.lua,file,7384,0o644
share/lua/5.1/teamf1lualib/ifStatic.lua,file,791,0o644
share/lua/5.1/teamf1lualib/igmp.lua,file,2684,0o644
share/lua/5.1/teamf1lualib/iproute.lua,file,6676,0o755
share/lua/5.1/teamf1lualib/iprouteCLI.lua,file,9275,0o644
share/lua/5.1/teamf1lualib/isatapCLI.lua,file,2677,0o644
share/lua/5.1/teamf1lualib/json.lua,file,15775,0o644
share/lua/5.1/teamf1lualib/jumbo.lua,file,1112,0o644
share/lua/5.1/teamf1lualib/l2tp.lua,file,2473,0o644
share/lua/5.1/teamf1lualib/lan.lua,file,5703,0o644
share/lua/5.1/teamf1lualib/lanGroups.lua,file,3502,0o755
share/lua/5.1/teamf1lualib/lang.lua,file,4219,0o644
share/lua/5.1/teamf1lualib/linkList.lua,file,4256,0o755
share/lua/5.1/teamf1lualib/logConfig.lua,file,2860,0o644
share/lua/5.1/teamf1lualib/logging.lua,file,39249,0o644
share/lua/5.1/teamf1lualib/loggingCLI.lua,file,7985,0o644
share/lua/5.1/teamf1lualib/login.lua,file,13811,0o644
share/lua/5.1/teamf1lualib/multiLan.lua,file,2263,0o755
share/lua/5.1/teamf1lualib/nat.lua,file,747,0o644
share/lua/5.1/teamf1lualib/net-snmp.lua,file,5110,0o644
share/lua/5.1/teamf1lualib/nimf.lua,file,763,0o644
share/lua/5.1/teamf1lualib/nimfView.lua,file,57521,0o644
share/lua/5.1/teamf1lualib/nimfWanStatus.lua,file,1245,0o644
share/lua/5.1/teamf1lualib/portManagementCLI.lua,file,2357,0o644
share/lua/5.1/teamf1lualib/portMgmt.lua,file,11950,0o755
share/lua/5.1/teamf1lualib/pppoe.lua,file,3592,0o644
share/lua/5.1/teamf1lualib/pptp.lua,file,2411,0o644
share/lua/5.1/teamf1lualib/pptpServer.lua,file,2573,0o644
share/lua/5.1/teamf1lualib/protocolBinding.lua,file,2897,0o755
share/lua/5.1/teamf1lualib/pwdComplexity.lua,file,1080,0o644
share/lua/5.1/teamf1lualib/qos.lua,file,4154,0o644
share/lua/5.1/teamf1lualib/quickVpnClients.lua,file,14786,0o644
share/lua/5.1/teamf1lualib/radius.lua,file,1528,0o644
share/lua/5.1/teamf1lualib/radiusCLI.lua,file,4185,0o644
share/lua/5.1/teamf1lualib/radvd.lua,file,2945,0o755
share/lua/5.1/teamf1lualib/radvdCLI.lua,file,6211,0o644
share/lua/5.1/teamf1lualib/rip.lua,file,1918,0o644
share/lua/5.1/teamf1lualib/ripng.lua,file,1026,0o644
share/lua/5.1/teamf1lualib/sip.lua,file,759,0o644
share/lua/5.1/teamf1lualib/snmpCLI.lua,file,4468,0o644
share/lua/5.1/teamf1lualib/sshd.lua,file,1055,0o644
share/lua/5.1/teamf1lualib/sslAdmin.lua,file,23298,0o644
share/lua/5.1/teamf1lualib/sslvpn.lua,file,17575,0o644
share/lua/5.1/teamf1lualib/systemCLI.lua,file,16900,0o644
share/lua/5.1/teamf1lualib/tcpdump.lua,file,3835,0o644
share/lua/5.1/teamf1lualib/time.lua,file,3424,0o644
share/lua/5.1/teamf1lualib/timeCLI.lua,file,1445,0o644
share/lua/5.1/teamf1lualib/upnp.lua,file,5105,0o755
share/lua/5.1/teamf1lualib/upnpCLI.lua,file,2220,0o644
share/lua/5.1/teamf1lualib/urlFilter.lua,file,20055,0o644
share/lua/5.1/teamf1lualib/user.lua,file,1401,0o644
share/lua/5.1/teamf1lualib/util.lua,file,21756,0o644
share/lua/5.1/teamf1lualib/utilitiesCLI.lua,file,2264,0o644
share/lua/5.1/teamf1lualib/validations.lua,file,45679,0o644
share/lua/5.1/teamf1lualib/vipSecure.lua,file,62888,0o755
share/lua/5.1/teamf1lualib/vlan.lua,file,9120,0o644
share/lua/5.1/teamf1lualib/vlanConfig.lua,file,34376,0o755
share/lua/5.1/teamf1lualib/vlanMembership.lua,file,28466,0o644
share/lua/5.1/teamf1lualib/wds.lua,file,6069,0o644
share/lua/5.1/teamf1lualib/web.lua,file,4715,0o644
share/lua/5.1/teamf1lualib/wirelessBasicSettings.lua,file,15343,0o644
share/lua/5.1/teamf1lualib/wizard.lua,file,34329,0o644
share/lua/5.1/teamf1lualib/wps.lua,file,2216,0o644
share/lua/5.1/teamf1lualib/x509.lua,file,10877,0o644
sslvpn,dir,140,0o755
sslvpn/bin,dir,220,0o755
sslvpn/bin/firebase,file,102716,0o755
sslvpn/bin/httpd,file,104140,0o755
sslvpn/bin/ip-down.local,file,5712,0o755
sslvpn/bin/ip-down.local.sh,file,296,0o755
sslvpn/bin/ip-up.local,file,9932,0o755
sslvpn/bin/ip6-down.local.sh,file,300,0o755
sslvpn/bin/iptables_manage,file,8836,0o755
sslvpn/bin/smm,file,191648,0o755
sslvpn/bin/sslvpn-pppd,file,99740,0o755
sslvpn/uiaddon,symlink,19,0o777
sslvpn/var,symlink,15,0o777
sslvpn/var.default,dir,160,0o755
sslvpn/var.default/ca,dir,60,0o755
sslvpn/var.default/ca/ca-bundle.crt,file,244395,0o755
sslvpn/var.default/cert,dir,120,0o755
sslvpn/var.default/cert/default,dir,100,0o755
sslvpn/var.default/cert/default/password.sh,file,0,0o755
sslvpn/var.default/cert/default/server.crt,file,920,0o755
sslvpn/var.default/cert/default/server.key,file,887,0o755
sslvpn/var.default/cert/password.sh,symlink,19,0o777
sslvpn/var.default/cert/server.crt,symlink,18,0o777
sslvpn/var.default/cert/server.key,symlink,18,0o777
sslvpn/var.default/conf,dir,120,0o755
sslvpn/var.default/conf/firebase.conf,file,65,0o755
sslvpn/var.default/conf/firebase.default,file,65,0o755
sslvpn/var.default/conf/smm.conf,file,26,0o755
sslvpn/var.default/conf/smm.default,file,26,0o755
sslvpn/var.default/httpd.sh,file,419,0o755
sslvpn/var.default/images,dir,40,0o755
sslvpn/var.default/locks,dir,40,0o755
sslvpn/www,dir,100,0o755
sslvpn/www/cert-bin,dir,60,0o755
sslvpn/www/cert-bin/certVerifyLogin,symlink,38,0o777
sslvpn/www/conf,symlink,20,0o777
sslvpn/www/htdocs,dir,400,0o755
sslvpn/www/htdocs/JavaVT.jar,file,24229,0o755
sslvpn/www/htdocs/SignedInstaller.jar,file,17616,0o755
sslvpn/www/htdocs/SignedMacVPClient.jar,file,75316,0o755
sslvpn/www/htdocs/SignedVPClient.jar,file,367652,0o755
sslvpn/www/htdocs/VPInstall.cab,file,186714,0o755
sslvpn/www/htdocs/VPInstall64.cab,file,216610,0o755
sslvpn/www/htdocs/VirtualTransport.cab,file,148880,0o755
sslvpn/www/htdocs/VirtualTransport_64.cab,file,234260,0o755
sslvpn/www/htdocs/WebCacheCleaner.cab,file,21712,0o755
sslvpn/www/htdocs/WebCacheCleaner_64.cab,file,34340,0o755
sslvpn/www/htdocs/WindowsVPDialer.jar,file,96281,0o755
sslvpn/www/htdocs/WindowsVPInstaller.jar,file,9911,0o755
sslvpn/www/htdocs/WindowsVTConnect.jar,file,157756,0o755
sslvpn/www/htdocs/WindowsVTInstaller.jar,file,9535,0o755
sslvpn/www/htdocs/XTunnel.cab,file,82563,0o755
sslvpn/www/htdocs/XTunnel64.cab,file,116151,0o755
sslvpn/www/htdocs/cavindex.htm,file,107,0o755
sslvpn/www/htdocs/nohttps,dir,100,0o755
sslvpn/www/htdocs/nohttps/css,symlink,20,0o777
sslvpn/www/htdocs/nohttps/images,symlink,23,0o777
sslvpn/www/htdocs/nohttps/js-trend,symlink,19,0o777
var,dir,140,0o755
var/linuxigd,dir,160,0o755
var/linuxigd/.svn,dir,140,0o755
var/linuxigd/.svn/entries,file,1011,0o444
var/linuxigd/.svn/prop-base,dir,140,0o755
var/linuxigd/.svn/prop-base/dummy.xml.svn-base,file,30,0o444
var/linuxigd/.svn/prop-base/gateconnSCPD.xml.svn-base,file,30,0o444
var/linuxigd/.svn/prop-base/gatedesc.xml.svn-base,file,30,0o444
var/linuxigd/.svn/prop-base/gateicfgSCPD.xml.svn-base,file,30,0o444
var/linuxigd/.svn/prop-base/upnpd.conf.svn-base,file,30,0o444
var/linuxigd/.svn/props,dir,40,0o755
var/linuxigd/.svn/text-base,dir,140,0o755
var/linuxigd/.svn/text-base/dummy.xml.svn-base,file,195,0o444
var/linuxigd/.svn/text-base/gateconnSCPD.xml.svn-base,file,12927,0o444
var/linuxigd/.svn/text-base/gatedesc.xml.svn-base,file,3495,0o444
var/linuxigd/.svn/text-base/gateicfgSCPD.xml.svn-base,file,4175,0o444
var/linuxigd/.svn/text-base/upnpd.conf.svn-base,file,1893,0o444
var/linuxigd/.svn/tmp,dir,100,0o755
var/linuxigd/.svn/tmp/prop-base,dir,40,0o755
var/linuxigd/.svn/tmp/props,dir,40,0o755
var/linuxigd/.svn/tmp/text-base,dir,40,0o755
var/linuxigd/dummy.xml,file,195,0o755
var/linuxigd/gateconnSCPD.xml,file,12927,0o755
var/linuxigd/gatedesc.xml,file,3495,0o755
var/linuxigd/gateicfgSCPD.xml,file,4175,0o755
var/linuxigd/upnpd.conf,file,1893,0o755
var/ppp-ip-down,file,808,0o755
var/ppp-ip-up,file,1074,0o755
var/rp-pppoe.so,file,28708,0o755
var/www,dir,7160,0o755
var/www/6to4TunnelIpv6.htm,file,19587,0o644
var/www/802IpMap.htm,file,11238,0o644
var/www/802IxConfig.htm,file,8872,0o644
var/www/ChangePasswd.htm,file,216,0o644
var/www/StartConnection.htm,file,216,0o644
var/www/StopConnection.htm,file,216,0o644
var/www/aboutPop.htm,file,1982,0o644
var/www/accessRuleConfig.htm,file,33858,0o644
var/www/accessRuleMoveJS.htm,file,236,0o644
var/www/accessRules.htm,file,26195,0o644
var/www/accessRulesJS.htm,file,1028,0o644
var/www/accessRulesMove.htm,file,20077,0o644
var/www/accessRulesMoveIPv6.htm,file,19897,0o644
var/www/activeUsers.htm,file,5890,0o644
var/www/advNat.htm,file,9018,0o644
var/www/advNatConfig.htm,file,12278,0o644
var/www/advNatConfigJS.htm,file,1242,0o644
var/www/advancedDhcp.htm,file,15749,0o644
var/www/advancedDhcpConfig.htm,file,6344,0o644
var/www/advancedDhcpConfigJS.htm,file,778,0o644
var/www/apConfig.htm,file,28811,0o644
var/www/apConfigJS.htm,file,677,0o644
var/www/apStatus.htm,file,10109,0o644
var/www/approvedUrls.htm,file,18105,0o644
var/www/approvedUrlsEditable.htm,file,8939,0o644
var/www/attacks.htm,file,9293,0o644
var/www/autoRefresh.htm,file,463,0o644
var/www/availableLanHosts.htm,file,8516,0o644
var/www/backup.lua,file,566,0o644
var/www/backupMirror.lua,file,573,0o644
var/www/backupRestore.htm,file,15711,0o644
var/www/bandwidthProfiles.htm,file,26907,0o644
var/www/bandwidthProfilesEditable.htm,file,14368,0o644
var/www/blank.htm,file,126,0o644
var/www/blocked.htm,file,750,0o644
var/www/blockedKeywords.htm,file,15758,0o644
var/www/blockedKeywordsEditable.htm,file,9156,0o644
var/www/bonjourConfig.htm,file,7006,0o644
var/www/bwProfilesJS.htm,file,1573,0o644
var/www/captPacket.htm,file,3805,0o644
var/www/checkBridgeMac.htm,file,4765,0o644
var/www/checkNetwork.htm,file,1215,0o644
var/www/checkRepeaterMac.htm,file,4841,0o644
var/www/ciscoTechSupportHelp.htm,file,2036,0o644
var/www/connectionTypeHelp.htm,file,1668,0o644
var/www/contentFiltering.htm,file,7874,0o644
var/www/contentFilteringEditable.htm,file,13166,0o644
var/www/csvConfig.htm,file,5232,0o644
var/www/csvConfigJS.htm,file,656,0o644
var/www/customServices.htm,file,9045,0o644
var/www/customServicesConfig.htm,file,13159,0o644
var/www/customServicesJS.htm,file,1383,0o644
var/www/dashBoard.htm,file,47488,0o644
var/www/dashBoardJS.htm,file,343,0o644
var/www/dbglog.cgi,file,342,0o755
var/www/dbglog.lua,file,1615,0o644
var/www/ddns.htm,file,13242,0o644
var/www/ddnsJS.htm,file,1144,0o644
var/www/definedAddressConfig.htm,file,7979,0o644
var/www/dhcpLeasedClients.htm,file,3992,0o644
var/www/diagDisplay.htm,file,3136,0o644
var/www/diagPtrace.htm,file,10550,0o644
var/www/diagnostics.htm,file,10863,0o644
var/www/diagnosticsJS.htm,file,1022,0o644
var/www/dmzSetup.htm,file,7522,0o644
var/www/download.lua,file,385,0o644
var/www/downloadCert.lua,file,440,0o644
var/www/downloadCertAdmin.lua,file,342,0o644
var/www/downloadSelfSignedCert.lua,file,448,0o644
var/www/dscpRemark.htm,file,10575,0o644
var/www/editTableValidations.htm,file,1131,0o644
var/www/emailLogsConfig.htm,file,44878,0o644
var/www/emailLogsConfigJS.htm,file,1486,0o644
var/www/errorPage.htm,file,1521,0o644
var/www/errors,dir,280,0o755
var/www/errors/err200.html,file,559,0o644
var/www/errors/err301.html,file,587,0o644
var/www/errors/err302.html,file,575,0o644
var/www/errors/err304.html,file,582,0o644
var/www/errors/err400.html,file,581,0o644
var/www/errors/err401.html,file,582,0o644
var/www/errors/err403.html,file,579,0o644
var/www/errors/err404.html,file,579,0o644
var/www/errors/err408.html,file,585,0o644
var/www/errors/err500.html,file,584,0o644
var/www/errors/err501.html,file,585,0o644
var/www/errors/err503.html,file,600,0o644
var/www/facDefWizard.htm,file,146932,0o644
var/www/firewallRules.htm,file,2754,0o644
var/www/footer.htm,file,59,0o644
var/www/forcedLogin.htm,file,4530,0o644
var/www/fwRulesConfigIpv6.htm,file,21503,0o644
var/www/fwRulesIpv6.htm,file,25280,0o644
var/www/fwSessionConfig.htm,file,11204,0o644
var/www/fwSessionConfigJS.htm,file,935,0o644
var/www/generateSelfCertReq.htm,file,8702,0o644
var/www/getHelp.htm,file,2437,0o644
var/www/getRadarStatus.htm,file,832,0o644
var/www/getTextSumry.htm,file,309,0o644
var/www/getUser.htm,file,474,0o644
var/www/gettingStarted.htm,file,8525,0o644
var/www/groups.htm,file,6816,0o644
var/www/groupsConfig.htm,file,8918,0o644
var/www/groupsJS.htm,file,347,0o644
var/www/havp,dir,60,0o755
var/www/havp/templates,dir,60,0o755
var/www/havp/templates/en,dir,380,0o755
var/www/havp/templates/en/block_teamf1.htm,file,1614,0o644
var/www/havp/templates/en/blockpage_browser.htm,file,1744,0o644
var/www/havp/templates/en/blockpage_busy.htm,file,1981,0o644
var/www/havp/templates/en/blockpage_lowscore.htm,file,1720,0o644
var/www/havp/templates/en/blockpage_no_av.htm,file,1730,0o644
var/www/havp/templates/en/blockpage_pattern.htm,file,1777,0o644
var/www/havp/templates/en/blockpage_pe.htm,file,3225,0o644
var/www/havp/templates/en/blockpage_reasses.htm,file,3349,0o644
var/www/havp/templates/en/blockpage_url.htm,file,1706,0o644
var/www/havp/templates/en/dns.html,file,1586,0o644
var/www/havp/templates/en/down.html,file,1561,0o644
var/www/havp/templates/en/error.html,file,1592,0o644
var/www/havp/templates/en/invalid.html,file,1569,0o644
var/www/havp/templates/en/maxsize.html,file,1625,0o644
var/www/havp/templates/en/request.html,file,1565,0o644
var/www/havp/templates/en/scanner.html,file,1587,0o644
var/www/havp/templates/en/virus.html,file,1626,0o644
var/www/help,dir,140,0o755
var/www/help/de,dir,9060,0o755
var/www/help/de/8021x_authentication.htm,file,327,0o644
var/www/help/de/Glossar.htm,file,332,0o644
var/www/help/de/Protect_Link01.htm,file,3421,0o644
var/www/help/de/Protect_Link02.htm,file,4538,0o644
var/www/help/de/Protect_Link03.htm,file,2801,0o644
var/www/help/de/Protect_Link04.htm,file,4907,0o644
var/www/help/de/Protect_Link05.htm,file,5031,0o644
var/www/help/de/Protect_Link07.htm,file,3725,0o644
var/www/help/de/Protect_Link08.htm,file,4439,0o644
var/www/help/de/Protect_Link09.htm,file,7724,0o644
var/www/help/de/Protect_Link11.htm,file,3943,0o644
var/www/help/de/Protect_Link12.htm,file,2617,0o644
var/www/help/de/VPN_defaults.htm,file,313,0o644
var/www/help/de/access_priorities.htm,file,327,0o644
var/www/help/de/access_rules.htm,file,328,0o644
var/www/help/de/active_users.htm,file,325,0o644
var/www/help/de/add_access_rules.htm,file,327,0o644
var/www/help/de/add_port_rules.htm,file,327,0o644
var/www/help/de/admin_language.htm,file,333,0o644
var/www/help/de/administering01.htm,file,4469,0o644
var/www/help/de/administering02.htm,file,3166,0o644
var/www/help/de/administering03.htm,file,5350,0o644
var/www/help/de/administering04.htm,file,6125,0o644
var/www/help/de/administering05.htm,file,3096,0o644
var/www/help/de/administering06.htm,file,3480,0o644
var/www/help/de/administering07.htm,file,3807,0o644
var/www/help/de/administering08.htm,file,5827,0o644
var/www/help/de/administering09.htm,file,2955,0o644
var/www/help/de/administering10.htm,file,3847,0o644
var/www/help/de/administering11.htm,file,4117,0o644
var/www/help/de/administering12.htm,file,3336,0o644
var/www/help/de/administering13.htm,file,5619,0o644
var/www/help/de/administering14.htm,file,6452,0o644
var/www/help/de/administering15.htm,file,3895,0o644
var/www/help/de/administering16.htm,file,4654,0o644
var/www/help/de/administering17.htm,file,7178,0o644
var/www/help/de/administering18.htm,file,2794,0o644
var/www/help/de/administering19.htm,file,3075,0o644
var/www/help/de/administering20.htm,file,6971,0o644
var/www/help/de/administering21.htm,file,4701,0o644
var/www/help/de/administering22.htm,file,3762,0o644
var/www/help/de/administering23.htm,file,3888,0o644
var/www/help/de/administering24.htm,file,3826,0o644
var/www/help/de/administering25.htm,file,9607,0o644
var/www/help/de/administering26.htm,file,2543,0o644
var/www/help/de/administering27.htm,file,6207,0o644
var/www/help/de/administering28.htm,file,3511,0o644
var/www/help/de/administering29.htm,file,2745,0o644
var/www/help/de/administering30.htm,file,2929,0o644
var/www/help/de/administering31.htm,file,4033,0o644
var/www/help/de/administering32.htm,file,5259,0o644
var/www/help/de/administering33.htm,file,6824,0o644
var/www/help/de/administering34.htm,file,10161,0o644
var/www/help/de/administering35.htm,file,2554,0o644
var/www/help/de/administering36.htm,file,5017,0o644
var/www/help/de/administering37.htm,file,6079,0o644
var/www/help/de/administering38.htm,file,6085,0o644
var/www/help/de/administering39.htm,file,5266,0o644
var/www/help/de/administering40.htm,file,2661,0o644
var/www/help/de/administering41.htm,file,9525,0o644
var/www/help/de/administering42.htm,file,2689,0o644
var/www/help/de/administering43.htm,file,4818,0o644
var/www/help/de/administering44.htm,file,2437,0o644
var/www/help/de/administering45.htm,file,3335,0o644
var/www/help/de/administration_intro.htm,file,332,0o644
var/www/help/de/advanced_dhcp.htm,file,329,0o644
var/www/help/de/advanced_firwall_intro.htm,file,327,0o644
var/www/help/de/allowed_networks.htm,file,327,0o644
var/www/help/de/attack_prevention.htm,file,327,0o644
var/www/help/de/backup_restore.htm,file,332,0o644
var/www/help/de/bonjour.htm,file,333,0o644
var/www/help/de/captures.htm,file,332,0o644
var/www/help/de/certificates.htm,file,327,0o644
var/www/help/de/certificates_active.htm,file,327,0o644
var/www/help/de/certificates_request.htm,file,327,0o644
var/www/help/de/certificates_trusted.htm,file,327,0o644
var/www/help/de/certificates_view.htm,file,327,0o644
var/www/help/de/config.js,file,2882,0o644
var/www/help/de/configuration_intro.htm,file,323,0o644
var/www/help/de/connected_clients.htm,file,327,0o644
var/www/help/de/content_filtering.htm,file,327,0o644
var/www/help/de/cos_dscp.htm,file,321,0o644
var/www/help/de/cos_intro.htm,file,321,0o644
var/www/help/de/cos_settings.htm,file,321,0o644
var/www/help/de/csv_create.htm,file,332,0o644
var/www/help/de/csv_import.htm,file,332,0o644
var/www/help/de/csv_intro.htm,file,332,0o644
var/www/help/de/de_glossary_RV1.htm,file,9159,0o644
var/www/help/de/default_outbound.htm,file,328,0o644
var/www/help/de/dhcp_clients.htm,file,329,0o644
var/www/help/de/dhcp_config.htm,file,320,0o644
var/www/help/de/diagnostics_intro.htm,file,332,0o644
var/www/help/de/discovery_intro.htm,file,332,0o644
var/www/help/de/dmz_host.htm,file,327,0o644
var/www/help/de/domains_intro.htm,file,332,0o644
var/www/help/de/domains_settings.htm,file,332,0o644
var/www/help/de/domains_table.htm,file,332,0o644
var/www/help/de/dynamic_DNS.htm,file,329,0o644
var/www/help/de/dynamic_routing.htm,file,329,0o644
var/www/help/de/filename_hlp.js,file,24879,0o644
var/www/help/de/filename_sch.js,file,172205,0o644
var/www/help/de/firewall01.htm,file,3700,0o644
var/www/help/de/firewall02.htm,file,6440,0o644
var/www/help/de/firewall03.htm,file,2995,0o644
var/www/help/de/firewall04.htm,file,7530,0o644
var/www/help/de/firewall05.htm,file,14931,0o644
var/www/help/de/firewall06.htm,file,5539,0o644
var/www/help/de/firewall07.htm,file,6610,0o644
var/www/help/de/firewall08.htm,file,9870,0o644
var/www/help/de/firewall09.htm,file,3971,0o644
var/www/help/de/firewall10.htm,file,4678,0o644
var/www/help/de/firewall11.htm,file,3925,0o644
var/www/help/de/firewall12.htm,file,4556,0o644
var/www/help/de/firewall13.htm,file,2922,0o644
var/www/help/de/firewall14.htm,file,5614,0o644
var/www/help/de/firewall15.htm,file,11348,0o644
var/www/help/de/firewall16.htm,file,4167,0o644
var/www/help/de/firewall17.htm,file,3408,0o644
var/www/help/de/firewall18.htm,file,2692,0o644
var/www/help/de/firewall19.htm,file,5247,0o644
var/www/help/de/firewall20.htm,file,3808,0o644
var/www/help/de/firewall21.htm,file,6566,0o644
var/www/help/de/firewall22.htm,file,4646,0o644
var/www/help/de/firewall23.htm,file,2928,0o644
var/www/help/de/firewall24.htm,file,4472,0o644
var/www/help/de/firewall25.htm,file,4490,0o644
var/www/help/de/firewall26.htm,file,2724,0o644
var/www/help/de/firewall27.htm,file,3738,0o644
var/www/help/de/firewall28.htm,file,4911,0o644
var/www/help/de/firewall29.htm,file,5243,0o644
var/www/help/de/firewall30.htm,file,3429,0o644
var/www/help/de/firewall31.htm,file,5296,0o644
var/www/help/de/firewall32.htm,file,4234,0o644
var/www/help/de/firewall33.htm,file,3043,0o644
var/www/help/de/firewall34.htm,file,15178,0o644
var/www/help/de/firewall_examples.htm,file,327,0o644
var/www/help/de/firewall_features.htm,file,327,0o644
var/www/help/de/firewall_intro.htm,file,327,0o644
var/www/help/de/firewall_logs.htm,file,332,0o644
var/www/help/de/firewall_mac.htm,file,327,0o644
var/www/help/de/firmware_upgrade.htm,file,332,0o644
var/www/help/de/ftiens4.js,file,34532,0o644
var/www/help/de/getting_started.htm,file,323,0o644
var/www/help/de/group_settings.htm,file,332,0o644
var/www/help/de/groups_intro.htm,file,332,0o644
var/www/help/de/groups_table.htm,file,332,0o644
var/www/help/de/help_Security_Protection_License.htm,file,2545,0o644
var/www/help/de/help_Security_Protection_URL.htm,file,2578,0o644
var/www/help/de/igmp_intro.htm,file,327,0o644
var/www/help/de/igmp_table.htm,file,327,0o644
var/www/help/de/ike_policies.htm,file,322,0o644
var/www/help/de/index.htm,file,15319,0o644
var/www/help/de/indexEnter.htm,file,7854,0o644
var/www/help/de/indexList.htm,file,2371,0o644
var/www/help/de/interface_statistics.htm,file,325,0o644
var/www/help/de/intro.htm,file,323,0o644
var/www/help/de/intro1.htm,file,2746,0o644
var/www/help/de/intro2.htm,file,3499,0o644
var/www/help/de/intro3.htm,file,3505,0o644
var/www/help/de/intro4.htm,file,3558,0o644
var/www/help/de/intro5.htm,file,3980,0o644
var/www/help/de/intro6.htm,file,5085,0o644
var/www/help/de/intro7.htm,file,3438,0o644
var/www/help/de/intro8.htm,file,5202,0o644
var/www/help/de/ipmac_binding.htm,file,327,0o644
var/www/help/de/ipmode.htm,file,329,0o644
var/www/help/de/ipsec_status.htm,file,325,0o644
var/www/help/de/ipv6_intro.htm,file,329,0o644
var/www/help/de/ipv6_lan.htm,file,330,0o644
var/www/help/de/ipv6_static_intro.htm,file,329,0o644
var/www/help/de/ipv6_static_managing.htm,file,329,0o644
var/www/help/de/ipv6_static_settings.htm,file,329,0o644
var/www/help/de/ipv6_tunneling.htm,file,329,0o644
var/www/help/de/ipv6_wan.htm,file,329,0o644
var/www/help/de/isatap.htm,file,329,0o644
var/www/help/de/jumbo.htm,file,329,0o644
var/www/help/de/lan_hosts.htm,file,326,0o644
var/www/help/de/lan_ipv4_intro.htm,file,329,0o644
var/www/help/de/lan_ipv4_settings.htm,file,329,0o644
var/www/help/de/links.htm,file,327,0o644
var/www/help/de/log_policies_intro.htm,file,332,0o644
var/www/help/de/log_policies_settings.htm,file,332,0o644
var/www/help/de/log_policies_table.htm,file,332,0o644
var/www/help/de/logging_intro.htm,file,332,0o644
var/www/help/de/mac_filtering.htm,file,327,0o644
var/www/help/de/multivlan_intro.htm,file,329,0o644
var/www/help/de/multivlan_settings.htm,file,329,0o644
var/www/help/de/multivlan_table.htm,file,329,0o644
var/www/help/de/nat_intro.htm,file,327,0o644
var/www/help/de/nat_managing.htm,file,327,0o644
var/www/help/de/nat_settings.htm,file,327,0o644
var/www/help/de/navpane_idx.htm,file,1529,0o644
var/www/help/de/navpane_toc.htm,file,1462,0o644
var/www/help/de/navtabs_idx.htm,file,2554,0o644
var/www/help/de/navtabs_toc.htm,file,2160,0o644
var/www/help/de/network_tools.htm,file,332,0o644
var/www/help/de/networking01.htm,file,3265,0o644
var/www/help/de/networking02.htm,file,2983,0o644
var/www/help/de/networking03.htm,file,11819,0o644
var/www/help/de/networking04.htm,file,2923,0o644
var/www/help/de/networking05.htm,file,3840,0o644
var/www/help/de/networking06.htm,file,6233,0o644
var/www/help/de/networking07.htm,file,3428,0o644
var/www/help/de/networking08.htm,file,9075,0o644
var/www/help/de/networking09.htm,file,6409,0o644
var/www/help/de/networking10.htm,file,2718,0o644
var/www/help/de/networking11.htm,file,2852,0o644
var/www/help/de/networking12.htm,file,6599,0o644
var/www/help/de/networking13.htm,file,4516,0o644
var/www/help/de/networking14.htm,file,6521,0o644
var/www/help/de/networking15.htm,file,2566,0o644
var/www/help/de/networking16.htm,file,2939,0o644
var/www/help/de/networking17.htm,file,2770,0o644
var/www/help/de/networking18.htm,file,3767,0o644
var/www/help/de/networking19.htm,file,7778,0o644
var/www/help/de/networking20.htm,file,2762,0o644
var/www/help/de/networking21.htm,file,3665,0o644
var/www/help/de/networking22.htm,file,5910,0o644
var/www/help/de/networking23.htm,file,7860,0o644
var/www/help/de/networking24.htm,file,5074,0o644
var/www/help/de/networking25.htm,file,5522,0o644
var/www/help/de/networking26.htm,file,3291,0o644
var/www/help/de/networking27.htm,file,3152,0o644
var/www/help/de/networking28.htm,file,6928,0o644
var/www/help/de/networking29.htm,file,8512,0o644
var/www/help/de/networking30.htm,file,3436,0o644
var/www/help/de/networking31.htm,file,4172,0o644
var/www/help/de/networking32.htm,file,4878,0o644
var/www/help/de/networking33.htm,file,5987,0o644
var/www/help/de/networking34.htm,file,4273,0o644
var/www/help/de/networking35.htm,file,7348,0o644
var/www/help/de/networking36.htm,file,2817,0o644
var/www/help/de/networking37.htm,file,3754,0o644
var/www/help/de/networking38.htm,file,5009,0o644
var/www/help/de/networking_intro.htm,file,329,0o644
var/www/help/de/open_ports.htm,file,325,0o644
var/www/help/de/password_rules.htm,file,333,0o644
var/www/help/de/port_forwarding_intro.htm,file,327,0o644
var/www/help/de/port_forwarding_managing.htm,file,327,0o644
var/www/help/de/port_forwarding_settings.htm,file,327,0o644
var/www/help/de/port_management.htm,file,329,0o644
var/www/help/de/port_statistics.htm,file,325,0o644
var/www/help/de/port_triggering.htm,file,327,0o644
var/www/help/de/port_triggering_managing.htm,file,327,0o644
var/www/help/de/port_triggering_status.htm,file,325,0o644
var/www/help/de/portals_managing.htm,file,322,0o644
var/www/help/de/portals_settings.htm,file,322,0o644
var/www/help/de/pppoe_intro.htm,file,329,0o644
var/www/help/de/pppoe_profiles.htm,file,329,0o644
var/www/help/de/pppoe_settings.htm,file,329,0o644
var/www/help/de/presearch_code.js,file,4331,0o644
var/www/help/de/product_overview.htm,file,323,0o644
var/www/help/de/profile_binding_intro.htm,file,321,0o644
var/www/help/de/profile_binding_settings.htm,file,321,0o644
var/www/help/de/profile_binding_table.htm,file,322,0o644
var/www/help/de/protectlink_clients.htm,file,331,0o644
var/www/help/de/protectlink_global_intro.htm,file,331,0o644
var/www/help/de/protectlink_intro.htm,file,331,0o644
var/www/help/de/protectlink_license.htm,file,349,0o644
var/www/help/de/protectlink_overflow.htm,file,331,0o644
var/www/help/de/protectlink_purchase.htm,file,331,0o644
var/www/help/de/protectlink_renewal.htm,file,331,0o644
var/www/help/de/protectlink_summary.htm,file,331,0o644
var/www/help/de/protectlink_url.htm,file,331,0o644
var/www/help/de/protectlink_urls.htm,file,331,0o644
var/www/help/de/protectlink_web.htm,file,331,0o644
var/www/help/de/protectlink_web_intro.htm,file,345,0o644
var/www/help/de/qos1.htm,file,2797,0o644
var/www/help/de/qos2.htm,file,8521,0o644
var/www/help/de/qos3.htm,file,3132,0o644
var/www/help/de/qos4.htm,file,3723,0o644
var/www/help/de/qos5.htm,file,6116,0o644
var/www/help/de/qos6.htm,file,2641,0o644
var/www/help/de/qos7.htm,file,3470,0o644
var/www/help/de/qos8.htm,file,3555,0o644
var/www/help/de/qos_intro.htm,file,321,0o644
var/www/help/de/qos_profiles.htm,file,321,0o644
var/www/help/de/radius_intro.htm,file,327,0o644
var/www/help/de/radius_settings.htm,file,327,0o644
var/www/help/de/radius_table.htm,file,327,0o644
var/www/help/de/radvd.htm,file,329,0o644
var/www/help/de/radvd_prefixes_intro.htm,file,329,0o644
var/www/help/de/radvd_prefixes_managing.htm,file,329,0o644
var/www/help/de/radvd_prefixes_settings.htm,file,329,0o644
var/www/help/de/reboot.htm,file,332,0o644
var/www/help/de/remote_logging.htm,file,332,0o644
var/www/help/de/remote_management.htm,file,332,0o644
var/www/help/de/restore_defaults.htm,file,332,0o644
var/www/help/de/routing_intro.htm,file,329,0o644
var/www/help/de/routing_mode.htm,file,329,0o644
var/www/help/de/routing_table.htm,file,329,0o644
var/www/help/de/schedules_intro.htm,file,327,0o644
var/www/help/de/schedules_managing.htm,file,327,0o644
var/www/help/de/schedules_settings.htm,file,327,0o644
var/www/help/de/search_results.htm,file,698,0o644
var/www/help/de/searchcode.js,file,8456,0o644
var/www/help/de/security01.htm,file,2911,0o644
var/www/help/de/security02.htm,file,9530,0o644
var/www/help/de/security03.htm,file,2819,0o644
var/www/help/de/security04.htm,file,2805,0o644
var/www/help/de/security05.htm,file,6619,0o644
var/www/help/de/security06.htm,file,2994,0o644
var/www/help/de/security07.htm,file,2720,0o644
var/www/help/de/security08.htm,file,4730,0o644
var/www/help/de/security09.htm,file,4222,0o644
var/www/help/de/security10.htm,file,4522,0o644
var/www/help/de/security_intro.htm,file,327,0o644
var/www/help/de/services_intro.htm,file,327,0o644
var/www/help/de/services_managing.htm,file,327,0o644
var/www/help/de/services_settings.htm,file,327,0o644
var/www/help/de/session_settings.htm,file,327,0o644
var/www/help/de/setup_wizard.htm,file,323,0o644
var/www/help/de/sip_alg.htm,file,327,0o644
var/www/help/de/snmp_acl.htm,file,333,0o644
var/www/help/de/snmp_information.htm,file,332,0o644
var/www/help/de/snmp_intro.htm,file,332,0o644
var/www/help/de/snmp_traps.htm,file,332,0o644
var/www/help/de/snmp_users_intro.htm,file,333,0o644
var/www/help/de/snmp_users_security.htm,file,332,0o644
var/www/help/de/snmp_users_table.htm,file,333,0o644
var/www/help/de/ssid_schedule.htm,file,327,0o644
var/www/help/de/ssl_client_intro.htm,file,323,0o644
var/www/help/de/ssl_client_screen.htm,file,322,0o644
var/www/help/de/ssl_forwarding_intro.htm,file,322,0o644
var/www/help/de/ssl_forwarding_name.htm,file,322,0o644
var/www/help/de/ssl_forwarding_settings.htm,file,322,0o644
var/www/help/de/ssl_forwarding_table.htm,file,322,0o644
var/www/help/de/ssl_policies_intro.htm,file,322,0o644
var/www/help/de/ssl_policies_settings.htm,file,322,0o644
var/www/help/de/ssl_policies_table.htm,file,322,0o644
var/www/help/de/ssl_portal_view.htm,file,322,0o644
var/www/help/de/ssl_resources_intro.htm,file,322,0o644
var/www/help/de/ssl_resources_settings.htm,file,322,0o644
var/www/help/de/ssl_resources_table.htm,file,322,0o644
var/www/help/de/ssl_routes_intro.htm,file,322,0o644
var/www/help/de/ssl_routes_settings.htm,file,322,0o644
var/www/help/de/ssl_routes_table.htm,file,322,0o644
var/www/help/de/ssl_status.htm,file,325,0o644
var/www/help/de/static_dhcp.htm,file,329,0o644
var/www/help/de/static_managing.htm,file,329,0o644
var/www/help/de/static_routes_intro.htm,file,329,0o644
var/www/help/de/static_settings.htm,file,329,0o644
var/www/help/de/status01.htm,file,4081,0o644
var/www/help/de/status02.htm,file,18904,0o644
var/www/help/de/status03.htm,file,12835,0o644
var/www/help/de/status04.htm,file,4494,0o644
var/www/help/de/status05.htm,file,4297,0o644
var/www/help/de/status06.htm,file,4488,0o644
var/www/help/de/status07.htm,file,6868,0o644
var/www/help/de/status08.htm,file,3143,0o644
var/www/help/de/status09.htm,file,3517,0o644
var/www/help/de/status10.htm,file,4630,0o644
var/www/help/de/status11.htm,file,3701,0o644
var/www/help/de/status12.htm,file,3994,0o644
var/www/help/de/status13.htm,file,3100,0o644
var/www/help/de/status14.htm,file,5124,0o644
var/www/help/de/status_dashboard.htm,file,325,0o644
var/www/help/de/status_intro.htm,file,325,0o644
var/www/help/de/suggested_steps.htm,file,323,0o644
var/www/help/de/system_summary.htm,file,325,0o644
var/www/help/de/time.htm,file,332,0o644
var/www/help/de/tocExpand.htm,file,1254,0o644
var/www/help/de/tocFrame.htm,file,1922,0o644
var/www/help/de/tocNodes.js,file,20068,0o644
var/www/help/de/upnp.htm,file,332,0o644
var/www/help/de/url_blocking.htm,file,327,0o644
var/www/help/de/user_byIP.htm,file,332,0o644
var/www/help/de/user_interface.htm,file,323,0o644
var/www/help/de/user_management_intro.htm,file,332,0o644
var/www/help/de/user_policies.htm,file,332,0o644
var/www/help/de/user_settings.htm,file,332,0o644
var/www/help/de/users_byBrowser.htm,file,332,0o644
var/www/help/de/users_intro.htm,file,332,0o644
var/www/help/de/users_table.htm,file,332,0o644
var/www/help/de/view_logs.htm,file,325,0o644
var/www/help/de/vlan_membership.htm,file,329,0o644
var/www/help/de/vpn01.htm,file,3148,0o644
var/www/help/de/vpn02.htm,file,14286,0o644
var/www/help/de/vpn03.htm,file,9094,0o644
var/www/help/de/vpn04.htm,file,3075,0o644
var/www/help/de/vpn05.htm,file,7068,0o644
var/www/help/de/vpn06.htm,file,14239,0o644
var/www/help/de/vpn07.htm,file,17815,0o644
var/www/help/de/vpn08.htm,file,8711,0o644
var/www/help/de/vpn09.htm,file,3591,0o644
var/www/help/de/vpn10.htm,file,4253,0o644
var/www/help/de/vpn11.htm,file,3838,0o644
var/www/help/de/vpn12.htm,file,3441,0o644
var/www/help/de/vpn13.htm,file,3571,0o644
var/www/help/de/vpn14.htm,file,3314,0o644
var/www/help/de/vpn15.htm,file,4726,0o644
var/www/help/de/vpn16.htm,file,6639,0o644
var/www/help/de/vpn17.htm,file,2925,0o644
var/www/help/de/vpn18.htm,file,3480,0o644
var/www/help/de/vpn19.htm,file,5700,0o644
var/www/help/de/vpn20.htm,file,5949,0o644
var/www/help/de/vpn21.htm,file,2733,0o644
var/www/help/de/vpn22.htm,file,3717,0o644
var/www/help/de/vpn23.htm,file,3255,0o644
var/www/help/de/vpn24.htm,file,3127,0o644
var/www/help/de/vpn25.htm,file,5732,0o644
var/www/help/de/vpn26.htm,file,4342,0o644
var/www/help/de/vpn27.htm,file,3836,0o644
var/www/help/de/vpn28.htm,file,3145,0o644
var/www/help/de/vpn29.htm,file,6982,0o644
var/www/help/de/vpn30.htm,file,3125,0o644
var/www/help/de/vpn31.htm,file,3875,0o644
var/www/help/de/vpn32.htm,file,3276,0o644
var/www/help/de/vpn33.htm,file,4284,0o644
var/www/help/de/vpn_access.htm,file,322,0o644
var/www/help/de/vpn_advanced_intro.htm,file,322,0o644
var/www/help/de/vpn_basic.htm,file,322,0o644
var/www/help/de/vpn_config_intro.htm,file,322,0o644
var/www/help/de/vpn_elements.htm,file,322,0o644
var/www/help/de/vpn_intro.htm,file,323,0o644
var/www/help/de/vpn_passthrough.htm,file,322,0o644
var/www/help/de/vpn_policies.htm,file,322,0o644
var/www/help/de/vpn_policies_information.htm,file,322,0o644
var/www/help/de/vpn_portals_intro.htm,file,322,0o644
var/www/help/de/vpn_security.htm,file,322,0o644
var/www/help/de/vpn_server_intro.htm,file,322,0o644
var/www/help/de/vpn_status.htm,file,326,0o644
var/www/help/de/vpn_table.htm,file,322,0o644
var/www/help/de/vpn_users.htm,file,322,0o644
var/www/help/de/wan_ipv4_intro.htm,file,329,0o644
var/www/help/de/wan_ipv4_settings.htm,file,330,0o644
var/www/help/de/wan_traffic.htm,file,332,0o644
var/www/help/de/wds.htm,file,327,0o644
var/www/help/de/wheretogo1.htm,file,5919,0o644
var/www/help/de/wifi_qos.htm,file,327,0o644
var/www/help/de/wireless01.htm,file,2969,0o644
var/www/help/de/wireless02.htm,file,3016,0o644
var/www/help/de/wireless03.htm,file,6967,0o644
var/www/help/de/wireless04.htm,file,3039,0o644
var/www/help/de/wireless05.htm,file,13120,0o644
var/www/help/de/wireless06.htm,file,11043,0o644
var/www/help/de/wireless07.htm,file,5331,0o644
var/www/help/de/wireless08.htm,file,2951,0o644
var/www/help/de/wireless09.htm,file,5534,0o644
var/www/help/de/wireless10.htm,file,4354,0o644
var/www/help/de/wireless11.htm,file,6298,0o644
var/www/help/de/wireless12.htm,file,4828,0o644
var/www/help/de/wireless_advanced.htm,file,327,0o644
var/www/help/de/wireless_basic.htm,file,327,0o644
var/www/help/de/wireless_general.htm,file,327,0o644
var/www/help/de/wireless_intro.htm,file,328,0o644
var/www/help/de/wireless_security.htm,file,327,0o644
var/www/help/de/wireless_security_settings.htm,file,327,0o644
var/www/help/de/wireless_statistics.htm,file,325,0o644
var/www/help/de/wireless_tips.htm,file,327,0o644
var/www/help/de/wizard_password.htm,file,324,0o644
var/www/help/en_US,dir,9100,0o755
var/www/help/en_US/8021x_authentication.htm,file,331,0o644
var/www/help/en_US/Protect_Link01.htm,file,3400,0o644
var/www/help/en_US/Protect_Link02.htm,file,4154,0o644
var/www/help/en_US/Protect_Link03.htm,file,2706,0o644
var/www/help/en_US/Protect_Link04.htm,file,4369,0o644
var/www/help/en_US/Protect_Link05.htm,file,4409,0o644
var/www/help/en_US/Protect_Link07.htm,file,3449,0o644
var/www/help/en_US/Protect_Link08.htm,file,4095,0o644
var/www/help/en_US/Protect_Link09.htm,file,6689,0o644
var/www/help/en_US/Protect_Link11.htm,file,3728,0o644
var/www/help/en_US/Protect_Link12.htm,file,2580,0o644
var/www/help/en_US/VPN_defaults.htm,file,326,0o644
var/www/help/en_US/access_priorities.htm,file,331,0o644
var/www/help/en_US/access_rules.htm,file,331,0o644
var/www/help/en_US/active_users.htm,file,329,0o644
var/www/help/en_US/add_access_rules.htm,file,331,0o644
var/www/help/en_US/add_port_rules.htm,file,331,0o644
var/www/help/en_US/admin_language.htm,file,336,0o644
var/www/help/en_US/administering01.htm,file,4377,0o644
var/www/help/en_US/administering02.htm,file,2866,0o644
var/www/help/en_US/administering03.htm,file,4895,0o644
var/www/help/en_US/administering04.htm,file,5365,0o644
var/www/help/en_US/administering05.htm,file,2955,0o644
var/www/help/en_US/administering06.htm,file,3223,0o644
var/www/help/en_US/administering07.htm,file,3354,0o644
var/www/help/en_US/administering08.htm,file,5228,0o644
var/www/help/en_US/administering09.htm,file,2725,0o644
var/www/help/en_US/administering10.htm,file,3408,0o644
var/www/help/en_US/administering11.htm,file,3788,0o644
var/www/help/en_US/administering12.htm,file,3177,0o644
var/www/help/en_US/administering13.htm,file,4716,0o644
var/www/help/en_US/administering14.htm,file,5789,0o644
var/www/help/en_US/administering15.htm,file,3508,0o644
var/www/help/en_US/administering16.htm,file,4239,0o644
var/www/help/en_US/administering17.htm,file,6334,0o644
var/www/help/en_US/administering18.htm,file,2717,0o644
var/www/help/en_US/administering19.htm,file,2933,0o644
var/www/help/en_US/administering20.htm,file,5779,0o644
var/www/help/en_US/administering21.htm,file,4373,0o644
var/www/help/en_US/administering22.htm,file,3571,0o644
var/www/help/en_US/administering23.htm,file,3560,0o644
var/www/help/en_US/administering24.htm,file,3636,0o644
var/www/help/en_US/administering25.htm,file,8376,0o644
var/www/help/en_US/administering26.htm,file,2472,0o644
var/www/help/en_US/administering27.htm,file,5742,0o644
var/www/help/en_US/administering28.htm,file,3337,0o644
var/www/help/en_US/administering29.htm,file,2621,0o644
var/www/help/en_US/administering30.htm,file,2754,0o644
var/www/help/en_US/administering31.htm,file,3508,0o644
var/www/help/en_US/administering32.htm,file,4751,0o644
var/www/help/en_US/administering33.htm,file,5911,0o644
var/www/help/en_US/administering34.htm,file,8742,0o644
var/www/help/en_US/administering35.htm,file,2478,0o644
var/www/help/en_US/administering36.htm,file,4543,0o644
var/www/help/en_US/administering37.htm,file,5514,0o644
var/www/help/en_US/administering38.htm,file,5589,0o644
var/www/help/en_US/administering39.htm,file,4848,0o644
var/www/help/en_US/administering40.htm,file,2567,0o644
var/www/help/en_US/administering41.htm,file,9248,0o644
var/www/help/en_US/administering42.htm,file,2634,0o644
var/www/help/en_US/administering43.htm,file,4318,0o644
var/www/help/en_US/administering44.htm,file,2393,0o644
var/www/help/en_US/administering45.htm,file,3136,0o644
var/www/help/en_US/administration_intro.htm,file,336,0o644
var/www/help/en_US/advanced_dhcp.htm,file,333,0o644
var/www/help/en_US/advanced_firwall_intro.htm,file,331,0o644
var/www/help/en_US/allowed_networks.htm,file,331,0o644
var/www/help/en_US/attack_prevention.htm,file,331,0o644
var/www/help/en_US/backup_restore.htm,file,336,0o644
var/www/help/en_US/bonjour.htm,file,336,0o644
var/www/help/en_US/captures.htm,file,336,0o644
var/www/help/en_US/certificates.htm,file,331,0o644
var/www/help/en_US/certificates_active.htm,file,331,0o644
var/www/help/en_US/certificates_request.htm,file,331,0o644
var/www/help/en_US/certificates_trusted.htm,file,331,0o644
var/www/help/en_US/certificates_view.htm,file,331,0o644
var/www/help/en_US/config.js,file,2775,0o644
var/www/help/en_US/configuration_intro.htm,file,327,0o644
var/www/help/en_US/connected_clients.htm,file,331,0o644
var/www/help/en_US/content_filtering.htm,file,331,0o644
var/www/help/en_US/cos_dscp.htm,file,325,0o644
var/www/help/en_US/cos_intro.htm,file,325,0o644
var/www/help/en_US/cos_settings.htm,file,325,0o644
var/www/help/en_US/csv_create.htm,file,336,0o644
var/www/help/en_US/csv_import.htm,file,336,0o644
var/www/help/en_US/csv_intro.htm,file,336,0o644
var/www/help/en_US/default_outbound.htm,file,331,0o644
var/www/help/en_US/dhcp_clients.htm,file,333,0o644
var/www/help/en_US/dhcp_config.htm,file,333,0o644
var/www/help/en_US/diagnostics_intro.htm,file,336,0o644
var/www/help/en_US/discovery_intro.htm,file,336,0o644
var/www/help/en_US/dmz_host.htm,file,331,0o644
var/www/help/en_US/domains_intro.htm,file,336,0o644
var/www/help/en_US/domains_settings.htm,file,336,0o644
var/www/help/en_US/domains_table.htm,file,336,0o644
var/www/help/en_US/dynamic_DNS.htm,file,333,0o644
var/www/help/en_US/dynamic_routing.htm,file,333,0o644
var/www/help/en_US/filename_hlp.js,file,24796,0o644
var/www/help/en_US/filename_sch.js,file,135544,0o644
var/www/help/en_US/firewall01.htm,file,3620,0o644
var/www/help/en_US/firewall02.htm,file,5628,0o644
var/www/help/en_US/firewall03.htm,file,2819,0o644
var/www/help/en_US/firewall04.htm,file,6161,0o644
var/www/help/en_US/firewall05.htm,file,13949,0o644
var/www/help/en_US/firewall06.htm,file,5070,0o644
var/www/help/en_US/firewall07.htm,file,6018,0o644
var/www/help/en_US/firewall08.htm,file,8335,0o644
var/www/help/en_US/firewall09.htm,file,3531,0o644
var/www/help/en_US/firewall10.htm,file,4186,0o644
var/www/help/en_US/firewall11.htm,file,3416,0o644
var/www/help/en_US/firewall12.htm,file,4215,0o644
var/www/help/en_US/firewall13.htm,file,2704,0o644
var/www/help/en_US/firewall14.htm,file,4855,0o644
var/www/help/en_US/firewall15.htm,file,10917,0o644
var/www/help/en_US/firewall16.htm,file,3711,0o644
var/www/help/en_US/firewall17.htm,file,3331,0o644
var/www/help/en_US/firewall18.htm,file,2609,0o644
var/www/help/en_US/firewall19.htm,file,4595,0o644
var/www/help/en_US/firewall20.htm,file,3495,0o644
var/www/help/en_US/firewall21.htm,file,5892,0o644
var/www/help/en_US/firewall22.htm,file,4247,0o644
var/www/help/en_US/firewall23.htm,file,2759,0o644
var/www/help/en_US/firewall24.htm,file,3847,0o644
var/www/help/en_US/firewall25.htm,file,4090,0o644
var/www/help/en_US/firewall26.htm,file,2616,0o644
var/www/help/en_US/firewall27.htm,file,3292,0o644
var/www/help/en_US/firewall28.htm,file,4622,0o644
var/www/help/en_US/firewall29.htm,file,4846,0o644
var/www/help/en_US/firewall30.htm,file,3232,0o644
var/www/help/en_US/firewall31.htm,file,4598,0o644
var/www/help/en_US/firewall32.htm,file,3993,0o644
var/www/help/en_US/firewall33.htm,file,2867,0o644
var/www/help/en_US/firewall34.htm,file,14682,0o644
var/www/help/en_US/firewall_examples.htm,file,331,0o644
var/www/help/en_US/firewall_features.htm,file,331,0o644
var/www/help/en_US/firewall_intro.htm,file,331,0o644
var/www/help/en_US/firewall_logs.htm,file,336,0o644
var/www/help/en_US/firewall_mac.htm,file,331,0o644
var/www/help/en_US/firmware_upgrade.htm,file,336,0o644
var/www/help/en_US/ftiens4.js,file,34541,0o644
var/www/help/en_US/getting_started.htm,file,327,0o644
var/www/help/en_US/glossary.htm,file,333,0o644
var/www/help/en_US/glossary_RV1.htm,file,11001,0o644
var/www/help/en_US/group_settings.htm,file,336,0o644
var/www/help/en_US/groups_intro.htm,file,336,0o644
var/www/help/en_US/groups_table.htm,file,336,0o644
var/www/help/en_US/help_Security_Protection_License.htm,file,2477,0o644
var/www/help/en_US/help_Security_Protection_URL.htm,file,2553,0o644
var/www/help/en_US/igmp_intro.htm,file,331,0o644
var/www/help/en_US/igmp_table.htm,file,331,0o644
var/www/help/en_US/ike_policies.htm,file,326,0o644
var/www/help/en_US/index.htm,file,15337,0o644
var/www/help/en_US/indexEnter.htm,file,7854,0o644
var/www/help/en_US/indexList.htm,file,2371,0o644
var/www/help/en_US/interface_statistics.htm,file,329,0o644
var/www/help/en_US/intro.htm,file,327,0o644
var/www/help/en_US/intro1.htm,file,2615,0o644
var/www/help/en_US/intro2.htm,file,3171,0o644
var/www/help/en_US/intro3.htm,file,3388,0o644
var/www/help/en_US/intro4.htm,file,3219,0o644
var/www/help/en_US/intro5.htm,file,2392,0o644
var/www/help/en_US/intro6.htm,file,5415,0o644
var/www/help/en_US/intro7.htm,file,3212,0o644
var/www/help/en_US/intro8.htm,file,4098,0o644
var/www/help/en_US/ipmac_binding.htm,file,331,0o644
var/www/help/en_US/ipmode.htm,file,333,0o644
var/www/help/en_US/ipsec_status.htm,file,329,0o644
var/www/help/en_US/ipv6_intro.htm,file,333,0o644
var/www/help/en_US/ipv6_lan.htm,file,333,0o644
var/www/help/en_US/ipv6_static_intro.htm,file,333,0o644
var/www/help/en_US/ipv6_static_managing.htm,file,333,0o644
var/www/help/en_US/ipv6_static_settings.htm,file,333,0o644
var/www/help/en_US/ipv6_tunneling.htm,file,333,0o644
var/www/help/en_US/ipv6_wan.htm,file,333,0o644
var/www/help/en_US/isatap.htm,file,333,0o644
var/www/help/en_US/jumbo.htm,file,333,0o644
var/www/help/en_US/lan_hosts.htm,file,329,0o644
var/www/help/en_US/lan_ipv4_intro.htm,file,333,0o644
var/www/help/en_US/lan_ipv4_settings.htm,file,333,0o644
var/www/help/en_US/links.htm,file,331,0o644
var/www/help/en_US/log_policies_intro.htm,file,336,0o644
var/www/help/en_US/log_policies_settings.htm,file,336,0o644
var/www/help/en_US/log_policies_table.htm,file,336,0o644
var/www/help/en_US/logging_intro.htm,file,336,0o644
var/www/help/en_US/mac_filtering.htm,file,331,0o644
var/www/help/en_US/multivlan_intro.htm,file,333,0o644
var/www/help/en_US/multivlan_settings.htm,file,333,0o644
var/www/help/en_US/multivlan_table.htm,file,333,0o644
var/www/help/en_US/nat_intro.htm,file,331,0o644
var/www/help/en_US/nat_managing.htm,file,331,0o644
var/www/help/en_US/nat_settings.htm,file,331,0o644
var/www/help/en_US/navpane_idx.htm,file,1541,0o644
var/www/help/en_US/navpane_toc.htm,file,1474,0o644
var/www/help/en_US/navtabs_idx.htm,file,2560,0o644
var/www/help/en_US/navtabs_toc.htm,file,2160,0o644
var/www/help/en_US/network_tools.htm,file,336,0o644
var/www/help/en_US/networking01.htm,file,3116,0o644
var/www/help/en_US/networking02.htm,file,2854,0o644
var/www/help/en_US/networking03.htm,file,10499,0o644
var/www/help/en_US/networking04.htm,file,2832,0o644
var/www/help/en_US/networking05.htm,file,3393,0o644
var/www/help/en_US/networking06.htm,file,5689,0o644
var/www/help/en_US/networking07.htm,file,3380,0o644
var/www/help/en_US/networking08.htm,file,8320,0o644
var/www/help/en_US/networking09.htm,file,5522,0o644
var/www/help/en_US/networking10.htm,file,2655,0o644
var/www/help/en_US/networking11.htm,file,2651,0o644
var/www/help/en_US/networking12.htm,file,6064,0o644
var/www/help/en_US/networking13.htm,file,4145,0o644
var/www/help/en_US/networking14.htm,file,5357,0o644
var/www/help/en_US/networking15.htm,file,4173,0o644
var/www/help/en_US/networking16.htm,file,2559,0o644
var/www/help/en_US/networking17.htm,file,2806,0o644
var/www/help/en_US/networking18.htm,file,2705,0o644
var/www/help/en_US/networking19.htm,file,3442,0o644
var/www/help/en_US/networking20.htm,file,7601,0o644
var/www/help/en_US/networking21.htm,file,2664,0o644
var/www/help/en_US/networking22.htm,file,3295,0o644
var/www/help/en_US/networking23.htm,file,5336,0o644
var/www/help/en_US/networking24.htm,file,7030,0o644
var/www/help/en_US/networking25.htm,file,4391,0o644
var/www/help/en_US/networking26.htm,file,5171,0o644
var/www/help/en_US/networking27.htm,file,3229,0o644
var/www/help/en_US/networking28.htm,file,3003,0o644
var/www/help/en_US/networking29.htm,file,6209,0o644
var/www/help/en_US/networking30.htm,file,7628,0o644
var/www/help/en_US/networking31.htm,file,3159,0o644
var/www/help/en_US/networking32.htm,file,3782,0o644
var/www/help/en_US/networking33.htm,file,4553,0o644
var/www/help/en_US/networking34.htm,file,5198,0o644
var/www/help/en_US/networking35.htm,file,4041,0o644
var/www/help/en_US/networking36.htm,file,6533,0o644
var/www/help/en_US/networking37.htm,file,2691,0o644
var/www/help/en_US/networking38.htm,file,3337,0o644
var/www/help/en_US/networking39.htm,file,4618,0o644
var/www/help/en_US/networking_intro.htm,file,333,0o644
var/www/help/en_US/open_ports.htm,file,329,0o644
var/www/help/en_US/password_rules.htm,file,336,0o644
var/www/help/en_US/port_forwarding_intro.htm,file,331,0o644
var/www/help/en_US/port_forwarding_managing.htm,file,331,0o644
var/www/help/en_US/port_forwarding_settings.htm,file,331,0o644
var/www/help/en_US/port_management.htm,file,333,0o644
var/www/help/en_US/port_statistics.htm,file,329,0o644
var/www/help/en_US/port_triggering.htm,file,331,0o644
var/www/help/en_US/port_triggering_managing.htm,file,331,0o644
var/www/help/en_US/port_triggering_status.htm,file,329,0o644
var/www/help/en_US/portals_managing.htm,file,326,0o644
var/www/help/en_US/portals_settings.htm,file,326,0o644
var/www/help/en_US/pppoe_intro.htm,file,333,0o644
var/www/help/en_US/pppoe_profiles.htm,file,333,0o644
var/www/help/en_US/pppoe_settings.htm,file,333,0o644
var/www/help/en_US/presearch_code.js,file,4334,0o644
var/www/help/en_US/product_overview.htm,file,327,0o644
var/www/help/en_US/profile_binding_intro.htm,file,325,0o644
var/www/help/en_US/profile_binding_settings.htm,file,325,0o644
var/www/help/en_US/profile_binding_table.htm,file,325,0o644
var/www/help/en_US/protectlink_clients.htm,file,335,0o644
var/www/help/en_US/protectlink_global_intro.htm,file,335,0o644
var/www/help/en_US/protectlink_intro.htm,file,335,0o644
var/www/help/en_US/protectlink_license.htm,file,353,0o644
var/www/help/en_US/protectlink_overflow.htm,file,335,0o644
var/www/help/en_US/protectlink_purchase.htm,file,335,0o644
var/www/help/en_US/protectlink_renewal.htm,file,335,0o644
var/www/help/en_US/protectlink_summary.htm,file,335,0o644
var/www/help/en_US/protectlink_url.htm,file,335,0o644
var/www/help/en_US/protectlink_urls.htm,file,335,0o644
var/www/help/en_US/protectlink_web.htm,file,335,0o644
var/www/help/en_US/protectlink_web_intro.htm,file,349,0o644
var/www/help/en_US/qos1.htm,file,2702,0o644
var/www/help/en_US/qos2.htm,file,7531,0o644
var/www/help/en_US/qos3.htm,file,2991,0o644
var/www/help/en_US/qos4.htm,file,3388,0o644
var/www/help/en_US/qos5.htm,file,5516,0o644
var/www/help/en_US/qos6.htm,file,2535,0o644
var/www/help/en_US/qos7.htm,file,3177,0o644
var/www/help/en_US/qos8.htm,file,3288,0o644
var/www/help/en_US/qos_intro.htm,file,325,0o644
var/www/help/en_US/qos_profiles.htm,file,325,0o644
var/www/help/en_US/radius_intro.htm,file,331,0o644
var/www/help/en_US/radius_settings.htm,file,331,0o644
var/www/help/en_US/radius_table.htm,file,331,0o644
var/www/help/en_US/radvd.htm,file,333,0o644
var/www/help/en_US/radvd_prefixes_intro.htm,file,333,0o644
var/www/help/en_US/radvd_prefixes_managing.htm,file,333,0o644
var/www/help/en_US/radvd_prefixes_settings.htm,file,333,0o644
var/www/help/en_US/reboot.htm,file,336,0o644
var/www/help/en_US/remote_logging.htm,file,336,0o644
var/www/help/en_US/remote_management.htm,file,336,0o644
var/www/help/en_US/restore_defaults.htm,file,336,0o644
var/www/help/en_US/routing_intro.htm,file,333,0o644
var/www/help/en_US/routing_mode.htm,file,333,0o644
var/www/help/en_US/routing_table.htm,file,333,0o644
var/www/help/en_US/schedules_intro.htm,file,331,0o644
var/www/help/en_US/schedules_managing.htm,file,331,0o644
var/www/help/en_US/schedules_settings.htm,file,331,0o644
var/www/help/en_US/search_results.htm,file,698,0o644
var/www/help/en_US/searchcode.js,file,8465,0o644
var/www/help/en_US/security01.htm,file,2764,0o644
var/www/help/en_US/security02.htm,file,8032,0o644
var/www/help/en_US/security03.htm,file,2683,0o644
var/www/help/en_US/security04.htm,file,2693,0o644
var/www/help/en_US/security05.htm,file,5992,0o644
var/www/help/en_US/security06.htm,file,2880,0o644
var/www/help/en_US/security07.htm,file,2608,0o644
var/www/help/en_US/security08.htm,file,4256,0o644
var/www/help/en_US/security09.htm,file,3881,0o644
var/www/help/en_US/security10.htm,file,4112,0o644
var/www/help/en_US/security_intro.htm,file,331,0o644
var/www/help/en_US/services_intro.htm,file,331,0o644
var/www/help/en_US/services_managing.htm,file,331,0o644
var/www/help/en_US/services_settings.htm,file,331,0o644
var/www/help/en_US/session_settings.htm,file,331,0o644
var/www/help/en_US/setup_wizard.htm,file,327,0o644
var/www/help/en_US/sip_alg.htm,file,331,0o644
var/www/help/en_US/snmp_acl.htm,file,336,0o644
var/www/help/en_US/snmp_information.htm,file,336,0o644
var/www/help/en_US/snmp_intro.htm,file,336,0o644
var/www/help/en_US/snmp_traps.htm,file,336,0o644
var/www/help/en_US/snmp_users_intro.htm,file,336,0o644
var/www/help/en_US/snmp_users_security.htm,file,336,0o644
var/www/help/en_US/snmp_users_table.htm,file,336,0o644
var/www/help/en_US/ssid_schedule.htm,file,331,0o644
var/www/help/en_US/ssl_client_intro.htm,file,326,0o644
var/www/help/en_US/ssl_client_screen.htm,file,326,0o644
var/www/help/en_US/ssl_forwarding_intro.htm,file,326,0o644
var/www/help/en_US/ssl_forwarding_name.htm,file,326,0o644
var/www/help/en_US/ssl_forwarding_settings.htm,file,326,0o644
var/www/help/en_US/ssl_forwarding_table.htm,file,326,0o644
var/www/help/en_US/ssl_policies_intro.htm,file,326,0o644
var/www/help/en_US/ssl_policies_settings.htm,file,326,0o644
var/www/help/en_US/ssl_policies_table.htm,file,326,0o644
var/www/help/en_US/ssl_portal_view.htm,file,326,0o644
var/www/help/en_US/ssl_resources_intro.htm,file,326,0o644
var/www/help/en_US/ssl_resources_settings.htm,file,326,0o644
var/www/help/en_US/ssl_resources_table.htm,file,326,0o644
var/www/help/en_US/ssl_routes_intro.htm,file,326,0o644
var/www/help/en_US/ssl_routes_settings.htm,file,326,0o644
var/www/help/en_US/ssl_routes_table.htm,file,326,0o644
var/www/help/en_US/ssl_status.htm,file,329,0o644
var/www/help/en_US/static_dhcp.htm,file,333,0o644
var/www/help/en_US/static_managing.htm,file,333,0o644
var/www/help/en_US/static_routes_intro.htm,file,333,0o644
var/www/help/en_US/static_settings.htm,file,333,0o644
var/www/help/en_US/status01.htm,file,3998,0o644
var/www/help/en_US/status02.htm,file,18284,0o644
var/www/help/en_US/status03.htm,file,15501,0o644
var/www/help/en_US/status04.htm,file,4381,0o644
var/www/help/en_US/status05.htm,file,4124,0o644
var/www/help/en_US/status06.htm,file,4379,0o644
var/www/help/en_US/status07.htm,file,6138,0o644
var/www/help/en_US/status08.htm,file,3181,0o644
var/www/help/en_US/status09.htm,file,3384,0o644
var/www/help/en_US/status10.htm,file,4421,0o644
var/www/help/en_US/status11.htm,file,3683,0o644
var/www/help/en_US/status12.htm,file,3734,0o644
var/www/help/en_US/status13.htm,file,3044,0o644
var/www/help/en_US/status14.htm,file,5091,0o644
var/www/help/en_US/status_dashboard.htm,file,329,0o644
var/www/help/en_US/status_intro.htm,file,329,0o644
var/www/help/en_US/suggested_steps.htm,file,327,0o644
var/www/help/en_US/system_summary.htm,file,329,0o644
var/www/help/en_US/time.htm,file,336,0o644
var/www/help/en_US/tocExpand.htm,file,1254,0o644
var/www/help/en_US/tocFrame.htm,file,1928,0o644
var/www/help/en_US/tocNodes.js,file,19091,0o644
var/www/help/en_US/upnp.htm,file,336,0o644
var/www/help/en_US/url_blocking.htm,file,331,0o644
var/www/help/en_US/user_byIP.htm,file,336,0o644
var/www/help/en_US/user_interface.htm,file,327,0o644
var/www/help/en_US/user_management_intro.htm,file,336,0o644
var/www/help/en_US/user_policies.htm,file,336,0o644
var/www/help/en_US/user_settings.htm,file,336,0o644
var/www/help/en_US/users_byBrowser.htm,file,336,0o644
var/www/help/en_US/users_intro.htm,file,336,0o644
var/www/help/en_US/users_table.htm,file,336,0o644
var/www/help/en_US/view_logs.htm,file,329,0o644
var/www/help/en_US/vlan_membership.htm,file,333,0o644
var/www/help/en_US/vpn01.htm,file,3031,0o644
var/www/help/en_US/vpn02.htm,file,12286,0o644
var/www/help/en_US/vpn03.htm,file,8182,0o644
var/www/help/en_US/vpn04.htm,file,5225,0o644
var/www/help/en_US/vpn05.htm,file,2930,0o644
var/www/help/en_US/vpn06.htm,file,5803,0o644
var/www/help/en_US/vpn07.htm,file,12817,0o644
var/www/help/en_US/vpn08.htm,file,15704,0o644
var/www/help/en_US/vpn09.htm,file,7680,0o644
var/www/help/en_US/vpn10.htm,file,3465,0o644
var/www/help/en_US/vpn11.htm,file,4103,0o644
var/www/help/en_US/vpn12.htm,file,3763,0o644
var/www/help/en_US/vpn13.htm,file,3228,0o644
var/www/help/en_US/vpn14.htm,file,3256,0o644
var/www/help/en_US/vpn15.htm,file,3101,0o644
var/www/help/en_US/vpn16.htm,file,4125,0o644
var/www/help/en_US/vpn17.htm,file,6051,0o644
var/www/help/en_US/vpn18.htm,file,3021,0o644
var/www/help/en_US/vpn19.htm,file,3263,0o644
var/www/help/en_US/vpn20.htm,file,4995,0o644
var/www/help/en_US/vpn21.htm,file,5361,0o644
var/www/help/en_US/vpn22.htm,file,2861,0o644
var/www/help/en_US/vpn23.htm,file,3291,0o644
var/www/help/en_US/vpn24.htm,file,3079,0o644
var/www/help/en_US/vpn25.htm,file,2909,0o644
var/www/help/en_US/vpn26.htm,file,4862,0o644
var/www/help/en_US/vpn27.htm,file,4358,0o644
var/www/help/en_US/vpn28.htm,file,3561,0o644
var/www/help/en_US/vpn29.htm,file,3020,0o644
var/www/help/en_US/vpn30.htm,file,6266,0o644
var/www/help/en_US/vpn31.htm,file,2992,0o644
var/www/help/en_US/vpn32.htm,file,3444,0o644
var/www/help/en_US/vpn33.htm,file,3165,0o644
var/www/help/en_US/vpn34.htm,file,4003,0o644
var/www/help/en_US/vpn_access.htm,file,326,0o644
var/www/help/en_US/vpn_advanced_intro.htm,file,326,0o644
var/www/help/en_US/vpn_basic.htm,file,326,0o644
var/www/help/en_US/vpn_config_intro.htm,file,326,0o644
var/www/help/en_US/vpn_elements.htm,file,326,0o644
var/www/help/en_US/vpn_intro.htm,file,326,0o644
var/www/help/en_US/vpn_passthrough.htm,file,326,0o644
var/www/help/en_US/vpn_policies.htm,file,326,0o644
var/www/help/en_US/vpn_policies_information.htm,file,326,0o644
var/www/help/en_US/vpn_portals_intro.htm,file,326,0o644
var/www/help/en_US/vpn_security.htm,file,326,0o644
var/www/help/en_US/vpn_server_intro.htm,file,326,0o644
var/www/help/en_US/vpn_status.htm,file,329,0o644
var/www/help/en_US/vpn_table.htm,file,326,0o644
var/www/help/en_US/vpn_users.htm,file,326,0o644
var/www/help/en_US/wan_ipv4_intro.htm,file,333,0o644
var/www/help/en_US/wan_ipv4_settings.htm,file,333,0o644
var/www/help/en_US/wan_traffic.htm,file,336,0o644
var/www/help/en_US/wds.htm,file,331,0o644
var/www/help/en_US/wheretogo1.htm,file,5743,0o644
var/www/help/en_US/wifi_qos.htm,file,331,0o644
var/www/help/en_US/wireless01.htm,file,2885,0o644
var/www/help/en_US/wireless02.htm,file,2898,0o644
var/www/help/en_US/wireless03.htm,file,6383,0o644
var/www/help/en_US/wireless04.htm,file,2918,0o644
var/www/help/en_US/wireless05.htm,file,11492,0o644
var/www/help/en_US/wireless06.htm,file,9762,0o644
var/www/help/en_US/wireless07.htm,file,4868,0o644
var/www/help/en_US/wireless08.htm,file,2880,0o644
var/www/help/en_US/wireless09.htm,file,5032,0o644
var/www/help/en_US/wireless10.htm,file,4049,0o644
var/www/help/en_US/wireless11.htm,file,5704,0o644
var/www/help/en_US/wireless12.htm,file,4307,0o644
var/www/help/en_US/wireless_advanced.htm,file,331,0o644
var/www/help/en_US/wireless_basic.htm,file,331,0o644
var/www/help/en_US/wireless_general.htm,file,331,0o644
var/www/help/en_US/wireless_intro.htm,file,331,0o644
var/www/help/en_US/wireless_security.htm,file,331,0o644
var/www/help/en_US/wireless_security_settings.htm,file,331,0o644
var/www/help/en_US/wireless_statistics.htm,file,329,0o644
var/www/help/en_US/wireless_tips.htm,file,331,0o644
var/www/help/en_US/wizard_password.htm,file,327,0o644
var/www/help/es,dir,9100,0o755
var/www/help/es/8021x_authentication.htm,file,327,0o644
var/www/help/es/Protect_Link01.htm,file,3409,0o644
var/www/help/es/Protect_Link02.htm,file,4374,0o644
var/www/help/es/Protect_Link03.htm,file,2765,0o644
var/www/help/es/Protect_Link04.htm,file,4679,0o644
var/www/help/es/Protect_Link05.htm,file,4734,0o644
var/www/help/es/Protect_Link07.htm,file,3644,0o644
var/www/help/es/Protect_Link08.htm,file,4356,0o644
var/www/help/es/Protect_Link09.htm,file,7273,0o644
var/www/help/es/Protect_Link11.htm,file,3875,0o644
var/www/help/es/Protect_Link12.htm,file,2613,0o644
var/www/help/es/VPN_defaults.htm,file,313,0o644
var/www/help/es/access_priorities.htm,file,327,0o644
var/www/help/es/access_rules.htm,file,328,0o644
var/www/help/es/active_users.htm,file,325,0o644
var/www/help/es/add_access_rules.htm,file,327,0o644
var/www/help/es/add_port_rules.htm,file,327,0o644
var/www/help/es/admin_language.htm,file,333,0o644
var/www/help/es/administering01.htm,file,4527,0o644
var/www/help/es/administering02.htm,file,2801,0o644
var/www/help/es/administering03.htm,file,5302,0o644
var/www/help/es/administering04.htm,file,5887,0o644
var/www/help/es/administering05.htm,file,3094,0o644
var/www/help/es/administering06.htm,file,3445,0o644
var/www/help/es/administering07.htm,file,3708,0o644
var/www/help/es/administering08.htm,file,5679,0o644
var/www/help/es/administering09.htm,file,2849,0o644
var/www/help/es/administering10.htm,file,3691,0o644
var/www/help/es/administering11.htm,file,4024,0o644
var/www/help/es/administering12.htm,file,3366,0o644
var/www/help/es/administering13.htm,file,5471,0o644
var/www/help/es/administering14.htm,file,6288,0o644
var/www/help/es/administering15.htm,file,3773,0o644
var/www/help/es/administering16.htm,file,4616,0o644
var/www/help/es/administering17.htm,file,7177,0o644
var/www/help/es/administering18.htm,file,2844,0o644
var/www/help/es/administering19.htm,file,3075,0o644
var/www/help/es/administering20.htm,file,6531,0o644
var/www/help/es/administering21.htm,file,4624,0o644
var/www/help/es/administering22.htm,file,3745,0o644
var/www/help/es/administering23.htm,file,3797,0o644
var/www/help/es/administering24.htm,file,3751,0o644
var/www/help/es/administering25.htm,file,9062,0o644
var/www/help/es/administering26.htm,file,2542,0o644
var/www/help/es/administering27.htm,file,6194,0o644
var/www/help/es/administering28.htm,file,3449,0o644
var/www/help/es/administering29.htm,file,2701,0o644
var/www/help/es/administering30.htm,file,2865,0o644
var/www/help/es/administering31.htm,file,3895,0o644
var/www/help/es/administering32.htm,file,5030,0o644
var/www/help/es/administering33.htm,file,6634,0o644
var/www/help/es/administering34.htm,file,10150,0o644
var/www/help/es/administering35.htm,file,2545,0o644
var/www/help/es/administering36.htm,file,4885,0o644
var/www/help/es/administering37.htm,file,5853,0o644
var/www/help/es/administering38.htm,file,5895,0o644
var/www/help/es/administering39.htm,file,5300,0o644
var/www/help/es/administering40.htm,file,2664,0o644
var/www/help/es/administering41.htm,file,9258,0o644
var/www/help/es/administering42.htm,file,2673,0o644
var/www/help/es/administering43.htm,file,4692,0o644
var/www/help/es/administering44.htm,file,2433,0o644
var/www/help/es/administering45.htm,file,3381,0o644
var/www/help/es/administration_intro.htm,file,332,0o644
var/www/help/es/advanced_dhcp.htm,file,329,0o644
var/www/help/es/advanced_firwall_intro.htm,file,327,0o644
var/www/help/es/allowed_networks.htm,file,327,0o644
var/www/help/es/attack_prevention.htm,file,327,0o644
var/www/help/es/backup_restore.htm,file,332,0o644
var/www/help/es/bonjour.htm,file,332,0o644
var/www/help/es/captures.htm,file,332,0o644
var/www/help/es/certificates.htm,file,327,0o644
var/www/help/es/certificates_active.htm,file,327,0o644
var/www/help/es/certificates_request.htm,file,327,0o644
var/www/help/es/certificates_trusted.htm,file,327,0o644
var/www/help/es/certificates_view.htm,file,327,0o644
var/www/help/es/config.js,file,2872,0o644
var/www/help/es/configuration_intro.htm,file,323,0o644
var/www/help/es/connected_clients.htm,file,327,0o644
var/www/help/es/content_filtering.htm,file,327,0o644
var/www/help/es/cos_dscp.htm,file,321,0o644
var/www/help/es/cos_intro.htm,file,321,0o644
var/www/help/es/cos_settings.htm,file,321,0o644
var/www/help/es/csv_create.htm,file,332,0o644
var/www/help/es/csv_import.htm,file,332,0o644
var/www/help/es/csv_intro.htm,file,332,0o644
var/www/help/es/default_outbound.htm,file,328,0o644
var/www/help/es/dhcp_clients.htm,file,329,0o644
var/www/help/es/dhcp_config.htm,file,320,0o644
var/www/help/es/diagnostics_intro.htm,file,332,0o644
var/www/help/es/discovery_intro.htm,file,332,0o644
var/www/help/es/dmz_host.htm,file,327,0o644
var/www/help/es/domains_intro.htm,file,332,0o644
var/www/help/es/domains_settings.htm,file,332,0o644
var/www/help/es/domains_table.htm,file,332,0o644
var/www/help/es/dynamic_DNS.htm,file,329,0o644
var/www/help/es/dynamic_routing.htm,file,329,0o644
var/www/help/es/es_glossary_RV1.htm,file,9087,0o644
var/www/help/es/filename_hlp.js,file,25343,0o644
var/www/help/es/filename_sch.js,file,152819,0o644
var/www/help/es/firewall01.htm,file,3577,0o644
var/www/help/es/firewall02.htm,file,6056,0o644
var/www/help/es/firewall03.htm,file,2966,0o644
var/www/help/es/firewall04.htm,file,6913,0o644
var/www/help/es/firewall05.htm,file,15763,0o644
var/www/help/es/firewall06.htm,file,5383,0o644
var/www/help/es/firewall07.htm,file,6598,0o644
var/www/help/es/firewall08.htm,file,9325,0o644
var/www/help/es/firewall09.htm,file,3758,0o644
var/www/help/es/firewall10.htm,file,4765,0o644
var/www/help/es/firewall11.htm,file,3896,0o644
var/www/help/es/firewall12.htm,file,4442,0o644
var/www/help/es/firewall13.htm,file,2833,0o644
var/www/help/es/firewall14.htm,file,5368,0o644
var/www/help/es/firewall15.htm,file,12327,0o644
var/www/help/es/firewall16.htm,file,3952,0o644
var/www/help/es/firewall17.htm,file,3396,0o644
var/www/help/es/firewall18.htm,file,2636,0o644
var/www/help/es/firewall19.htm,file,5053,0o644
var/www/help/es/firewall20.htm,file,3663,0o644
var/www/help/es/firewall21.htm,file,6336,0o644
var/www/help/es/firewall22.htm,file,4551,0o644
var/www/help/es/firewall23.htm,file,2892,0o644
var/www/help/es/firewall24.htm,file,4231,0o644
var/www/help/es/firewall25.htm,file,4284,0o644
var/www/help/es/firewall26.htm,file,2729,0o644
var/www/help/es/firewall27.htm,file,3629,0o644
var/www/help/es/firewall28.htm,file,4872,0o644
var/www/help/es/firewall29.htm,file,5338,0o644
var/www/help/es/firewall30.htm,file,3425,0o644
var/www/help/es/firewall31.htm,file,4960,0o644
var/www/help/es/firewall32.htm,file,4222,0o644
var/www/help/es/firewall33.htm,file,2918,0o644
var/www/help/es/firewall34.htm,file,15241,0o644
var/www/help/es/firewall35.htm,file,15429,0o644
var/www/help/es/firewall_examples.htm,file,327,0o644
var/www/help/es/firewall_features.htm,file,327,0o644
var/www/help/es/firewall_intro.htm,file,327,0o644
var/www/help/es/firewall_logs.htm,file,332,0o644
var/www/help/es/firewall_mac.htm,file,327,0o644
var/www/help/es/firmware_upgrade.htm,file,332,0o644
var/www/help/es/ftiens4.js,file,34532,0o644
var/www/help/es/getting_started.htm,file,323,0o644
var/www/help/es/glossary.htm,file,331,0o644
var/www/help/es/glossary_RV1.htm,file,9465,0o644
var/www/help/es/group_settings.htm,file,332,0o644
var/www/help/es/groups_intro.htm,file,332,0o644
var/www/help/es/groups_table.htm,file,332,0o644
var/www/help/es/help_Security_Protection_License.htm,file,2538,0o644
var/www/help/es/help_Security_Protection_URL.htm,file,2614,0o644
var/www/help/es/igmp_intro.htm,file,327,0o644
var/www/help/es/igmp_table.htm,file,327,0o644
var/www/help/es/ike_policies.htm,file,321,0o644
var/www/help/es/index.htm,file,15319,0o644
var/www/help/es/indexEnter.htm,file,7854,0o644
var/www/help/es/indexList.htm,file,2371,0o644
var/www/help/es/interface_statistics.htm,file,325,0o644
var/www/help/es/intro.htm,file,324,0o644
var/www/help/es/intro1.htm,file,2714,0o644
var/www/help/es/intro2.htm,file,3419,0o644
var/www/help/es/intro3.htm,file,3473,0o644
var/www/help/es/intro4.htm,file,3513,0o644
var/www/help/es/intro5.htm,file,3863,0o644
var/www/help/es/intro6.htm,file,5059,0o644
var/www/help/es/intro7.htm,file,3395,0o644
var/www/help/es/intro8.htm,file,4894,0o644
var/www/help/es/ipmac_binding.htm,file,327,0o644
var/www/help/es/ipmode.htm,file,329,0o644
var/www/help/es/ipsec_status.htm,file,325,0o644
var/www/help/es/ipv6_intro.htm,file,329,0o644
var/www/help/es/ipv6_lan.htm,file,330,0o644
var/www/help/es/ipv6_static_intro.htm,file,330,0o644
var/www/help/es/ipv6_static_managing.htm,file,329,0o644
var/www/help/es/ipv6_static_settings.htm,file,329,0o644
var/www/help/es/ipv6_tunneling.htm,file,329,0o644
var/www/help/es/ipv6_wan.htm,file,329,0o644
var/www/help/es/isatap.htm,file,329,0o644
var/www/help/es/jumbo.htm,file,329,0o644
var/www/help/es/lan_hosts.htm,file,325,0o644
var/www/help/es/lan_ipv4_intro.htm,file,329,0o644
var/www/help/es/lan_ipv4_settings.htm,file,329,0o644
var/www/help/es/links.htm,file,327,0o644
var/www/help/es/log_policies_intro.htm,file,332,0o644
var/www/help/es/log_policies_settings.htm,file,332,0o644
var/www/help/es/log_policies_table.htm,file,332,0o644
var/www/help/es/logging_intro.htm,file,332,0o644
var/www/help/es/mac_filtering.htm,file,327,0o644
var/www/help/es/multivlan_intro.htm,file,329,0o644
var/www/help/es/multivlan_settings.htm,file,329,0o644
var/www/help/es/multivlan_table.htm,file,329,0o644
var/www/help/es/nat_intro.htm,file,327,0o644
var/www/help/es/nat_managing.htm,file,327,0o644
var/www/help/es/nat_settings.htm,file,327,0o644
var/www/help/es/navpane_idx.htm,file,1529,0o644
var/www/help/es/navpane_toc.htm,file,1462,0o644
var/www/help/es/navtabs_idx.htm,file,2554,0o644
var/www/help/es/navtabs_toc.htm,file,2160,0o644
var/www/help/es/network_tools.htm,file,332,0o644
var/www/help/es/networking01.htm,file,3189,0o644
var/www/help/es/networking02.htm,file,2971,0o644
var/www/help/es/networking03.htm,file,11497,0o644
var/www/help/es/networking04.htm,file,2970,0o644
var/www/help/es/networking05.htm,file,3701,0o644
var/www/help/es/networking06.htm,file,6094,0o644
var/www/help/es/networking07.htm,file,3433,0o644
var/www/help/es/networking08.htm,file,9047,0o644
var/www/help/es/networking09.htm,file,6078,0o644
var/www/help/es/networking10.htm,file,2732,0o644
var/www/help/es/networking11.htm,file,2812,0o644
var/www/help/es/networking12.htm,file,6557,0o644
var/www/help/es/networking13.htm,file,4402,0o644
var/www/help/es/networking14.htm,file,6401,0o644
var/www/help/es/networking15.htm,file,2594,0o644
var/www/help/es/networking16.htm,file,2878,0o644
var/www/help/es/networking17.htm,file,2783,0o644
var/www/help/es/networking18.htm,file,3629,0o644
var/www/help/es/networking19.htm,file,7701,0o644
var/www/help/es/networking20.htm,file,2744,0o644
var/www/help/es/networking21.htm,file,3575,0o644
var/www/help/es/networking22.htm,file,5656,0o644
var/www/help/es/networking23.htm,file,7549,0o644
var/www/help/es/networking24.htm,file,4883,0o644
var/www/help/es/networking25.htm,file,5310,0o644
var/www/help/es/networking26.htm,file,3293,0o644
var/www/help/es/networking27.htm,file,3076,0o644
var/www/help/es/networking28.htm,file,6644,0o644
var/www/help/es/networking29.htm,file,8277,0o644
var/www/help/es/networking30.htm,file,3380,0o644
var/www/help/es/networking31.htm,file,4056,0o644
var/www/help/es/networking32.htm,file,4735,0o644
var/www/help/es/networking33.htm,file,5659,0o644
var/www/help/es/networking34.htm,file,4197,0o644
var/www/help/es/networking35.htm,file,7180,0o644
var/www/help/es/networking36.htm,file,2760,0o644
var/www/help/es/networking37.htm,file,3505,0o644
var/www/help/es/networking38.htm,file,4812,0o644
var/www/help/es/networking_intro.htm,file,329,0o644
var/www/help/es/open_ports.htm,file,325,0o644
var/www/help/es/password_rules.htm,file,333,0o644
var/www/help/es/port_forwarding_intro.htm,file,327,0o644
var/www/help/es/port_forwarding_managing.htm,file,327,0o644
var/www/help/es/port_forwarding_settings.htm,file,327,0o644
var/www/help/es/port_management.htm,file,329,0o644
var/www/help/es/port_statistics.htm,file,325,0o644
var/www/help/es/port_triggering.htm,file,327,0o644
var/www/help/es/port_triggering_managing.htm,file,327,0o644
var/www/help/es/port_triggering_status.htm,file,325,0o644
var/www/help/es/portals_managing.htm,file,321,0o644
var/www/help/es/portals_settings.htm,file,321,0o644
var/www/help/es/pppoe_intro.htm,file,329,0o644
var/www/help/es/pppoe_profiles.htm,file,329,0o644
var/www/help/es/pppoe_settings.htm,file,329,0o644
var/www/help/es/presearch_code.js,file,4331,0o644
var/www/help/es/product_overview.htm,file,323,0o644
var/www/help/es/profile_binding_intro.htm,file,321,0o644
var/www/help/es/profile_binding_settings.htm,file,321,0o644
var/www/help/es/profile_binding_table.htm,file,321,0o644
var/www/help/es/protectlink_clients.htm,file,331,0o644
var/www/help/es/protectlink_global_intro.htm,file,331,0o644
var/www/help/es/protectlink_intro.htm,file,331,0o644
var/www/help/es/protectlink_license.htm,file,349,0o644
var/www/help/es/protectlink_overflow.htm,file,331,0o644
var/www/help/es/protectlink_purchase.htm,file,331,0o644
var/www/help/es/protectlink_renewal.htm,file,331,0o644
var/www/help/es/protectlink_summary.htm,file,331,0o644
var/www/help/es/protectlink_url.htm,file,331,0o644
var/www/help/es/protectlink_urls.htm,file,331,0o644
var/www/help/es/protectlink_web.htm,file,331,0o644
var/www/help/es/protectlink_web_intro.htm,file,345,0o644
var/www/help/es/qos1.htm,file,2786,0o644
var/www/help/es/qos2.htm,file,8203,0o644
var/www/help/es/qos3.htm,file,3196,0o644
var/www/help/es/qos4.htm,file,3778,0o644
var/www/help/es/qos5.htm,file,5864,0o644
var/www/help/es/qos6.htm,file,2605,0o644
var/www/help/es/qos7.htm,file,3371,0o644
var/www/help/es/qos8.htm,file,3434,0o644
var/www/help/es/qos_intro.htm,file,321,0o644
var/www/help/es/qos_profiles.htm,file,321,0o644
var/www/help/es/radius_intro.htm,file,327,0o644
var/www/help/es/radius_settings.htm,file,327,0o644
var/www/help/es/radius_table.htm,file,327,0o644
var/www/help/es/radvd.htm,file,329,0o644
var/www/help/es/radvd_prefixes_intro.htm,file,329,0o644
var/www/help/es/radvd_prefixes_managing.htm,file,329,0o644
var/www/help/es/radvd_prefixes_settings.htm,file,329,0o644
var/www/help/es/reboot.htm,file,332,0o644
var/www/help/es/remote_logging.htm,file,332,0o644
var/www/help/es/remote_management.htm,file,332,0o644
var/www/help/es/restore_defaults.htm,file,332,0o644
var/www/help/es/routing_intro.htm,file,329,0o644
var/www/help/es/routing_mode.htm,file,329,0o644
var/www/help/es/routing_table.htm,file,329,0o644
var/www/help/es/schedules_intro.htm,file,327,0o644
var/www/help/es/schedules_managing.htm,file,327,0o644
var/www/help/es/schedules_settings.htm,file,327,0o644
var/www/help/es/search_results.htm,file,698,0o644
var/www/help/es/searchcode.js,file,8456,0o644
var/www/help/es/security01.htm,file,2845,0o644
var/www/help/es/security02.htm,file,8854,0o644
var/www/help/es/security03.htm,file,2748,0o644
var/www/help/es/security04.htm,file,2748,0o644
var/www/help/es/security05.htm,file,6346,0o644
var/www/help/es/security06.htm,file,2950,0o644
var/www/help/es/security07.htm,file,2696,0o644
var/www/help/es/security08.htm,file,4625,0o644
var/www/help/es/security09.htm,file,4078,0o644
var/www/help/es/security10.htm,file,4397,0o644
var/www/help/es/security_intro.htm,file,327,0o644
var/www/help/es/services_intro.htm,file,327,0o644
var/www/help/es/services_managing.htm,file,327,0o644
var/www/help/es/services_settings.htm,file,327,0o644
var/www/help/es/session_settings.htm,file,327,0o644
var/www/help/es/setup_wizard.htm,file,323,0o644
var/www/help/es/sip_alg.htm,file,327,0o644
var/www/help/es/snmp_acl.htm,file,333,0o644
var/www/help/es/snmp_information.htm,file,332,0o644
var/www/help/es/snmp_intro.htm,file,332,0o644
var/www/help/es/snmp_traps.htm,file,332,0o644
var/www/help/es/snmp_users_intro.htm,file,333,0o644
var/www/help/es/snmp_users_security.htm,file,332,0o644
var/www/help/es/snmp_users_table.htm,file,333,0o644
var/www/help/es/ssid_schedule.htm,file,327,0o644
var/www/help/es/ssl_client_intro.htm,file,321,0o644
var/www/help/es/ssl_client_screen.htm,file,321,0o644
var/www/help/es/ssl_forwarding_intro.htm,file,321,0o644
var/www/help/es/ssl_forwarding_name.htm,file,323,0o644
var/www/help/es/ssl_forwarding_settings.htm,file,321,0o644
var/www/help/es/ssl_forwarding_table.htm,file,321,0o644
var/www/help/es/ssl_policies_intro.htm,file,321,0o644
var/www/help/es/ssl_policies_settings.htm,file,321,0o644
var/www/help/es/ssl_policies_table.htm,file,321,0o644
var/www/help/es/ssl_portal_view.htm,file,321,0o644
var/www/help/es/ssl_resources_intro.htm,file,321,0o644
var/www/help/es/ssl_resources_settings.htm,file,321,0o644
var/www/help/es/ssl_resources_table.htm,file,321,0o644
var/www/help/es/ssl_routes_intro.htm,file,321,0o644
var/www/help/es/ssl_routes_settings.htm,file,321,0o644
var/www/help/es/ssl_routes_table.htm,file,321,0o644
var/www/help/es/ssl_status.htm,file,325,0o644
var/www/help/es/static_dhcp.htm,file,329,0o644
var/www/help/es/static_managing.htm,file,329,0o644
var/www/help/es/static_routes_intro.htm,file,329,0o644
var/www/help/es/static_settings.htm,file,330,0o644
var/www/help/es/status01.htm,file,4051,0o644
var/www/help/es/status02.htm,file,19002,0o644
var/www/help/es/status03.htm,file,12773,0o644
var/www/help/es/status04.htm,file,4611,0o644
var/www/help/es/status05.htm,file,4318,0o644
var/www/help/es/status06.htm,file,4450,0o644
var/www/help/es/status07.htm,file,6639,0o644
var/www/help/es/status08.htm,file,3187,0o644
var/www/help/es/status09.htm,file,3488,0o644
var/www/help/es/status10.htm,file,4504,0o644
var/www/help/es/status11.htm,file,3694,0o644
var/www/help/es/status12.htm,file,3843,0o644
var/www/help/es/status13.htm,file,3110,0o644
var/www/help/es/status14.htm,file,5115,0o644
var/www/help/es/status_dashboard.htm,file,325,0o644
var/www/help/es/status_intro.htm,file,325,0o644
var/www/help/es/suggested_steps.htm,file,323,0o644
var/www/help/es/system_summary.htm,file,325,0o644
var/www/help/es/time.htm,file,332,0o644
var/www/help/es/tocExpand.htm,file,1254,0o644
var/www/help/es/tocFrame.htm,file,1922,0o644
var/www/help/es/tocNodes.js,file,20558,0o644
var/www/help/es/upnp.htm,file,332,0o644
var/www/help/es/url_blocking.htm,file,327,0o644
var/www/help/es/user_byIP.htm,file,332,0o644
var/www/help/es/user_interface.htm,file,323,0o644
var/www/help/es/user_management_intro.htm,file,332,0o644
var/www/help/es/user_policies.htm,file,332,0o644
var/www/help/es/user_settings.htm,file,332,0o644
var/www/help/es/users_byBrowser.htm,file,332,0o644
var/www/help/es/users_intro.htm,file,332,0o644
var/www/help/es/users_table.htm,file,332,0o644
var/www/help/es/view_logs.htm,file,326,0o644
var/www/help/es/vlan_membership.htm,file,329,0o644
var/www/help/es/vpn01.htm,file,3118,0o644
var/www/help/es/vpn02.htm,file,13724,0o644
var/www/help/es/vpn03.htm,file,9020,0o644
var/www/help/es/vpn04.htm,file,3067,0o644
var/www/help/es/vpn05.htm,file,6839,0o644
var/www/help/es/vpn06.htm,file,14100,0o644
var/www/help/es/vpn07.htm,file,17844,0o644
var/www/help/es/vpn08.htm,file,8703,0o644
var/www/help/es/vpn09.htm,file,3611,0o644
var/www/help/es/vpn10.htm,file,4148,0o644
var/www/help/es/vpn11.htm,file,3722,0o644
var/www/help/es/vpn12.htm,file,3424,0o644
var/www/help/es/vpn13.htm,file,3547,0o644
var/www/help/es/vpn14.htm,file,3293,0o644
var/www/help/es/vpn15.htm,file,4564,0o644
var/www/help/es/vpn16.htm,file,6722,0o644
var/www/help/es/vpn17.htm,file,2927,0o644
var/www/help/es/vpn18.htm,file,3389,0o644
var/www/help/es/vpn19.htm,file,5478,0o644
var/www/help/es/vpn20.htm,file,5709,0o644
var/www/help/es/vpn21.htm,file,2717,0o644
var/www/help/es/vpn22.htm,file,3584,0o644
var/www/help/es/vpn23.htm,file,3187,0o644
var/www/help/es/vpn24.htm,file,3094,0o644
var/www/help/es/vpn25.htm,file,5543,0o644
var/www/help/es/vpn26.htm,file,4384,0o644
var/www/help/es/vpn27.htm,file,3801,0o644
var/www/help/es/vpn28.htm,file,3174,0o644
var/www/help/es/vpn29.htm,file,6958,0o644
var/www/help/es/vpn30.htm,file,3228,0o644
var/www/help/es/vpn31.htm,file,3789,0o644
var/www/help/es/vpn32.htm,file,3315,0o644
var/www/help/es/vpn33.htm,file,4258,0o644
var/www/help/es/vpn_access.htm,file,321,0o644
var/www/help/es/vpn_advanced_intro.htm,file,321,0o644
var/www/help/es/vpn_basic.htm,file,321,0o644
var/www/help/es/vpn_config_intro.htm,file,321,0o644
var/www/help/es/vpn_elements.htm,file,321,0o644
var/www/help/es/vpn_intro.htm,file,321,0o644
var/www/help/es/vpn_passthrough.htm,file,321,0o644
var/www/help/es/vpn_policies.htm,file,321,0o644
var/www/help/es/vpn_policies_information.htm,file,321,0o644
var/www/help/es/vpn_portals_intro.htm,file,321,0o644
var/www/help/es/vpn_security.htm,file,321,0o644
var/www/help/es/vpn_server_intro.htm,file,321,0o644
var/www/help/es/vpn_status.htm,file,325,0o644
var/www/help/es/vpn_table.htm,file,321,0o644
var/www/help/es/vpn_users.htm,file,321,0o644
var/www/help/es/wan_ipv4_intro.htm,file,330,0o644
var/www/help/es/wan_ipv4_settings.htm,file,330,0o644
var/www/help/es/wan_traffic.htm,file,333,0o644
var/www/help/es/wds.htm,file,327,0o644
var/www/help/es/wheretogo1.htm,file,5955,0o644
var/www/help/es/wifi_qos.htm,file,327,0o644
var/www/help/es/wireless01.htm,file,2953,0o644
var/www/help/es/wireless02.htm,file,3100,0o644
var/www/help/es/wireless03.htm,file,6967,0o644
var/www/help/es/wireless04.htm,file,3039,0o644
var/www/help/es/wireless05.htm,file,12712,0o644
var/www/help/es/wireless06.htm,file,10559,0o644
var/www/help/es/wireless07.htm,file,5263,0o644
var/www/help/es/wireless08.htm,file,2932,0o644
var/www/help/es/wireless09.htm,file,5249,0o644
var/www/help/es/wireless10.htm,file,4299,0o644
var/www/help/es/wireless11.htm,file,6214,0o644
var/www/help/es/wireless12.htm,file,4758,0o644
var/www/help/es/wireless_advanced.htm,file,327,0o644
var/www/help/es/wireless_basic.htm,file,327,0o644
var/www/help/es/wireless_general.htm,file,327,0o644
var/www/help/es/wireless_intro.htm,file,327,0o644
var/www/help/es/wireless_security.htm,file,327,0o644
var/www/help/es/wireless_security_settings.htm,file,327,0o644
var/www/help/es/wireless_statistics.htm,file,326,0o644
var/www/help/es/wireless_tips.htm,file,327,0o644
var/www/help/es/wizard_password.htm,file,324,0o644
var/www/help/fr,dir,9120,0o755
var/www/help/fr/8021x_authentication.htm,file,327,0o644
var/www/help/fr/Protect_Link01.htm,file,3490,0o644
var/www/help/fr/Protect_Link02.htm,file,4597,0o644
var/www/help/fr/Protect_Link03.htm,file,2821,0o644
var/www/help/fr/Protect_Link04.htm,file,4823,0o644
var/www/help/fr/Protect_Link05.htm,file,4863,0o644
var/www/help/fr/Protect_Link07.htm,file,3824,0o644
var/www/help/fr/Protect_Link08.htm,file,4477,0o644
var/www/help/fr/Protect_Link09.htm,file,7771,0o644
var/www/help/fr/Protect_Link11.htm,file,4052,0o644
var/www/help/fr/Protect_Link12.htm,file,2683,0o644
var/www/help/fr/VPN_defaults.htm,file,313,0o644
var/www/help/fr/access_priorities.htm,file,325,0o644
var/www/help/fr/access_rules.htm,file,328,0o644
var/www/help/fr/active_users.htm,file,326,0o644
var/www/help/fr/add_access_rules.htm,file,328,0o644
var/www/help/fr/add_port_rules.htm,file,325,0o644
var/www/help/fr/admin_language.htm,file,333,0o644
var/www/help/fr/administering01.htm,file,4631,0o644
var/www/help/fr/administering02.htm,file,3173,0o644
var/www/help/fr/administering03.htm,file,5458,0o644
var/www/help/fr/administering04.htm,file,6225,0o644
var/www/help/fr/administering05.htm,file,3249,0o644
var/www/help/fr/administering06.htm,file,3568,0o644
var/www/help/fr/administering07.htm,file,3683,0o644
var/www/help/fr/administering08.htm,file,5941,0o644
var/www/help/fr/administering09.htm,file,2951,0o644
var/www/help/fr/administering10.htm,file,3716,0o644
var/www/help/fr/administering11.htm,file,4094,0o644
var/www/help/fr/administering12.htm,file,3457,0o644
var/www/help/fr/administering13.htm,file,5500,0o644
var/www/help/fr/administering14.htm,file,6724,0o644
var/www/help/fr/administering15.htm,file,3839,0o644
var/www/help/fr/administering16.htm,file,4679,0o644
var/www/help/fr/administering17.htm,file,7272,0o644
var/www/help/fr/administering18.htm,file,2913,0o644
var/www/help/fr/administering19.htm,file,3151,0o644
var/www/help/fr/administering20.htm,file,6736,0o644
var/www/help/fr/administering21.htm,file,4787,0o644
var/www/help/fr/administering22.htm,file,3806,0o644
var/www/help/fr/administering23.htm,file,3863,0o644
var/www/help/fr/administering24.htm,file,3874,0o644
var/www/help/fr/administering25.htm,file,9450,0o644
var/www/help/fr/administering26.htm,file,2551,0o644
var/www/help/fr/administering27.htm,file,6482,0o644
var/www/help/fr/administering28.htm,file,3517,0o644
var/www/help/fr/administering29.htm,file,2765,0o644
var/www/help/fr/administering30.htm,file,2964,0o644
var/www/help/fr/administering31.htm,file,3968,0o644
var/www/help/fr/administering32.htm,file,5274,0o644
var/www/help/fr/administering33.htm,file,6788,0o644
var/www/help/fr/administering34.htm,file,10432,0o644
var/www/help/fr/administering35.htm,file,2554,0o644
var/www/help/fr/administering36.htm,file,5050,0o644
var/www/help/fr/administering37.htm,file,6029,0o644
var/www/help/fr/administering38.htm,file,6216,0o644
var/www/help/fr/administering39.htm,file,5368,0o644
var/www/help/fr/administering40.htm,file,2779,0o644
var/www/help/fr/administering41.htm,file,9321,0o644
var/www/help/fr/administering42.htm,file,2733,0o644
var/www/help/fr/administering43.htm,file,4925,0o644
var/www/help/fr/administering44.htm,file,2479,0o644
var/www/help/fr/administering45.htm,file,3368,0o644
var/www/help/fr/administration_intro.htm,file,332,0o644
var/www/help/fr/advanced_dhcp.htm,file,329,0o644
var/www/help/fr/advanced_firwall_intro.htm,file,325,0o644
var/www/help/fr/allowed_networks.htm,file,325,0o644
var/www/help/fr/attack_prevention.htm,file,325,0o644
var/www/help/fr/backup_restore.htm,file,332,0o644
var/www/help/fr/bonjour.htm,file,332,0o644
var/www/help/fr/captures.htm,file,332,0o644
var/www/help/fr/certificates.htm,file,327,0o644
var/www/help/fr/certificates_active.htm,file,327,0o644
var/www/help/fr/certificates_request.htm,file,327,0o644
var/www/help/fr/certificates_trusted.htm,file,327,0o644
var/www/help/fr/certificates_view.htm,file,327,0o644
var/www/help/fr/config.js,file,2921,0o644
var/www/help/fr/configuration_intro.htm,file,323,0o644
var/www/help/fr/connected_clients.htm,file,327,0o644
var/www/help/fr/content_filtering.htm,file,325,0o644
var/www/help/fr/cos_dscp.htm,file,321,0o644
var/www/help/fr/cos_intro.htm,file,321,0o644
var/www/help/fr/cos_settings.htm,file,321,0o644
var/www/help/fr/csv_create.htm,file,332,0o644
var/www/help/fr/csv_import.htm,file,332,0o644
var/www/help/fr/csv_intro.htm,file,332,0o644
var/www/help/fr/default_outbound.htm,file,328,0o644
var/www/help/fr/dhcp_clients.htm,file,329,0o644
var/www/help/fr/dhcp_config.htm,file,320,0o644
var/www/help/fr/diagnostics_intro.htm,file,332,0o644
var/www/help/fr/discovery_intro.htm,file,332,0o644
var/www/help/fr/dmz_host.htm,file,325,0o644
var/www/help/fr/domains_intro.htm,file,332,0o644
var/www/help/fr/domains_settings.htm,file,332,0o644
var/www/help/fr/domains_table.htm,file,332,0o644
var/www/help/fr/dynamic_DNS.htm,file,329,0o644
var/www/help/fr/dynamic_routing.htm,file,329,0o644
var/www/help/fr/es_glossary_RV1.htm,file,9465,0o644
var/www/help/fr/filename_hlp.js,file,25862,0o644
var/www/help/fr/filename_sch.js,file,166612,0o644
var/www/help/fr/firewall01.htm,file,3674,0o644
var/www/help/fr/firewall02.htm,file,6387,0o644
var/www/help/fr/firewall03.htm,file,2985,0o644
var/www/help/fr/firewall04.htm,file,7319,0o644
var/www/help/fr/firewall05.htm,file,15164,0o644
var/www/help/fr/firewall06.htm,file,5462,0o644
var/www/help/fr/firewall07.htm,file,6615,0o644
var/www/help/fr/firewall08.htm,file,9627,0o644
var/www/help/fr/firewall09.htm,file,3747,0o644
var/www/help/fr/firewall10.htm,file,4544,0o644
var/www/help/fr/firewall11.htm,file,3832,0o644
var/www/help/fr/firewall12.htm,file,4406,0o644
var/www/help/fr/firewall13.htm,file,2865,0o644
var/www/help/fr/firewall14.htm,file,5467,0o644
var/www/help/fr/firewall15.htm,file,11326,0o644
var/www/help/fr/firewall16.htm,file,4066,0o644
var/www/help/fr/firewall17.htm,file,3416,0o644
var/www/help/fr/firewall18.htm,file,2683,0o644
var/www/help/fr/firewall19.htm,file,5038,0o644
var/www/help/fr/firewall20.htm,file,3767,0o644
var/www/help/fr/firewall21.htm,file,6609,0o644
var/www/help/fr/firewall22.htm,file,4596,0o644
var/www/help/fr/firewall23.htm,file,2931,0o644
var/www/help/fr/firewall24.htm,file,4264,0o644
var/www/help/fr/firewall25.htm,file,4330,0o644
var/www/help/fr/firewall26.htm,file,2737,0o644
var/www/help/fr/firewall27.htm,file,3561,0o644
var/www/help/fr/firewall28.htm,file,4825,0o644
var/www/help/fr/firewall29.htm,file,5408,0o644
var/www/help/fr/firewall30.htm,file,3461,0o644
var/www/help/fr/firewall31.htm,file,5061,0o644
var/www/help/fr/firewall32.htm,file,4239,0o644
var/www/help/fr/firewall33.htm,file,3016,0o644
var/www/help/fr/firewall34.htm,file,15283,0o644
var/www/help/fr/firewall35.htm,file,15556,0o644
var/www/help/fr/firewall_examples.htm,file,325,0o644
var/www/help/fr/firewall_features.htm,file,325,0o644
var/www/help/fr/firewall_intro.htm,file,325,0o644
var/www/help/fr/firewall_logs.htm,file,332,0o644
var/www/help/fr/firewall_mac.htm,file,325,0o644
var/www/help/fr/firmware_upgrade.htm,file,332,0o644
var/www/help/fr/ftiens4.js,file,34532,0o644
var/www/help/fr/getting_started.htm,file,323,0o644
var/www/help/fr/glossaire.htm,file,332,0o644
var/www/help/fr/glossary.htm,file,331,0o644
var/www/help/fr/glossary_RV-FR1.htm,file,12485,0o644
var/www/help/fr/group_settings.htm,file,332,0o644
var/www/help/fr/groups_intro.htm,file,332,0o644
var/www/help/fr/groups_table.htm,file,332,0o644
var/www/help/fr/help_Security_Protection_License.htm,file,2574,0o644
var/www/help/fr/help_Security_Protection_URL.htm,file,2637,0o644
var/www/help/fr/igmp_intro.htm,file,325,0o644
var/www/help/fr/igmp_table.htm,file,325,0o644
var/www/help/fr/ike_policies.htm,file,322,0o644
var/www/help/fr/index.htm,file,15319,0o644
var/www/help/fr/indexEnter.htm,file,7854,0o644
var/www/help/fr/indexList.htm,file,2371,0o644
var/www/help/fr/interface_statistics.htm,file,326,0o644
var/www/help/fr/intro.htm,file,323,0o644
var/www/help/fr/intro1.htm,file,2730,0o644
var/www/help/fr/intro2.htm,file,3594,0o644
var/www/help/fr/intro3.htm,file,3582,0o644
var/www/help/fr/intro4.htm,file,3750,0o644
var/www/help/fr/intro5.htm,file,4092,0o644
var/www/help/fr/intro6.htm,file,5218,0o644
var/www/help/fr/intro7.htm,file,3411,0o644
var/www/help/fr/intro8.htm,file,5199,0o644
var/www/help/fr/ipmac_binding.htm,file,325,0o644
var/www/help/fr/ipmode.htm,file,329,0o644
var/www/help/fr/ipsec_status.htm,file,325,0o644
var/www/help/fr/ipv6_intro.htm,file,329,0o644
var/www/help/fr/ipv6_lan.htm,file,330,0o644
var/www/help/fr/ipv6_static_intro.htm,file,330,0o644
var/www/help/fr/ipv6_static_managing.htm,file,329,0o644
var/www/help/fr/ipv6_static_settings.htm,file,329,0o644
var/www/help/fr/ipv6_tunneling.htm,file,329,0o644
var/www/help/fr/ipv6_wan.htm,file,329,0o644
var/www/help/fr/isatap.htm,file,329,0o644
var/www/help/fr/jumbo.htm,file,329,0o644
var/www/help/fr/lan_hosts.htm,file,326,0o644
var/www/help/fr/lan_ipv4_intro.htm,file,329,0o644
var/www/help/fr/lan_ipv4_settings.htm,file,329,0o644
var/www/help/fr/links.htm,file,327,0o644
var/www/help/fr/log_policies_intro.htm,file,332,0o644
var/www/help/fr/log_policies_settings.htm,file,332,0o644
var/www/help/fr/log_policies_table.htm,file,332,0o644
var/www/help/fr/logging_intro.htm,file,332,0o644
var/www/help/fr/mac_filtering.htm,file,327,0o644
var/www/help/fr/multivlan_intro.htm,file,329,0o644
var/www/help/fr/multivlan_settings.htm,file,329,0o644
var/www/help/fr/multivlan_table.htm,file,329,0o644
var/www/help/fr/nat_intro.htm,file,325,0o644
var/www/help/fr/nat_managing.htm,file,325,0o644
var/www/help/fr/nat_settings.htm,file,325,0o644
var/www/help/fr/navpane_idx.htm,file,1529,0o644
var/www/help/fr/navpane_toc.htm,file,1462,0o644
var/www/help/fr/navtabs_idx.htm,file,2554,0o644
var/www/help/fr/navtabs_toc.htm,file,2160,0o644
var/www/help/fr/network_tools.htm,file,332,0o644
var/www/help/fr/networking01.htm,file,3215,0o644
var/www/help/fr/networking02.htm,file,2954,0o644
var/www/help/fr/networking03.htm,file,11562,0o644
var/www/help/fr/networking04.htm,file,2849,0o644
var/www/help/fr/networking05.htm,file,3697,0o644
var/www/help/fr/networking06.htm,file,6207,0o644
var/www/help/fr/networking07.htm,file,3440,0o644
var/www/help/fr/networking08.htm,file,9517,0o644
var/www/help/fr/networking09.htm,file,6094,0o644
var/www/help/fr/networking10.htm,file,2739,0o644
var/www/help/fr/networking11.htm,file,2826,0o644
var/www/help/fr/networking12.htm,file,6770,0o644
var/www/help/fr/networking13.htm,file,4498,0o644
var/www/help/fr/networking14.htm,file,6568,0o644
var/www/help/fr/networking15.htm,file,2629,0o644
var/www/help/fr/networking16.htm,file,2903,0o644
var/www/help/fr/networking17.htm,file,2757,0o644
var/www/help/fr/networking18.htm,file,3711,0o644
var/www/help/fr/networking19.htm,file,9228,0o644
var/www/help/fr/networking20.htm,file,2774,0o644
var/www/help/fr/networking21.htm,file,3604,0o644
var/www/help/fr/networking22.htm,file,5797,0o644
var/www/help/fr/networking23.htm,file,7967,0o644
var/www/help/fr/networking24.htm,file,4941,0o644
var/www/help/fr/networking25.htm,file,5616,0o644
var/www/help/fr/networking26.htm,file,3292,0o644
var/www/help/fr/networking27.htm,file,3166,0o644
var/www/help/fr/networking28.htm,file,6788,0o644
var/www/help/fr/networking29.htm,file,8646,0o644
var/www/help/fr/networking30.htm,file,3457,0o644
var/www/help/fr/networking31.htm,file,4146,0o644
var/www/help/fr/networking32.htm,file,4913,0o644
var/www/help/fr/networking33.htm,file,5854,0o644
var/www/help/fr/networking34.htm,file,4422,0o644
var/www/help/fr/networking35.htm,file,7529,0o644
var/www/help/fr/networking36.htm,file,2751,0o644
var/www/help/fr/networking37.htm,file,3639,0o644
var/www/help/fr/networking38.htm,file,4960,0o644
var/www/help/fr/networking_intro.htm,file,329,0o644
var/www/help/fr/open_ports.htm,file,325,0o644
var/www/help/fr/password_rules.htm,file,332,0o644
var/www/help/fr/port_forwarding_intro.htm,file,325,0o644
var/www/help/fr/port_forwarding_managing.htm,file,325,0o644
var/www/help/fr/port_forwarding_settings.htm,file,325,0o644
var/www/help/fr/port_management.htm,file,329,0o644
var/www/help/fr/port_statistics.htm,file,325,0o644
var/www/help/fr/port_triggering.htm,file,325,0o644
var/www/help/fr/port_triggering_managing.htm,file,325,0o644
var/www/help/fr/port_triggering_status.htm,file,326,0o644
var/www/help/fr/portals_managing.htm,file,322,0o644
var/www/help/fr/portals_settings.htm,file,322,0o644
var/www/help/fr/pppoe_intro.htm,file,329,0o644
var/www/help/fr/pppoe_profiles.htm,file,329,0o644
var/www/help/fr/pppoe_settings.htm,file,329,0o644
var/www/help/fr/presearch_code.js,file,4331,0o644
var/www/help/fr/product_overview.htm,file,323,0o644
var/www/help/fr/profile_binding_intro.htm,file,321,0o644
var/www/help/fr/profile_binding_settings.htm,file,321,0o644
var/www/help/fr/profile_binding_table.htm,file,321,0o644
var/www/help/fr/protectlink_clients.htm,file,331,0o644
var/www/help/fr/protectlink_global_intro.htm,file,331,0o644
var/www/help/fr/protectlink_intro.htm,file,331,0o644
var/www/help/fr/protectlink_license.htm,file,350,0o644
var/www/help/fr/protectlink_overflow.htm,file,331,0o644
var/www/help/fr/protectlink_purchase.htm,file,331,0o644
var/www/help/fr/protectlink_renewal.htm,file,332,0o644
var/www/help/fr/protectlink_summary.htm,file,332,0o644
var/www/help/fr/protectlink_url.htm,file,332,0o644
var/www/help/fr/protectlink_urls.htm,file,331,0o644
var/www/help/fr/protectlink_web.htm,file,331,0o644
var/www/help/fr/protectlink_web_intro.htm,file,345,0o644
var/www/help/fr/qos1.htm,file,2814,0o644
var/www/help/fr/qos2.htm,file,8444,0o644
var/www/help/fr/qos3.htm,file,3243,0o644
var/www/help/fr/qos4.htm,file,3751,0o644
var/www/help/fr/qos5.htm,file,6208,0o644
var/www/help/fr/qos6.htm,file,2653,0o644
var/www/help/fr/qos7.htm,file,3490,0o644
var/www/help/fr/qos8.htm,file,3551,0o644
var/www/help/fr/qos_intro.htm,file,321,0o644
var/www/help/fr/qos_profiles.htm,file,321,0o644
var/www/help/fr/radius_intro.htm,file,327,0o644
var/www/help/fr/radius_settings.htm,file,327,0o644
var/www/help/fr/radius_table.htm,file,327,0o644
var/www/help/fr/radvd.htm,file,329,0o644
var/www/help/fr/radvd_prefixes_intro.htm,file,329,0o644
var/www/help/fr/radvd_prefixes_managing.htm,file,329,0o644
var/www/help/fr/radvd_prefixes_settings.htm,file,329,0o644
var/www/help/fr/reboot.htm,file,332,0o644
var/www/help/fr/remote_logging.htm,file,332,0o644
var/www/help/fr/remote_management.htm,file,332,0o644
var/www/help/fr/restore_defaults.htm,file,332,0o644
var/www/help/fr/routing_intro.htm,file,329,0o644
var/www/help/fr/routing_mode.htm,file,329,0o644
var/www/help/fr/routing_table.htm,file,329,0o644
var/www/help/fr/schedules_intro.htm,file,325,0o644
var/www/help/fr/schedules_managing.htm,file,325,0o644
var/www/help/fr/schedules_settings.htm,file,325,0o644
var/www/help/fr/search_results.htm,file,698,0o644
var/www/help/fr/searchcode.js,file,8456,0o644
var/www/help/fr/security01.htm,file,2943,0o644
var/www/help/fr/security02.htm,file,9554,0o644
var/www/help/fr/security03.htm,file,2801,0o644
var/www/help/fr/security04.htm,file,2795,0o644
var/www/help/fr/security05.htm,file,6601,0o644
var/www/help/fr/security06.htm,file,3000,0o644
var/www/help/fr/security07.htm,file,2763,0o644
var/www/help/fr/security08.htm,file,4760,0o644
var/www/help/fr/security09.htm,file,4214,0o644
var/www/help/fr/security10.htm,file,4486,0o644
var/www/help/fr/security_intro.htm,file,327,0o644
var/www/help/fr/services_intro.htm,file,325,0o644
var/www/help/fr/services_managing.htm,file,325,0o644
var/www/help/fr/services_settings.htm,file,325,0o644
var/www/help/fr/session_settings.htm,file,325,0o644
var/www/help/fr/setup_wizard.htm,file,323,0o644
var/www/help/fr/sip_alg.htm,file,325,0o644
var/www/help/fr/snmp_acl.htm,file,333,0o644
var/www/help/fr/snmp_information.htm,file,332,0o644
var/www/help/fr/snmp_intro.htm,file,332,0o644
var/www/help/fr/snmp_traps.htm,file,332,0o644
var/www/help/fr/snmp_users_intro.htm,file,333,0o644
var/www/help/fr/snmp_users_security.htm,file,332,0o644
var/www/help/fr/snmp_users_table.htm,file,333,0o644
var/www/help/fr/ssid_schedule.htm,file,327,0o644
var/www/help/fr/ssl_client_intro.htm,file,322,0o644
var/www/help/fr/ssl_client_screen.htm,file,322,0o644
var/www/help/fr/ssl_forwarding_intro.htm,file,322,0o644
var/www/help/fr/ssl_forwarding_name.htm,file,322,0o644
var/www/help/fr/ssl_forwarding_settings.htm,file,322,0o644
var/www/help/fr/ssl_forwarding_table.htm,file,322,0o644
var/www/help/fr/ssl_policies_intro.htm,file,322,0o644
var/www/help/fr/ssl_policies_settings.htm,file,322,0o644
var/www/help/fr/ssl_policies_table.htm,file,322,0o644
var/www/help/fr/ssl_portal_view.htm,file,322,0o644
var/www/help/fr/ssl_resources_intro.htm,file,322,0o644
var/www/help/fr/ssl_resources_settings.htm,file,322,0o644
var/www/help/fr/ssl_resources_table.htm,file,322,0o644
var/www/help/fr/ssl_routes_intro.htm,file,322,0o644
var/www/help/fr/ssl_routes_settings.htm,file,322,0o644
var/www/help/fr/ssl_routes_table.htm,file,322,0o644
var/www/help/fr/ssl_status.htm,file,326,0o644
var/www/help/fr/static_dhcp.htm,file,329,0o644
var/www/help/fr/static_managing.htm,file,329,0o644
var/www/help/fr/static_routes_intro.htm,file,329,0o644
var/www/help/fr/static_settings.htm,file,329,0o644
var/www/help/fr/status01.htm,file,4195,0o644
var/www/help/fr/status02.htm,file,19673,0o644
var/www/help/fr/status03.htm,file,13775,0o644
var/www/help/fr/status04.htm,file,4724,0o644
var/www/help/fr/status05.htm,file,4453,0o644
var/www/help/fr/status06.htm,file,4613,0o644
var/www/help/fr/status07.htm,file,6982,0o644
var/www/help/fr/status08.htm,file,3312,0o644
var/www/help/fr/status09.htm,file,3618,0o644
var/www/help/fr/status10.htm,file,4720,0o644
var/www/help/fr/status11.htm,file,3733,0o644
var/www/help/fr/status12.htm,file,3894,0o644
var/www/help/fr/status13.htm,file,3227,0o644
var/www/help/fr/status14.htm,file,5367,0o644
var/www/help/fr/status_dashboard.htm,file,325,0o644
var/www/help/fr/status_intro.htm,file,325,0o644
var/www/help/fr/suggested_steps.htm,file,323,0o644
var/www/help/fr/system_summary.htm,file,326,0o644
var/www/help/fr/time.htm,file,332,0o644
var/www/help/fr/tocExpand.htm,file,1254,0o644
var/www/help/fr/tocFrame.htm,file,1922,0o644
var/www/help/fr/tocNodes.js,file,20826,0o644
var/www/help/fr/upnp.htm,file,332,0o644
var/www/help/fr/url_blocking.htm,file,325,0o644
var/www/help/fr/user_byIP.htm,file,332,0o644
var/www/help/fr/user_interface.htm,file,324,0o644
var/www/help/fr/user_management_intro.htm,file,332,0o644
var/www/help/fr/user_policies.htm,file,332,0o644
var/www/help/fr/user_settings.htm,file,332,0o644
var/www/help/fr/users_byBrowser.htm,file,332,0o644
var/www/help/fr/users_intro.htm,file,332,0o644
var/www/help/fr/users_table.htm,file,332,0o644
var/www/help/fr/view_logs.htm,file,325,0o644
var/www/help/fr/vlan_membership.htm,file,329,0o644
var/www/help/fr/vpn01.htm,file,3154,0o644
var/www/help/fr/vpn02.htm,file,14578,0o644
var/www/help/fr/vpn03.htm,file,9377,0o644
var/www/help/fr/vpn04.htm,file,3140,0o644
var/www/help/fr/vpn05.htm,file,6886,0o644
var/www/help/fr/vpn06.htm,file,14606,0o644
var/www/help/fr/vpn07.htm,file,18891,0o644
var/www/help/fr/vpn08.htm,file,9320,0o644
var/www/help/fr/vpn09.htm,file,3754,0o644
var/www/help/fr/vpn10.htm,file,4391,0o644
var/www/help/fr/vpn11.htm,file,4009,0o644
var/www/help/fr/vpn12.htm,file,3531,0o644
var/www/help/fr/vpn13.htm,file,3827,0o644
var/www/help/fr/vpn14.htm,file,3440,0o644
var/www/help/fr/vpn15.htm,file,4878,0o644
var/www/help/fr/vpn16.htm,file,7038,0o644
var/www/help/fr/vpn17.htm,file,3035,0o644
var/www/help/fr/vpn18.htm,file,3528,0o644
var/www/help/fr/vpn19.htm,file,5799,0o644
var/www/help/fr/vpn20.htm,file,5994,0o644
var/www/help/fr/vpn21.htm,file,2799,0o644
var/www/help/fr/vpn22.htm,file,3626,0o644
var/www/help/fr/vpn23.htm,file,3222,0o644
var/www/help/fr/vpn24.htm,file,3213,0o644
var/www/help/fr/vpn25.htm,file,5647,0o644
var/www/help/fr/vpn26.htm,file,4985,0o644
var/www/help/fr/vpn27.htm,file,3831,0o644
var/www/help/fr/vpn28.htm,file,3280,0o644
var/www/help/fr/vpn29.htm,file,7294,0o644
var/www/help/fr/vpn30.htm,file,3278,0o644
var/www/help/fr/vpn31.htm,file,3852,0o644
var/www/help/fr/vpn32.htm,file,3353,0o644
var/www/help/fr/vpn33.htm,file,4451,0o644
var/www/help/fr/vpn_access.htm,file,322,0o644
var/www/help/fr/vpn_advanced_intro.htm,file,322,0o644
var/www/help/fr/vpn_basic.htm,file,322,0o644
var/www/help/fr/vpn_config_intro.htm,file,322,0o644
var/www/help/fr/vpn_elements.htm,file,322,0o644
var/www/help/fr/vpn_intro.htm,file,322,0o644
var/www/help/fr/vpn_passthrough.htm,file,322,0o644
var/www/help/fr/vpn_policies.htm,file,322,0o644
var/www/help/fr/vpn_policies_information.htm,file,322,0o644
var/www/help/fr/vpn_portals_intro.htm,file,322,0o644
var/www/help/fr/vpn_security.htm,file,322,0o644
var/www/help/fr/vpn_server_intro.htm,file,322,0o644
var/www/help/fr/vpn_status.htm,file,326,0o644
var/www/help/fr/vpn_table.htm,file,322,0o644
var/www/help/fr/vpn_users.htm,file,322,0o644
var/www/help/fr/wan_ipv4_intro.htm,file,330,0o644
var/www/help/fr/wan_ipv4_settings.htm,file,330,0o644
var/www/help/fr/wan_traffic.htm,file,332,0o644
var/www/help/fr/wds.htm,file,327,0o644
var/www/help/fr/wheretogo1.htm,file,5898,0o644
var/www/help/fr/wifi_qos.htm,file,327,0o644
var/www/help/fr/wireless01.htm,file,3015,0o644
var/www/help/fr/wireless02.htm,file,3118,0o644
var/www/help/fr/wireless03.htm,file,7132,0o644
var/www/help/fr/wireless04.htm,file,3051,0o644
var/www/help/fr/wireless05.htm,file,13527,0o644
var/www/help/fr/wireless06.htm,file,11266,0o644
var/www/help/fr/wireless07.htm,file,5571,0o644
var/www/help/fr/wireless08.htm,file,2962,0o644
var/www/help/fr/wireless09.htm,file,5468,0o644
var/www/help/fr/wireless10.htm,file,4362,0o644
var/www/help/fr/wireless11.htm,file,6442,0o644
var/www/help/fr/wireless12.htm,file,4898,0o644
var/www/help/fr/wireless_advanced.htm,file,327,0o644
var/www/help/fr/wireless_basic.htm,file,327,0o644
var/www/help/fr/wireless_general.htm,file,327,0o644
var/www/help/fr/wireless_intro.htm,file,327,0o644
var/www/help/fr/wireless_security.htm,file,327,0o644
var/www/help/fr/wireless_security_settings.htm,file,327,0o644
var/www/help/fr/wireless_statistics.htm,file,325,0o644
var/www/help/fr/wireless_tips.htm,file,327,0o644
var/www/help/fr/wizard_password.htm,file,324,0o644
var/www/help/it,dir,9080,0o755
var/www/help/it/8021x_authentication.htm,file,327,0o644
var/www/help/it/Protect_Link01.htm,file,3435,0o644
var/www/help/it/Protect_Link02.htm,file,4486,0o644
var/www/help/it/Protect_Link03.htm,file,2750,0o644
var/www/help/it/Protect_Link04.htm,file,4718,0o644
var/www/help/it/Protect_Link05.htm,file,4772,0o644
var/www/help/it/Protect_Link07.htm,file,3639,0o644
var/www/help/it/Protect_Link08.htm,file,4335,0o644
var/www/help/it/Protect_Link09.htm,file,7360,0o644
var/www/help/it/Protect_Link11.htm,file,3905,0o644
var/www/help/it/Protect_Link12.htm,file,2627,0o644
var/www/help/it/VPN_defaults.htm,file,313,0o644
var/www/help/it/access_priorities.htm,file,326,0o644
var/www/help/it/access_rules.htm,file,328,0o644
var/www/help/it/active_users.htm,file,325,0o644
var/www/help/it/add_access_rules.htm,file,326,0o644
var/www/help/it/add_port_rules.htm,file,326,0o644
var/www/help/it/admin_language.htm,file,333,0o644
var/www/help/it/administering01.htm,file,4548,0o644
var/www/help/it/administering02.htm,file,2822,0o644
var/www/help/it/administering03.htm,file,5258,0o644
var/www/help/it/administering04.htm,file,6045,0o644
var/www/help/it/administering05.htm,file,3056,0o644
var/www/help/it/administering06.htm,file,3423,0o644
var/www/help/it/administering07.htm,file,3653,0o644
var/www/help/it/administering08.htm,file,5613,0o644
var/www/help/it/administering09.htm,file,2860,0o644
var/www/help/it/administering10.htm,file,3716,0o644
var/www/help/it/administering11.htm,file,4040,0o644
var/www/help/it/administering12.htm,file,3318,0o644
var/www/help/it/administering13.htm,file,5275,0o644
var/www/help/it/administering14.htm,file,6241,0o644
var/www/help/it/administering15.htm,file,3669,0o644
var/www/help/it/administering16.htm,file,4594,0o644
var/www/help/it/administering17.htm,file,7050,0o644
var/www/help/it/administering18.htm,file,2793,0o644
var/www/help/it/administering19.htm,file,3109,0o644
var/www/help/it/administering20.htm,file,6584,0o644
var/www/help/it/administering21.htm,file,4568,0o644
var/www/help/it/administering22.htm,file,3703,0o644
var/www/help/it/administering23.htm,file,3816,0o644
var/www/help/it/administering24.htm,file,3696,0o644
var/www/help/it/administering25.htm,file,8965,0o644
var/www/help/it/administering26.htm,file,2544,0o644
var/www/help/it/administering27.htm,file,6308,0o644
var/www/help/it/administering28.htm,file,3575,0o644
var/www/help/it/administering29.htm,file,2730,0o644
var/www/help/it/administering30.htm,file,2909,0o644
var/www/help/it/administering31.htm,file,3938,0o644
var/www/help/it/administering32.htm,file,4997,0o644
var/www/help/it/administering33.htm,file,6803,0o644
var/www/help/it/administering34.htm,file,9970,0o644
var/www/help/it/administering35.htm,file,2567,0o644
var/www/help/it/administering36.htm,file,4850,0o644
var/www/help/it/administering37.htm,file,5937,0o644
var/www/help/it/administering38.htm,file,5973,0o644
var/www/help/it/administering39.htm,file,5334,0o644
var/www/help/it/administering40.htm,file,2660,0o644
var/www/help/it/administering41.htm,file,9251,0o644
var/www/help/it/administering42.htm,file,2649,0o644
var/www/help/it/administering43.htm,file,4664,0o644
var/www/help/it/administering44.htm,file,2449,0o644
var/www/help/it/administering45.htm,file,3382,0o644
var/www/help/it/administration_intro.htm,file,332,0o644
var/www/help/it/advanced_dhcp.htm,file,329,0o644
var/www/help/it/advanced_firwall_intro.htm,file,326,0o644
var/www/help/it/allowed_networks.htm,file,326,0o644
var/www/help/it/attack_prevention.htm,file,326,0o644
var/www/help/it/backup_restore.htm,file,332,0o644
var/www/help/it/bonjour.htm,file,332,0o644
var/www/help/it/captures.htm,file,332,0o644
var/www/help/it/certificates.htm,file,327,0o644
var/www/help/it/certificates_active.htm,file,327,0o644
var/www/help/it/certificates_request.htm,file,327,0o644
var/www/help/it/certificates_trusted.htm,file,327,0o644
var/www/help/it/certificates_view.htm,file,327,0o644
var/www/help/it/config.js,file,2886,0o644
var/www/help/it/configuration_intro.htm,file,323,0o644
var/www/help/it/connected_clients.htm,file,327,0o644
var/www/help/it/content_filtering.htm,file,326,0o644
var/www/help/it/cos_dscp.htm,file,321,0o644
var/www/help/it/cos_intro.htm,file,321,0o644
var/www/help/it/cos_settings.htm,file,321,0o644
var/www/help/it/csv_create.htm,file,332,0o644
var/www/help/it/csv_import.htm,file,332,0o644
var/www/help/it/csv_intro.htm,file,332,0o644
var/www/help/it/default_outbound.htm,file,328,0o644
var/www/help/it/dhcp_clients.htm,file,329,0o644
var/www/help/it/dhcp_config.htm,file,320,0o644
var/www/help/it/diagnostics_intro.htm,file,332,0o644
var/www/help/it/discovery_intro.htm,file,332,0o644
var/www/help/it/dmz_host.htm,file,326,0o644
var/www/help/it/domains_intro.htm,file,332,0o644
var/www/help/it/domains_settings.htm,file,332,0o644
var/www/help/it/domains_table.htm,file,332,0o644
var/www/help/it/dynamic_DNS.htm,file,329,0o644
var/www/help/it/dynamic_routing.htm,file,329,0o644
var/www/help/it/filename_hlp.js,file,25421,0o644
var/www/help/it/filename_sch.js,file,160821,0o644
var/www/help/it/firewall01.htm,file,3695,0o644
var/www/help/it/firewall02.htm,file,6338,0o644
var/www/help/it/firewall03.htm,file,2987,0o644
var/www/help/it/firewall04.htm,file,7154,0o644
var/www/help/it/firewall05.htm,file,14627,0o644
var/www/help/it/firewall06.htm,file,5625,0o644
var/www/help/it/firewall07.htm,file,6367,0o644
var/www/help/it/firewall08.htm,file,9370,0o644
var/www/help/it/firewall09.htm,file,3784,0o644
var/www/help/it/firewall10.htm,file,4603,0o644
var/www/help/it/firewall11.htm,file,3807,0o644
var/www/help/it/firewall12.htm,file,4376,0o644
var/www/help/it/firewall13.htm,file,2914,0o644
var/www/help/it/firewall14.htm,file,5516,0o644
var/www/help/it/firewall15.htm,file,11300,0o644
var/www/help/it/firewall16.htm,file,3987,0o644
var/www/help/it/firewall17.htm,file,3459,0o644
var/www/help/it/firewall18.htm,file,2658,0o644
var/www/help/it/firewall19.htm,file,5088,0o644
var/www/help/it/firewall20.htm,file,3669,0o644
var/www/help/it/firewall21.htm,file,6529,0o644
var/www/help/it/firewall22.htm,file,4554,0o644
var/www/help/it/firewall23.htm,file,2906,0o644
var/www/help/it/firewall24.htm,file,4230,0o644
var/www/help/it/firewall25.htm,file,4280,0o644
var/www/help/it/firewall26.htm,file,2791,0o644
var/www/help/it/firewall27.htm,file,3641,0o644
var/www/help/it/firewall28.htm,file,4891,0o644
var/www/help/it/firewall29.htm,file,5136,0o644
var/www/help/it/firewall30.htm,file,3362,0o644
var/www/help/it/firewall31.htm,file,5215,0o644
var/www/help/it/firewall32.htm,file,3827,0o644
var/www/help/it/firewall33.htm,file,2965,0o644
var/www/help/it/firewall34.htm,file,15155,0o644
var/www/help/it/firewall_examples.htm,file,326,0o644
var/www/help/it/firewall_features.htm,file,326,0o644
var/www/help/it/firewall_intro.htm,file,326,0o644
var/www/help/it/firewall_logs.htm,file,332,0o644
var/www/help/it/firewall_mac.htm,file,326,0o644
var/www/help/it/firmware_upgrade.htm,file,332,0o644
var/www/help/it/ftiens4.js,file,34532,0o644
var/www/help/it/getting_started.htm,file,323,0o644
var/www/help/it/glossary.htm,file,332,0o644
var/www/help/it/glossary_RV1.htm,file,9392,0o644
var/www/help/it/group_settings.htm,file,332,0o644
var/www/help/it/groups_intro.htm,file,332,0o644
var/www/help/it/groups_table.htm,file,332,0o644
var/www/help/it/help_Security_Protection_License.htm,file,2548,0o644
var/www/help/it/help_Security_Protection_URL.htm,file,2603,0o644
var/www/help/it/igmp_intro.htm,file,326,0o644
var/www/help/it/igmp_table.htm,file,326,0o644
var/www/help/it/ike_policies.htm,file,322,0o644
var/www/help/it/index.htm,file,15319,0o644
var/www/help/it/indexEnter.htm,file,7854,0o644
var/www/help/it/indexList.htm,file,2371,0o644
var/www/help/it/interface_statistics.htm,file,325,0o644
var/www/help/it/intro.htm,file,323,0o644
var/www/help/it/intro1.htm,file,2752,0o644
var/www/help/it/intro2.htm,file,3459,0o644
var/www/help/it/intro3.htm,file,3704,0o644
var/www/help/it/intro4.htm,file,3728,0o644
var/www/help/it/intro5.htm,file,3941,0o644
var/www/help/it/intro6.htm,file,5161,0o644
var/www/help/it/intro7.htm,file,3410,0o644
var/www/help/it/intro8.htm,file,4947,0o644
var/www/help/it/ipmac_binding.htm,file,326,0o644
var/www/help/it/ipmode.htm,file,329,0o644
var/www/help/it/ipsec_status.htm,file,325,0o644
var/www/help/it/ipv6_intro.htm,file,329,0o644
var/www/help/it/ipv6_lan.htm,file,330,0o644
var/www/help/it/ipv6_static_intro.htm,file,329,0o644
var/www/help/it/ipv6_static_managing.htm,file,329,0o644
var/www/help/it/ipv6_static_settings.htm,file,330,0o644
var/www/help/it/ipv6_tunneling.htm,file,329,0o644
var/www/help/it/ipv6_wan.htm,file,329,0o644
var/www/help/it/isatap.htm,file,329,0o644
var/www/help/it/it_glossary_RV1.htm,file,9014,0o644
var/www/help/it/jumbo.htm,file,329,0o644
var/www/help/it/lan_hosts.htm,file,325,0o644
var/www/help/it/lan_ipv4_intro.htm,file,329,0o644
var/www/help/it/lan_ipv4_settings.htm,file,330,0o644
var/www/help/it/links.htm,file,326,0o644
var/www/help/it/log_policies_intro.htm,file,332,0o644
var/www/help/it/log_policies_settings.htm,file,332,0o644
var/www/help/it/log_policies_table.htm,file,332,0o644
var/www/help/it/logging_intro.htm,file,332,0o644
var/www/help/it/mac_filtering.htm,file,327,0o644
var/www/help/it/multivlan_intro.htm,file,329,0o644
var/www/help/it/multivlan_settings.htm,file,329,0o644
var/www/help/it/multivlan_table.htm,file,329,0o644
var/www/help/it/nat_intro.htm,file,326,0o644
var/www/help/it/nat_managing.htm,file,326,0o644
var/www/help/it/nat_settings.htm,file,326,0o644
var/www/help/it/navpane_idx.htm,file,1529,0o644
var/www/help/it/navpane_toc.htm,file,1462,0o644
var/www/help/it/navtabs_idx.htm,file,2554,0o644
var/www/help/it/navtabs_toc.htm,file,2160,0o644
var/www/help/it/network_tools.htm,file,332,0o644
var/www/help/it/networking01.htm,file,3215,0o644
var/www/help/it/networking02.htm,file,2959,0o644
var/www/help/it/networking03.htm,file,11531,0o644
var/www/help/it/networking04.htm,file,2949,0o644
var/www/help/it/networking05.htm,file,3709,0o644
var/www/help/it/networking06.htm,file,6126,0o644
var/www/help/it/networking07.htm,file,3441,0o644
var/www/help/it/networking08.htm,file,9100,0o644
var/www/help/it/networking09.htm,file,6108,0o644
var/www/help/it/networking10.htm,file,2747,0o644
var/www/help/it/networking11.htm,file,2825,0o644
var/www/help/it/networking12.htm,file,6641,0o644
var/www/help/it/networking13.htm,file,4456,0o644
var/www/help/it/networking14.htm,file,6412,0o644
var/www/help/it/networking15.htm,file,2621,0o644
var/www/help/it/networking16.htm,file,2871,0o644
var/www/help/it/networking17.htm,file,2763,0o644
var/www/help/it/networking18.htm,file,3649,0o644
var/www/help/it/networking19.htm,file,7706,0o644
var/www/help/it/networking20.htm,file,2764,0o644
var/www/help/it/networking21.htm,file,3616,0o644
var/www/help/it/networking22.htm,file,5727,0o644
var/www/help/it/networking23.htm,file,7551,0o644
var/www/help/it/networking24.htm,file,4924,0o644
var/www/help/it/networking25.htm,file,5468,0o644
var/www/help/it/networking26.htm,file,3307,0o644
var/www/help/it/networking27.htm,file,3037,0o644
var/www/help/it/networking28.htm,file,6679,0o644
var/www/help/it/networking29.htm,file,8447,0o644
var/www/help/it/networking30.htm,file,3354,0o644
var/www/help/it/networking31.htm,file,4115,0o644
var/www/help/it/networking32.htm,file,4859,0o644
var/www/help/it/networking33.htm,file,5748,0o644
var/www/help/it/networking34.htm,file,4285,0o644
var/www/help/it/networking35.htm,file,6996,0o644
var/www/help/it/networking36.htm,file,2750,0o644
var/www/help/it/networking37.htm,file,3565,0o644
var/www/help/it/networking38.htm,file,4877,0o644
var/www/help/it/networking_intro.htm,file,329,0o644
var/www/help/it/open_ports.htm,file,326,0o644
var/www/help/it/password_rules.htm,file,332,0o644
var/www/help/it/port_forwarding_intro.htm,file,326,0o644
var/www/help/it/port_forwarding_managing.htm,file,326,0o644
var/www/help/it/port_forwarding_settings.htm,file,326,0o644
var/www/help/it/port_management.htm,file,329,0o644
var/www/help/it/port_statistics.htm,file,326,0o644
var/www/help/it/port_triggering.htm,file,326,0o644
var/www/help/it/port_triggering_managing.htm,file,326,0o644
var/www/help/it/port_triggering_status.htm,file,325,0o644
var/www/help/it/portals_managing.htm,file,322,0o644
var/www/help/it/portals_settings.htm,file,322,0o644
var/www/help/it/pppoe_intro.htm,file,329,0o644
var/www/help/it/pppoe_profiles.htm,file,329,0o644
var/www/help/it/pppoe_settings.htm,file,329,0o644
var/www/help/it/presearch_code.js,file,4331,0o644
var/www/help/it/product_overview.htm,file,323,0o644
var/www/help/it/profile_binding_intro.htm,file,321,0o644
var/www/help/it/profile_binding_settings.htm,file,321,0o644
var/www/help/it/profile_binding_table.htm,file,321,0o644
var/www/help/it/protectlink_clients.htm,file,331,0o644
var/www/help/it/protectlink_global_intro.htm,file,331,0o644
var/www/help/it/protectlink_intro.htm,file,331,0o644
var/www/help/it/protectlink_license.htm,file,349,0o644
var/www/help/it/protectlink_overflow.htm,file,331,0o644
var/www/help/it/protectlink_purchase.htm,file,331,0o644
var/www/help/it/protectlink_renewal.htm,file,331,0o644
var/www/help/it/protectlink_summary.htm,file,331,0o644
var/www/help/it/protectlink_url.htm,file,331,0o644
var/www/help/it/protectlink_urls.htm,file,331,0o644
var/www/help/it/protectlink_web.htm,file,331,0o644
var/www/help/it/protectlink_web_intro.htm,file,345,0o644
var/www/help/it/qos1.htm,file,2787,0o644
var/www/help/it/qos2.htm,file,8438,0o644
var/www/help/it/qos3.htm,file,3114,0o644
var/www/help/it/qos4.htm,file,4018,0o644
var/www/help/it/qos5.htm,file,5758,0o644
var/www/help/it/qos6.htm,file,2635,0o644
var/www/help/it/qos7.htm,file,3399,0o644
var/www/help/it/qos8.htm,file,3482,0o644
var/www/help/it/qos_intro.htm,file,321,0o644
var/www/help/it/qos_profiles.htm,file,321,0o644
var/www/help/it/radius_intro.htm,file,327,0o644
var/www/help/it/radius_settings.htm,file,327,0o644
var/www/help/it/radius_table.htm,file,327,0o644
var/www/help/it/radvd.htm,file,329,0o644
var/www/help/it/radvd_prefixes_intro.htm,file,329,0o644
var/www/help/it/radvd_prefixes_managing.htm,file,329,0o644
var/www/help/it/radvd_prefixes_settings.htm,file,329,0o644
var/www/help/it/reboot.htm,file,332,0o644
var/www/help/it/remote_logging.htm,file,332,0o644
var/www/help/it/remote_management.htm,file,332,0o644
var/www/help/it/restore_defaults.htm,file,332,0o644
var/www/help/it/routing_intro.htm,file,329,0o644
var/www/help/it/routing_mode.htm,file,329,0o644
var/www/help/it/routing_table.htm,file,329,0o644
var/www/help/it/schedules_intro.htm,file,326,0o644
var/www/help/it/schedules_managing.htm,file,326,0o644
var/www/help/it/schedules_settings.htm,file,326,0o644
var/www/help/it/search_results.htm,file,698,0o644
var/www/help/it/searchcode.js,file,8456,0o644
var/www/help/it/security01.htm,file,2899,0o644
var/www/help/it/security02.htm,file,9050,0o644
var/www/help/it/security03.htm,file,2760,0o644
var/www/help/it/security04.htm,file,2772,0o644
var/www/help/it/security05.htm,file,6219,0o644
var/www/help/it/security06.htm,file,2979,0o644
var/www/help/it/security07.htm,file,2719,0o644
var/www/help/it/security08.htm,file,4592,0o644
var/www/help/it/security09.htm,file,4140,0o644
var/www/help/it/security10.htm,file,4383,0o644
var/www/help/it/security_intro.htm,file,327,0o644
var/www/help/it/services_intro.htm,file,326,0o644
var/www/help/it/services_managing.htm,file,326,0o644
var/www/help/it/services_settings.htm,file,326,0o644
var/www/help/it/session_settings.htm,file,326,0o644
var/www/help/it/setup_wizard.htm,file,323,0o644
var/www/help/it/sip_alg.htm,file,326,0o644
var/www/help/it/snmp_acl.htm,file,333,0o644
var/www/help/it/snmp_information.htm,file,332,0o644
var/www/help/it/snmp_intro.htm,file,332,0o644
var/www/help/it/snmp_traps.htm,file,332,0o644
var/www/help/it/snmp_users_intro.htm,file,333,0o644
var/www/help/it/snmp_users_security.htm,file,332,0o644
var/www/help/it/snmp_users_table.htm,file,333,0o644
var/www/help/it/ssid_schedule.htm,file,327,0o644
var/www/help/it/ssl_client_intro.htm,file,322,0o644
var/www/help/it/ssl_client_screen.htm,file,322,0o644
var/www/help/it/ssl_forwarding_intro.htm,file,322,0o644
var/www/help/it/ssl_forwarding_name.htm,file,322,0o644
var/www/help/it/ssl_forwarding_settings.htm,file,322,0o644
var/www/help/it/ssl_forwarding_table.htm,file,322,0o644
var/www/help/it/ssl_policies_intro.htm,file,322,0o644
var/www/help/it/ssl_policies_settings.htm,file,322,0o644
var/www/help/it/ssl_policies_table.htm,file,322,0o644
var/www/help/it/ssl_portal_view.htm,file,322,0o644
var/www/help/it/ssl_resources_intro.htm,file,322,0o644
var/www/help/it/ssl_resources_settings.htm,file,322,0o644
var/www/help/it/ssl_resources_table.htm,file,322,0o644
var/www/help/it/ssl_routes_intro.htm,file,322,0o644
var/www/help/it/ssl_routes_settings.htm,file,322,0o644
var/www/help/it/ssl_routes_table.htm,file,322,0o644
var/www/help/it/ssl_status.htm,file,325,0o644
var/www/help/it/static_dhcp.htm,file,329,0o644
var/www/help/it/static_managing.htm,file,329,0o644
var/www/help/it/static_routes_intro.htm,file,329,0o644
var/www/help/it/static_settings.htm,file,329,0o644
var/www/help/it/status01.htm,file,4261,0o644
var/www/help/it/status02.htm,file,18805,0o644
var/www/help/it/status03.htm,file,12740,0o644
var/www/help/it/status04.htm,file,4485,0o644
var/www/help/it/status05.htm,file,4216,0o644
var/www/help/it/status06.htm,file,4379,0o644
var/www/help/it/status07.htm,file,6576,0o644
var/www/help/it/status08.htm,file,3213,0o644
var/www/help/it/status09.htm,file,3524,0o644
var/www/help/it/status10.htm,file,4595,0o644
var/www/help/it/status11.htm,file,3722,0o644
var/www/help/it/status12.htm,file,3905,0o644
var/www/help/it/status13.htm,file,3203,0o644
var/www/help/it/status14.htm,file,5133,0o644
var/www/help/it/status_dashboard.htm,file,325,0o644
var/www/help/it/status_intro.htm,file,325,0o644
var/www/help/it/suggested_steps.htm,file,323,0o644
var/www/help/it/system_summary.htm,file,325,0o644
var/www/help/it/time.htm,file,332,0o644
var/www/help/it/tocExpand.htm,file,1254,0o644
var/www/help/it/tocFrame.htm,file,1922,0o644
var/www/help/it/tocNodes.js,file,20630,0o644
var/www/help/it/upnp.htm,file,332,0o644
var/www/help/it/url_blocking.htm,file,326,0o644
var/www/help/it/user_byIP.htm,file,332,0o644
var/www/help/it/user_interface.htm,file,323,0o644
var/www/help/it/user_management_intro.htm,file,332,0o644
var/www/help/it/user_policies.htm,file,332,0o644
var/www/help/it/user_settings.htm,file,332,0o644
var/www/help/it/users_byBrowser.htm,file,332,0o644
var/www/help/it/users_intro.htm,file,332,0o644
var/www/help/it/users_table.htm,file,332,0o644
var/www/help/it/view_logs.htm,file,325,0o644
var/www/help/it/vlan_membership.htm,file,329,0o644
var/www/help/it/vpn01.htm,file,3114,0o644
var/www/help/it/vpn02.htm,file,13443,0o644
var/www/help/it/vpn03.htm,file,8736,0o644
var/www/help/it/vpn04.htm,file,3053,0o644
var/www/help/it/vpn05.htm,file,6598,0o644
var/www/help/it/vpn06.htm,file,13730,0o644
var/www/help/it/vpn07.htm,file,17099,0o644
var/www/help/it/vpn08.htm,file,8665,0o644
var/www/help/it/vpn09.htm,file,3618,0o644
var/www/help/it/vpn10.htm,file,4182,0o644
var/www/help/it/vpn11.htm,file,3776,0o644
var/www/help/it/vpn12.htm,file,3392,0o644
var/www/help/it/vpn13.htm,file,3503,0o644
var/www/help/it/vpn14.htm,file,3264,0o644
var/www/help/it/vpn15.htm,file,4530,0o644
var/www/help/it/vpn16.htm,file,6564,0o644
var/www/help/it/vpn17.htm,file,2868,0o644
var/www/help/it/vpn18.htm,file,3402,0o644
var/www/help/it/vpn19.htm,file,5428,0o644
var/www/help/it/vpn20.htm,file,5585,0o644
var/www/help/it/vpn21.htm,file,2692,0o644
var/www/help/it/vpn22.htm,file,3588,0o644
var/www/help/it/vpn23.htm,file,3150,0o644
var/www/help/it/vpn24.htm,file,3207,0o644
var/www/help/it/vpn25.htm,file,5593,0o644
var/www/help/it/vpn26.htm,file,4835,0o644
var/www/help/it/vpn27.htm,file,3780,0o644
var/www/help/it/vpn28.htm,file,3111,0o644
var/www/help/it/vpn29.htm,file,6791,0o644
var/www/help/it/vpn30.htm,file,3173,0o644
var/www/help/it/vpn31.htm,file,3782,0o644
var/www/help/it/vpn32.htm,file,3264,0o644
var/www/help/it/vpn33.htm,file,4285,0o644
var/www/help/it/vpn_access.htm,file,322,0o644
var/www/help/it/vpn_advanced_intro.htm,file,322,0o644
var/www/help/it/vpn_basic.htm,file,322,0o644
var/www/help/it/vpn_config_intro.htm,file,322,0o644
var/www/help/it/vpn_elements.htm,file,322,0o644
var/www/help/it/vpn_intro.htm,file,323,0o644
var/www/help/it/vpn_passthrough.htm,file,322,0o644
var/www/help/it/vpn_policies.htm,file,322,0o644
var/www/help/it/vpn_policies_information.htm,file,322,0o644
var/www/help/it/vpn_portals_intro.htm,file,322,0o644
var/www/help/it/vpn_security.htm,file,322,0o644
var/www/help/it/vpn_server_intro.htm,file,322,0o644
var/www/help/it/vpn_status.htm,file,326,0o644
var/www/help/it/vpn_table.htm,file,322,0o644
var/www/help/it/vpn_users.htm,file,322,0o644
var/www/help/it/wan_ipv4_intro.htm,file,330,0o644
var/www/help/it/wan_ipv4_settings.htm,file,330,0o644
var/www/help/it/wan_traffic.htm,file,332,0o644
var/www/help/it/wds.htm,file,327,0o644
var/www/help/it/wheretogo1.htm,file,5942,0o644
var/www/help/it/wifi_qos.htm,file,327,0o644
var/www/help/it/wireless01.htm,file,2994,0o644
var/www/help/it/wireless02.htm,file,3141,0o644
var/www/help/it/wireless03.htm,file,6944,0o644
var/www/help/it/wireless04.htm,file,3000,0o644
var/www/help/it/wireless05.htm,file,12847,0o644
var/www/help/it/wireless06.htm,file,10812,0o644
var/www/help/it/wireless07.htm,file,5259,0o644
var/www/help/it/wireless08.htm,file,2945,0o644
var/www/help/it/wireless09.htm,file,5310,0o644
var/www/help/it/wireless10.htm,file,4247,0o644
var/www/help/it/wireless11.htm,file,6203,0o644
var/www/help/it/wireless12.htm,file,4672,0o644
var/www/help/it/wireless_advanced.htm,file,327,0o644
var/www/help/it/wireless_basic.htm,file,327,0o644
var/www/help/it/wireless_general.htm,file,327,0o644
var/www/help/it/wireless_intro.htm,file,327,0o644
var/www/help/it/wireless_security.htm,file,327,0o644
var/www/help/it/wireless_security_settings.htm,file,327,0o644
var/www/help/it/wireless_statistics.htm,file,326,0o644
var/www/help/it/wireless_tips.htm,file,327,0o644
var/www/help/it/wizard_password.htm,file,324,0o644
var/www/helpFooter.htm,file,59,0o644
var/www/helpIndex.htm,file,1805,0o644
var/www/helpPop.htm,file,1106,0o644
var/www/home.htm,file,11748,0o644
var/www/hostListJS.htm,file,1343,0o644
var/www/https.htm,file,13487,0o644
var/www/igmp.htm,file,11568,0o644
var/www/igmpJS.htm,file,697,0o644
var/www/igmpProxyConfig.htm,file,7261,0o644
var/www/ikePolicyConfig.htm,file,30516,0o644
var/www/ikePolicyJS.htm,file,1622,0o644
var/www/images,dir,2700,0o755
var/www/images/NavPaneGripperT_V.gif,file,57,0o644
var/www/images/ProgressBar.gif,file,10178,0o644
var/www/images/SWbutton.png,file,282,0o644
var/www/images/SWbuttonDis.png,file,245,0o644
var/www/images/SWbuttonHov.png,file,296,0o644
var/www/images/SWiconEnglish.png,file,406,0o644
var/www/images/SWpanelBg.png,file,2699,0o644
var/www/images/SWrouter.png,file,20597,0o644
var/www/images/SWrouter2.png,file,4967,0o644
var/www/images/UI_trend.png,file,925,0o644
var/www/images/_blank.gif,file,43,0o644
var/www/images/back_1082_16.gif,file,568,0o644
var/www/images/bl.gif,file,65,0o644
var/www/images/br.gif,file,65,0o644
var/www/images/bullet1.gif,file,73,0o644
var/www/images/bullet2.gif,file,70,0o644
var/www/images/bullet3.gif,file,66,0o644
var/www/images/bullet4.gif,file,64,0o644
var/www/images/catalog.css,file,15842,0o644
var/www/images/collapse.gif,file,53,0o644
var/www/images/completed.png,file,253,0o644
var/www/images/criticalError.png,file,425,0o644
var/www/images/cues_taglib.css,file,58720,0o644
var/www/images/document.css,file,708,0o644
var/www/images/engstyle.css,file,786,0o644
var/www/images/expanded.gif,file,52,0o644
var/www/images/faq_16x.gif,file,1048,0o644
var/www/images/forward_1083_16.gif,file,563,0o644
var/www/images/ftv2blank.gif,file,135,0o644
var/www/images/ftv2doc.gif,file,916,0o644
var/www/images/ftv2folderclosed.gif,file,968,0o644
var/www/images/ftv2folderopen.gif,file,979,0o644
var/www/images/glossary_1060_16.gif,file,595,0o644
var/www/images/gsIcon.gif,file,61,0o644
var/www/images/hide.gif,file,601,0o644
var/www/images/hideHover.gif,file,600,0o644
var/www/images/icon1Active.gif,file,1045,0o644
var/www/images/icon1Inactive.gif,file,1025,0o644
var/www/images/icon1Info.gif,file,1032,0o644
var/www/images/iconBarchart.png,file,652,0o644
var/www/images/iconDownArrowRed.gif,file,54,0o644
var/www/images/iconFavorite.png,file,1442,0o644
var/www/images/iconFirst.gif,file,435,0o644
var/www/images/iconFirstDis.gif,file,433,0o644
var/www/images/iconFirstHover.gif,file,432,0o644
var/www/images/iconInfo1.gif,file,1427,0o644
var/www/images/iconLast.gif,file,436,0o644
var/www/images/iconLastDis.gif,file,433,0o644
var/www/images/iconLastHover.gif,file,433,0o644
var/www/images/iconLeftArrowRed.gif,file,56,0o644
var/www/images/iconMinus.gif,file,138,0o644
var/www/images/iconNext.gif,file,419,0o644
var/www/images/iconNextDis.gif,file,416,0o644
var/www/images/iconNextHover.gif,file,416,0o644
var/www/images/iconPlus.gif,file,141,0o644
var/www/images/iconPrevious.gif,file,418,0o644
var/www/images/iconPreviousDis.gif,file,414,0o644
var/www/images/iconPreviousHover.gif,file,414,0o644
var/www/images/iconRouter.gif,file,1646,0o644
var/www/images/iconSslPfInstall.png,file,3718,0o644
var/www/images/iconSslVpnTunnelInstall.png,file,4078,0o644
var/www/images/iconSslVpnTunnelUnInstall.png,file,5507,0o644
var/www/images/inProgress.gif,file,7218,0o644
var/www/images/leftMenuBg.gif,file,150,0o644
var/www/images/leftMenuBgH.gif,file,150,0o644
var/www/images/leftMenuBgS.gif,file,150,0o644
var/www/images/logo.png,file,3510,0o644
var/www/images/msgIconCriticalerror.png,file,1445,0o644
var/www/images/msgIconInformation.png,file,1412,0o644
var/www/images/msgIconSuccess.png,file,1042,0o644
var/www/images/msgIconWarning.png,file,1046,0o644
var/www/images/navDots.gif,file,65,0o644
var/www/images/opacity30.png,file,110,0o644
var/www/images/opacity40.png,file,107,0o644
var/www/images/opacity67.png,file,107,0o644
var/www/images/opacity80.png,file,126,0o644
var/www/images/open_new_win16.gif,file,546,0o644
var/www/images/open_new_win_icon.gif,file,1239,0o644
var/www/images/pageBackground.jpg,file,57048,0o644
var/www/images/pageBg.jpg,file,43179,0o644
var/www/images/pdf.png,file,3346,0o644
var/www/images/print_0004_16.gif,file,378,0o644
var/www/images/printer.png,file,527,0o644
var/www/images/protectlink.css,file,2089,0o644
var/www/images/routerImage.png,file,117065,0o644
var/www/images/routerPortOn.gif,file,737,0o644
var/www/images/saveIcon.png,file,879,0o644
var/www/images/sblank.gif,file,807,0o644
var/www/images/search_1068_16.gif,file,984,0o644
var/www/images/setupWizard.css,file,11147,0o644
var/www/images/show.gif,file,601,0o644
var/www/images/show1.gif,file,395,0o644
var/www/images/showDis.gif,file,396,0o644
var/www/images/showDis1.gif,file,395,0o644
var/www/images/showHover.gif,file,600,0o644
var/www/images/showHover1.gif,file,394,0o644
var/www/images/style.css,file,33197,0o644
var/www/images/stylePortal.css,file,14953,0o644
var/www/images/style_help.css,file,3055,0o644
var/www/images/submitBg1.gif,file,414,0o644
var/www/images/submitBg10.gif,file,406,0o644
var/www/images/submitBg1Dis.gif,file,407,0o644
var/www/images/submitBg2.gif,file,482,0o644
var/www/images/submitBg20.gif,file,471,0o644
var/www/images/submitBg2Dis.gif,file,473,0o644
var/www/images/submitBg3.gif,file,526,0o644
var/www/images/submitBg30.gif,file,514,0o644
var/www/images/submitBg3Dis.gif,file,517,0o644
var/www/images/submitBg4.gif,file,553,0o644
var/www/images/submitBg40.gif,file,541,0o644
var/www/images/submitBg4Dis.gif,file,542,0o644
var/www/images/submitBg5.gif,file,600,0o644
var/www/images/submitBg50.gif,file,586,0o644
var/www/images/submitBg5Dis.gif,file,588,0o644
var/www/images/submitBg8.gif,file,676,0o644
var/www/images/submitBg80.gif,file,657,0o644
var/www/images/submitBg8Dis.gif,file,659,0o644
var/www/images/submitBg9.gif,file,702,0o644
var/www/images/submitBg90.gif,file,682,0o644
var/www/images/submitBg9Dis.gif,file,686,0o644
var/www/images/tdEdit.gif,file,152,0o644
var/www/images/tl.gif,file,65,0o644
var/www/images/toolbarButtonDownLeft28px.gif,file,166,0o644
var/www/images/toolbarButtonDownRight28px.gif,file,168,0o644
var/www/images/toolbarButtonDownTile.gif,file,157,0o644
var/www/images/toolbarButtonDownTile28px.gif,file,144,0o644
var/www/images/toolbarGradient3px28.gif,file,486,0o644
var/www/images/toolbar_button_left28px.gif,file,271,0o644
var/www/images/toolbar_button_right28px.gif,file,270,0o644
var/www/images/toolbar_button_tile28px.gif,file,152,0o644
var/www/images/tr.gif,file,65,0o644
var/www/images/vertline.gif,file,799,0o644
var/www/images/wizardHelp.png,file,507,0o644
var/www/index.htm,file,8647,0o644
var/www/ipMacBinding.htm,file,9948,0o644
var/www/ipMacBindingEditable.htm,file,9981,0o644
var/www/ipMacBindingJS.htm,file,1014,0o644
var/www/ipMode.htm,file,5073,0o644
var/www/ipSecPolicies.htm,file,32337,0o644
var/www/ipsecvpnConnectionStatus.htm,file,14662,0o644
var/www/ipv4AddrValidations.htm,file,1993,0o644
var/www/ipv4AddrValidationsNewJS.htm,file,2757,0o644
var/www/ipv6AddrValidations.htm,file,1134,0o644
var/www/ipv6FirewallRules.htm,file,566,0o644
var/www/isatapTunnelConfig.htm,file,11448,0o644
var/www/js,dir,2900,0o755
var/www/js/802IpMap.js,file,593,0o644
var/www/js/802IxConfig.js,file,1952,0o644
var/www/js/accessRuleMove.js,file,15205,0o644
var/www/js/accessRules.js,file,6817,0o644
var/www/js/advNatConfig.js,file,6251,0o644
var/www/js/advancedDhcp.js,file,4735,0o644
var/www/js/advancedDhcpConfig.js,file,2933,0o644
var/www/js/apConfig.js,file,5112,0o644
var/www/js/approvedUrl.js,file,7614,0o644
var/www/js/authorizedAPConfig.js,file,3871,0o644
var/www/js/autoRefresh.js,file,2861,0o644
var/www/js/bdetect.js,file,772,0o644
var/www/js/blockedKeywords.js,file,2322,0o644
var/www/js/bonjourConfig.js,file,3597,0o644
var/www/js/bwProfiles.js,file,13746,0o644
var/www/js/con_utils.js,file,3143,0o644
var/www/js/contentFiltering.js,file,6606,0o644
var/www/js/csvConfig.js,file,1186,0o644
var/www/js/cues_drawn.js,file,50851,0o644
var/www/js/cues_fonts.js,file,2395,0o644
var/www/js/cues_taglib.js,file,275922,0o644
var/www/js/cues_taglib_layout.js,file,7542,0o644
var/www/js/customServices.js,file,8804,0o644
var/www/js/daigptrace.js,file,1692,0o644
var/www/js/dashBoard.js,file,2717,0o644
var/www/js/ddns.js,file,5686,0o644
var/www/js/diagnostics.js,file,4755,0o644
var/www/js/dmzSetup.js,file,3501,0o644
var/www/js/dscp.js,file,3492,0o644
var/www/js/dscpRemark.js,file,3436,0o644
var/www/js/editTableValidations.js,file,34771,0o644
var/www/js/emailLogsConfig.js,file,13432,0o644
var/www/js/expand.js,file,3584,0o644
var/www/js/firewallRules.js,file,17699,0o644
var/www/js/fwSessionConfig.js,file,3939,0o644
var/www/js/generateSelfCertReq.js,file,2119,0o644
var/www/js/groups.js,file,1220,0o644
var/www/js/havp.js,file,1847,0o644
var/www/js/hostList.js,file,12756,0o644
var/www/js/igmp.js,file,2210,0o644
var/www/js/ikePolicy.js,file,12968,0o644
var/www/js/indexList.js,file,0,0o644
var/www/js/indexsch.js,file,0,0o644
var/www/js/ipMacBinding.js,file,13277,0o644
var/www/js/ipSecPolicies.js,file,651,0o644
var/www/js/ipmode.js,file,1440,0o644
var/www/js/ipv4AddrValidations.js,file,24664,0o644
var/www/js/ipv4AddrValidationsNew.js,file,39258,0o644
var/www/js/ipv6AddrValidations.js,file,30391,0o644
var/www/js/ipv6FirewallRules.js,file,9396,0o644
var/www/js/isatapTunnelConfig.js,file,3501,0o644
var/www/js/jquery-1.4.2.js,file,163855,0o644
var/www/js/jsonEdit.js,file,23210,0o644
var/www/js/lanConfigIpV6.js,file,13321,0o644
var/www/js/lanDhcpResIPs.js,file,10973,0o644
var/www/js/lanGroups.js,file,4045,0o644
var/www/js/lanSetup.js,file,30673,0o644
var/www/js/license.js,file,1219,0o644
var/www/js/loggingPolicies.js,file,1315,0o644
var/www/js/login.js,file,967,0o644
var/www/js/loginPoliciesBrowser.js,file,3906,0o644
var/www/js/loginPoliciesConfig.js,file,1937,0o644
var/www/js/macFiltering.js,file,7280,0o644
var/www/js/macValidations.js,file,15515,0o644
var/www/js/maintenance.js,file,13475,0o644
var/www/js/md5.js,file,5313,0o644
var/www/js/menu.js,file,19945,0o644
var/www/js/mgmt.js,file,17061,0o644
var/www/js/multiVlan.js,file,25034,0o644
var/www/js/page.js,file,2543,0o644
var/www/js/passwordComplexity.js,file,6982,0o644
var/www/js/portForwarHost.js,file,1517,0o644
var/www/js/portForwarding.js,file,8263,0o644
var/www/js/portMgmt.js,file,5229,0o644
var/www/js/portTriggerring.js,file,5201,0o644
var/www/js/portalLayouts.js,file,1666,0o644
var/www/js/pppoeProfilesConfig.js,file,5669,0o644
var/www/js/prefixConfig.js,file,3931,0o644
var/www/js/prefixList.js,file,1597,0o644
var/www/js/protectLink.js,file,233,0o644
var/www/js/protectlinkApprovedClients.js,file,5020,0o644
var/www/js/protectlinkApprovedUrls.js,file,1189,0o644
var/www/js/pwdComplexity.js,file,2955,0o644
var/www/js/pwd_strength.js,file,15785,0o644
var/www/js/pwd_strength_SetupWizard.js,file,16029,0o644
var/www/js/pwdvalidate.js,file,1805,0o644
var/www/js/qos.js,file,1251,0o644
var/www/js/quickVPNClients.js,file,25537,0o644
var/www/js/radioConfig.js,file,16392,0o644
var/www/js/radioObjectConfig.js,file,2871,0o644
var/www/js/radius.js,file,941,0o644
var/www/js/radiusConfig.js,file,3572,0o644
var/www/js/radvd.js,file,6243,0o644
var/www/js/remoteMgmt.js,file,10337,0o644
var/www/js/resources.js,file,653,0o644
var/www/js/rip.js,file,10240,0o644
var/www/js/routingMode.js,file,1632,0o644
var/www/js/schedule.js,file,7081,0o644
var/www/js/setupWizard.js,file,88424,0o644
var/www/js/sip.js,file,776,0o644
var/www/js/snmp.js,file,4467,0o644
var/www/js/snmpACLConfig.js,file,3748,0o644
var/www/js/snmpSysConfig.js,file,2595,0o644
var/www/js/snmpv3UserConf.js,file,5988,0o644
var/www/js/sslCertificate.js,file,1408,0o644
var/www/js/sslClientRoutes.js,file,1661,0o644
var/www/js/sslDomainConfig.js,file,2845,0o644
var/www/js/sslPortForwarding.js,file,1624,0o644
var/www/js/sslUser.js,file,8278,0o644
var/www/js/sslUsers.js,file,694,0o644
var/www/js/sslVpnClient.js,file,3760,0o644
var/www/js/sslvpn.js,file,782,0o644
var/www/js/sslvpnPolicies.js,file,4943,0o644
var/www/js/staticRouting.js,file,5271,0o644
var/www/js/staticRoutingIpv6.js,file,6968,0o644
var/www/js/supersleight.js,file,2809,0o644
var/www/js/tableActionValidations.js,file,48582,0o644
var/www/js/textValidations.js,file,58786,0o644
var/www/js/timeZone.js,file,18616,0o644
var/www/js/toc_utils.js,file,2528,0o644
var/www/js/trafficMeter.js,file,6217,0o644
var/www/js/trafficSelector.js,file,6682,0o644
var/www/js/tunneling.js,file,3452,0o644
var/www/js/ua.js,file,4130,0o644
var/www/js/upgrade.js,file,9720,0o644
var/www/js/upnp.js,file,4354,0o644
var/www/js/urlFiltering.js,file,5478,0o644
var/www/js/urlOverFlow.js,file,199,0o644
var/www/js/users.js,file,12664,0o644
var/www/js/viewLogs.js,file,2402,0o644
var/www/js/vlanMembership.js,file,15072,0o644
var/www/js/vpnBasicSettings.js,file,12513,0o644
var/www/js/vpnPolicy.js,file,40096,0o644
var/www/js/wanConfigIpV6.js,file,5005,0o644
var/www/js/wanSetup.js,file,27510,0o644
var/www/js/wds.js,file,7967,0o644
var/www/js/webprotection.js,file,449,0o644
var/www/js/wirelessMacFilter.js,file,2559,0o644
var/www/js/wirelessSecurityMode.js,file,13410,0o644
var/www/js/wirelessSetAdvConfig.js,file,4209,0o644
var/www/js/wlNw.js,file,37067,0o644
var/www/js/wlNwData.js,file,49641,0o644
var/www/js/wps.js,file,7145,0o644
var/www/jsonEdit.htm,file,1129,0o644
var/www/jumboFrames.htm,file,4065,0o644
var/www/killDeamons1.htm,file,119,0o644
var/www/lanConfig.htm,file,27288,0o644
var/www/lanConfigIpV6JS.htm,file,1264,0o644
var/www/lanConfigIpv6.htm,file,22796,0o644
var/www/lanConfigIpv6Editable.htm,file,7655,0o644
var/www/lanDhcpReservedIps.htm,file,11533,0o644
var/www/lanDhcpReservedIpsEditable.htm,file,8125,0o644
var/www/lanGroups.htm,file,8190,0o644
var/www/lanGroupsConfig.htm,file,13173,0o644
var/www/lanGroupsConfigEditable.htm,file,10506,0o644
var/www/lanGroupsJS.htm,file,799,0o644
var/www/lanSetupJS.htm,file,4551,0o644
var/www/leftMenu.htm,file,70223,0o644
var/www/license.htm,file,12279,0o644
var/www/licenseActivate.htm,file,209,0o644
var/www/licenseActivate1.htm,file,222,0o644
var/www/licenseAddSeatInstructions.htm,file,2336,0o644
var/www/licenseRenewInstructions.htm,file,3173,0o644
var/www/loggingPolicies.htm,file,8783,0o644
var/www/loggingPolicyConfig.htm,file,21905,0o644
var/www/loginFooter.htm,file,74,0o644
var/www/loginJS.htm,file,342,0o644
var/www/loginPolicies.htm,file,5349,0o644
var/www/loginPoliciesBrowser.htm,file,10931,0o644
var/www/loginPoliciesBrowserEditable.htm,file,8678,0o644
var/www/loginPoliciesConfigJS.htm,file,674,0o644
var/www/loginPoliciesIp.htm,file,10325,0o644
var/www/logs.htm,file,9464,0o644
var/www/luaError.htm,file,789,0o644
var/www/macFiltering.htm,file,10983,0o644
var/www/macFilteringEditable.htm,file,5195,0o644
var/www/macFilteringJS.htm,file,467,0o644
var/www/macValidations.htm,file,807,0o644
var/www/mainMenu.htm,file,1732,0o644
var/www/maintenance.htm,file,2918,0o644
var/www/menu.htm,file,343,0o644
var/www/multiVlan.htm,file,3556,0o644
var/www/multiVlanSnetConfig.htm,file,25309,0o644
var/www/multiVlanSnets.htm,file,10308,0o644
var/www/netStat.htm,file,2670,0o644
var/www/networkNamesHelp.htm,file,1345,0o644
var/www/passthrough.htm,file,5281,0o644
var/www/passwordAging.htm,file,15926,0o644
var/www/passwordComplexity.htm,file,12204,0o644
var/www/passwordComplexityJS.htm,file,887,0o644
var/www/passwordsHelp.htm,file,1865,0o644
var/www/platform.cgi,file,342,0o755
var/www/platform.lua,file,33222,0o644
var/www/portForwardHostJS.htm,file,563,0o644
var/www/portForwarding.htm,file,15083,0o644
var/www/portForwardingAppConfig.htm,file,7170,0o644
var/www/portForwardingConfig.htm,file,18860,0o644
var/www/portForwardingHostConfig.htm,file,6960,0o644
var/www/portForwardingJS.htm,file,1589,0o644
var/www/portManagement.htm,file,10105,0o644
var/www/portMgmt.htm,file,244,0o644
var/www/portStatistics.htm,file,11577,0o644
var/www/portTriggering.htm,file,10607,0o644
var/www/portTriggeringConfig.htm,file,11496,0o644
var/www/portTriggeringStatus.htm,file,5051,0o644
var/www/portTriggerring.htm,file,689,0o644
var/www/portalLayoutConfig.htm,file,9484,0o644
var/www/portalLayouts.htm,file,10910,0o644
var/www/portalLayoutsJS.htm,file,352,0o644
var/www/portalLogin.htm,file,10648,0o644
var/www/pppoeProfiles.htm,file,9627,0o644
var/www/pppoeProfilesConfig.htm,file,16661,0o644
var/www/pppoeProfilesConfigJS.htm,file,1023,0o644
var/www/pptpActiveUsers.htm,file,3125,0o644
var/www/pptpServer.htm,file,18012,0o644
var/www/pptpUserConfig.htm,file,8553,0o644
var/www/pptpUsers.htm,file,8901,0o644
var/www/prefixConfig.htm,file,12806,0o644
var/www/prefixConfigJS.htm,file,827,0o644
var/www/prefixList.htm,file,9474,0o644
var/www/prefixListJS.htm,file,235,0o644
var/www/protectLink.htm,file,5865,0o644
var/www/protectLinkDesktop.htm,file,3209,0o644
var/www/protectLinkGateway.htm,file,3226,0o644
var/www/protectlinkAapprovedIpConfig.htm,file,8011,0o644
var/www/protectlinkApprovedClients.htm,file,10830,0o644
var/www/protectlinkApprovedClientsJS.htm,file,772,0o644
var/www/protectlinkApprovedUrlConfig.htm,file,6697,0o644
var/www/protectlinkApprovedUrls.htm,file,10870,0o644
var/www/protectlinkApprovedUrlsJS.htm,file,236,0o644
var/www/pwdComplexity.htm,file,9679,0o644
var/www/pwdComplexityJS.htm,file,576,0o644
var/www/pwd_strength.htm,file,1679,0o644
var/www/pwdvalidate.htm,file,354,0o644
var/www/qos.htm,file,16171,0o644
var/www/qosJS.htm,file,242,0o644
var/www/quickVPNClients.htm,file,20783,0o644
var/www/quickVPNClientsEditable.htm,file,12232,0o644
var/www/quickVPNClientsJS.htm,file,3417,0o644
var/www/quickVpnConnectionStatus.htm,file,15401,0o644
var/www/quickvpn.cgi,file,262,0o755
var/www/radioConfig.htm,file,17873,0o644
var/www/radioObjectConfigJS.htm,file,783,0o644
var/www/radius.htm,file,9462,0o644
var/www/radiusConfig.htm,file,13514,0o644
var/www/radiusConfigJS.htm,file,1035,0o644
var/www/radvd.htm,file,903,0o644
var/www/radvdConfig.htm,file,11039,0o644
var/www/reboot.htm,file,3497,0o644
var/www/reboot1.htm,file,109,0o644
var/www/remoteMgmt.htm,file,13074,0o644
var/www/remoteMgmtJS.htm,file,1677,0o644
var/www/resourceConfig.htm,file,6417,0o644
var/www/resourceObjectConfig.htm,file,12891,0o644
var/www/resources.htm,file,7870,0o644
var/www/revert.htm,file,3804,0o644
var/www/rip.htm,file,136676,0o644
var/www/ripJS.htm,file,1258,0o644
var/www/routeDisplay.htm,file,4695,0o644
var/www/routeDisplayIPv6.htm,file,4236,0o644
var/www/routerStatistics.htm,file,13482,0o644
var/www/routerStatus.htm,file,54411,0o644
var/www/routingMode.htm,file,4990,0o644
var/www/routingModeJS.htm,file,579,0o644
var/www/routingTable.htm,file,4934,0o644
var/www/schedule.htm,file,687,0o644
var/www/schedules.htm,file,11697,0o644
var/www/schedulesConfig.htm,file,36783,0o644
var/www/securityHelp.htm,file,1700,0o644
var/www/selectLang.htm,file,9546,0o644
var/www/sendEmail.lua,file,1081,0o755
var/www/sessionTimeout.htm,file,7138,0o644
var/www/setupWizard.htm,file,141779,0o644
var/www/setupWizardJS.htm,file,7332,0o644
var/www/setupWizardSet.htm,file,123,0o644
var/www/showHelp.htm,file,3462,0o644
var/www/showHelp1.htm,file,2821,0o644
var/www/showTextSumry.htm,file,1059,0o644
var/www/showTextSumry1.htm,file,2519,0o644
var/www/sip.htm,file,4654,0o644
var/www/snmp.htm,file,24298,0o644
var/www/snmpACLConfig.htm,file,10666,0o644
var/www/snmpACLConfigJS.htm,file,1007,0o644
var/www/snmpJS.htm,file,877,0o644
var/www/snmpSysConfig.htm,file,7646,0o644
var/www/snmpSysConfigJS.htm,file,691,0o644
var/www/snmpTrapConfig.htm,file,9694,0o644
var/www/snmpv3UserConf.htm,file,1121,0o644
var/www/snmpv3UserConfig.htm,file,11172,0o644
var/www/sslCertificate.htm,file,26861,0o644
var/www/sslClientRouteConfig.htm,file,6516,0o644
var/www/sslClientRoutes.htm,file,7292,0o644
var/www/sslClientRoutesJS.htm,file,563,0o644
var/www/sslDomainConfig.htm,file,9975,0o644
var/www/sslDomainConfigJS.htm,file,791,0o644
var/www/sslDomains.htm,file,8206,0o644
var/www/sslPortForwarding.htm,file,10834,0o644
var/www/sslPortForwardingJS.htm,file,558,0o644
var/www/sslUserJS.htm,file,1329,0o644
var/www/sslUsers.htm,file,11856,0o644
var/www/sslUsersConfig.htm,file,13052,0o644
var/www/sslUsersJS.htm,file,237,0o644
var/www/sslVpnClientJS.htm,file,910,0o644
var/www/sslVpnRedirect.htm,file,138,0o644
var/www/ssl_users_login.htm,file,112,0o755
var/www/sslvpnClient.htm,file,10469,0o644
var/www/sslvpnConnectionStatus.htm,file,11605,0o644
var/www/sslvpnJS.htm,file,236,0o644
var/www/sslvpnPolicies.htm,file,13880,0o644
var/www/sslvpnPoliciesJS.htm,file,998,0o644
var/www/sslvpnPolicyConfig.htm,file,16982,0o644
var/www/staticRouting.htm,file,11482,0o644
var/www/staticRoutingConfig.htm,file,18421,0o644
var/www/staticRoutingConfigIpv6.htm,file,13365,0o644
var/www/staticRoutingIPv6.htm,file,13925,0o644
var/www/staticRoutingIpv6JS.htm,file,798,0o644
var/www/staticRoutingJS.htm,file,1010,0o644
var/www/statusPage.htm,file,820,0o644
var/www/statusPage2.htm,file,3809,0o644
var/www/tableActionValidations.htm,file,570,0o644
var/www/tableControls.htm,file,2837,0o644
var/www/tableControlsFirewall.htm,file,2966,0o644
var/www/textSumry.htm,file,895,0o644
var/www/textValidations.htm,file,3491,0o644
var/www/timeZone.htm,file,64855,0o644
var/www/timeZoneJS.htm,file,1381,0o644
var/www/trafficMeter.htm,file,37552,0o644
var/www/trafficMeterJS.htm,file,578,0o644
var/www/trafficSelectorConfig.htm,file,16106,0o644
var/www/trafficSelectors.htm,file,11530,0o644
var/www/trafficSelectorsJS.htm,file,1138,0o644
var/www/upgrade.htm,file,12657,0o644
var/www/upgradeJS.htm,file,1676,0o644
var/www/uploadActiveSelfCertificate.htm,file,5528,0o644
var/www/uploadTrustedCertificate.htm,file,5457,0o644
var/www/upnp.htm,file,16783,0o644
var/www/upnpJS.htm,file,902,0o644
var/www/urlFiltering.htm,file,42879,0o644
var/www/urlOverflowControl.htm,file,5841,0o644
var/www/userPortal,dir,640,0o755
var/www/userPortal/changePassword.htm,file,5884,0o644
var/www/userPortal/changepassword,symlink,10,0o777
var/www/userPortal/clientlinux,symlink,10,0o777
var/www/userPortal/clientmac,symlink,10,0o777
var/www/userPortal/helpSslChangePassword.htm,file,1301,0o644
var/www/userPortal/helpSslPortForwarding.htm,file,1641,0o644
var/www/userPortal/helpSslPortal.htm,file,1696,0o644
var/www/userPortal/helpSslVpnTunnel.htm,file,1766,0o644
var/www/userPortal/home.htm,file,1849,0o644
var/www/userPortal/homepage,symlink,10,0o777
var/www/userPortal/installcert,symlink,10,0o777
var/www/userPortal/localization.htm,file,685,0o644
var/www/userPortal/portForwarding.htm,file,2916,0o644
var/www/userPortal/portal,symlink,10,0o777
var/www/userPortal/portal.htm,file,4408,0o644
var/www/userPortal/portalFooter.htm,file,345,0o644
var/www/userPortal/portforwarding,symlink,10,0o777
var/www/userPortal/portforwarding64,symlink,10,0o777
var/www/userPortal/ppp_launch,symlink,10,0o777
var/www/userPortal/removeactivex,symlink,10,0o777
var/www/userPortal/single_cgi,file,586248,0o755
var/www/userPortal/sslvpnclient,symlink,10,0o777
var/www/userPortal/sslvpnclient64,symlink,10,0o777
var/www/userPortal/userLogout,symlink,10,0o777
var/www/userPortal/virtualtransport,symlink,10,0o777
var/www/userPortal/virtualtransport64,symlink,10,0o777
var/www/userPortal/vpnTunnel.htm,file,2622,0o644
var/www/userPortal/vpnTunnelLinux.htm,file,3650,0o644
var/www/userPortal/vtjava,symlink,10,0o777
var/www/userPortal/welcome,symlink,10,0o777
var/www/users.htm,file,18540,0o644
var/www/usersJS.htm,file,1767,0o644
var/www/vLog.htm,file,1476,0o644
var/www/viewCertReqData.htm,file,3096,0o644
var/www/viewIkePolicy.htm,file,17554,0o644
var/www/viewLicenseOnline.htm,file,270,0o644
var/www/viewLogs.htm,file,13199,0o644
var/www/viewLogsJS.htm,file,352,0o644
var/www/vlanMembership.htm,file,20748,0o644
var/www/vlanMembershipEditable.htm,file,20476,0o644
var/www/vlanMembershipJS.htm,file,1331,0o644
var/www/vpnBasicSettings.htm,file,19074,0o644
var/www/vpnBasicSettingsJS.htm,file,1700,0o644
var/www/vpnDefaults.htm,file,8796,0o644
var/www/vpnPolicy.htm,file,5077,0o644
var/www/vpnPolicyConfig.htm,file,43943,0o644
var/www/wanConfigIpV6JS.htm,file,704,0o644
var/www/wanConfigIpv4.htm,file,42563,0o644
var/www/wanConfigIpv6.htm,file,14009,0o644
var/www/wanSetup.htm,file,3179,0o644
var/www/wds.htm,file,13983,0o644
var/www/wdsEditable.htm,file,6918,0o644
var/www/wdsJS.htm,file,799,0o644
var/www/webThreatProtection.htm,file,7067,0o644
var/www/wirelessAdvSettings.htm,file,18443,0o644
var/www/wirelessBasicSettings.htm,file,35291,0o644
var/www/wirelessBasicSettingsEditable.htm,file,12084,0o644
var/www/wirelessMACFiltering.htm,file,23412,0o644
var/www/wirelessMacFilter.htm,file,240,0o644
var/www/wirelessSecurityMode.htm,file,25123,0o644
var/www/wirelessSecurityModeJS.htm,file,1353,0o644
var/www/wirelessSetAdvConfig.htm,file,925,0o644
var/www/wirelessStatistics.htm,file,17212,0o644
var/www/wizardHelp.htm,file,1504,0o644
var/www/wlNw.htm,file,238,0o644
var/www/wlNwDataJS.htm,file,749,0o644
var/www/wlNwJS.htm,file,2390,0o644
var/www/wps.htm,file,15622,0o644
var/www/wpsJS.htm,file,900,0o644
var/www/wpsStatus.htm,file,747,0o644
vid,file,4,0o644
