caller_entry	caller_name	callee_entry	callee_name
ffffffffbfc005cc	FUN_ffffffffbfc005cc	ffffffffbfc00760	FUN_ffffffffbfc00760
ffffffffbfc00ba8	FUN_ffffffffbfc00ba8	ffffffffbfc00b78	FUN_ffffffffbfc00b78
ffffffffbfc00dc8	FUN_ffffffffbfc00dc8	ffffffffbfc00c34	FUN_ffffffffbfc00c34
ffffffffbfc00de4	FUN_ffffffffbfc00de4	ffffffffbfc00ba8	FUN_ffffffffbfc00ba8
ffffffffbfc00de4	FUN_ffffffffbfc00de4	ffffffffbfc00a00	FUN_ffffffffbfc00a00
ffffffffbfc00e9c	FUN_ffffffffbfc00e9c	ffffffffbfc00c34	FUN_ffffffffbfc00c34
ffffffffbfc00f08	FUN_ffffffffbfc00f08	ffffffffbfc1f774	FUN_ffffffffbfc1f774
ffffffffbfc00fb4	FUN_ffffffffbfc00fb4	ffffffffbfc1f7ec	FUN_ffffffffbfc1f7ec
ffffffffbfc00ff4	FUN_ffffffffbfc00ff4	ffffffffbfc18ec4	FUN_ffffffffbfc18ec4
ffffffffbfc00ff4	FUN_ffffffffbfc00ff4	ffffffffbfc23980	FUN_ffffffffbfc23980
ffffffffbfc01070	FUN_ffffffffbfc01070	ffffffffbfc22b74	FUN_ffffffffbfc22b74
ffffffffbfc01070	FUN_ffffffffbfc01070	ffffffffbfc00780	FUN_ffffffffbfc00780
ffffffffbfc01070	FUN_ffffffffbfc01070	ffffffffbfc05560	FUN_ffffffffbfc05560
ffffffffbfc01070	FUN_ffffffffbfc01070	ffffffffbfc1f7ec	FUN_ffffffffbfc1f7ec
ffffffffbfc01070	FUN_ffffffffbfc01070	ffffffffbfc237e4	FUN_ffffffffbfc237e4
ffffffffbfc01070	FUN_ffffffffbfc01070	ffffffffbfc00b78	FUN_ffffffffbfc00b78
ffffffffbfc01070	FUN_ffffffffbfc01070	ffffffffbfc00f08	FUN_ffffffffbfc00f08
ffffffffbfc01070	FUN_ffffffffbfc01070	ffffffffbfc23888	FUN_ffffffffbfc23888
ffffffffbfc01070	FUN_ffffffffbfc01070	ffffffffbfc00a00	FUN_ffffffffbfc00a00
ffffffffbfc01298	board_init_r	ffffffffbfc19024	FUN_ffffffffbfc19024
ffffffffbfc01298	board_init_r	ffffffffbfc13170	FUN_ffffffffbfc13170
ffffffffbfc01298	board_init_r	ffffffffbfc2e180	FUN_ffffffffbfc2e180
ffffffffbfc01298	board_init_r	ffffffffbfc272f0	thunk_FUN_ffffffffbfc04f74
ffffffffbfc01298	board_init_r	ffffffffbfc1f7ec	FUN_ffffffffbfc1f7ec
ffffffffbfc01298	board_init_r	ffffffffbfc237e4	FUN_ffffffffbfc237e4
ffffffffbfc01298	board_init_r	ffffffffbfc05930	FUN_ffffffffbfc05930
ffffffffbfc01298	board_init_r	ffffffffbfc1f774	FUN_ffffffffbfc1f774
ffffffffbfc01298	board_init_r	ffffffffbfc1fb90	FUN_ffffffffbfc1fb90
ffffffffbfc01298	board_init_r	ffffffffbfc23a70	FUN_ffffffffbfc23a70
ffffffffbfc01298	board_init_r	ffffffffbfc00de4	FUN_ffffffffbfc00de4
ffffffffbfc01298	board_init_r	ffffffffbfc11a0c	thunk_FUN_ffffffffbfc2cc7c
ffffffffbfc01298	board_init_r	ffffffffbfc22b24	FUN_ffffffffbfc22b24
ffffffffbfc01298	board_init_r	ffffffffbfc03e68	FUN_ffffffffbfc03e68
ffffffffbfc01298	board_init_r	ffffffffbfc0bd80	FUN_ffffffffbfc0bd80
ffffffffbfc01298	board_init_r	ffffffffbfc00e9c	FUN_ffffffffbfc00e9c
ffffffffbfc01298	board_init_r	ffffffffbfc0ee1c	FUN_ffffffffbfc0ee1c
ffffffffbfc01298	board_init_r	ffffffffbfc03508	FUN_ffffffffbfc03508
ffffffffbfc01298	board_init_r	ffffffffbfc0af78	FUN_ffffffffbfc0af78
ffffffffbfc01298	board_init_r	ffffffffbfc0a670	FUN_ffffffffbfc0a670
ffffffffbfc01298	board_init_r	ffffffffbfc1fa80	FUN_ffffffffbfc1fa80
ffffffffbfc01298	board_init_r	ffffffffbfc1827c	rv220w_bcm53115_set_enabled
ffffffffbfc01298	board_init_r	ffffffffbfc21230	FUN_ffffffffbfc21230
ffffffffbfc01298	board_init_r	ffffffffbfc00a00	FUN_ffffffffbfc00a00
ffffffffbfc01298	board_init_r	ffffffffbfc2cef0	FUN_ffffffffbfc2cef0
ffffffffbfc01298	board_init_r	ffffffffbfc0c054	FUN_ffffffffbfc0c054
ffffffffbfc01298	board_init_r	ffffffffbfc0b3d4	FUN_ffffffffbfc0b3d4
ffffffffbfc01298	board_init_r	ffffffffbfc243f4	FUN_ffffffffbfc243f4
ffffffffbfc01298	board_init_r	ffffffffbfc19b60	FUN_ffffffffbfc19b60
ffffffffbfc01298	board_init_r	ffffffffbfc214f0	FUN_ffffffffbfc214f0
ffffffffbfc01298	board_init_r	ffffffffbfc1f5b4	FUN_ffffffffbfc1f5b4
ffffffffbfc01298	board_init_r	ffffffffbfc23000	FUN_ffffffffbfc23000
ffffffffbfc01298	board_init_r	ffffffffbfc2006c	FUN_ffffffffbfc2006c
ffffffffbfc01298	board_init_r	ffffffffbfc1060c	FUN_ffffffffbfc1060c
ffffffffbfc01298	board_init_r	ffffffffbfc23980	FUN_ffffffffbfc23980
ffffffffbfc01298	board_init_r	ffffffffbfc00ba8	FUN_ffffffffbfc00ba8
ffffffffbfc01298	board_init_r	ffffffffbfc00b78	FUN_ffffffffbfc00b78
ffffffffbfc01298	board_init_r	ffffffffbfc00dc8	FUN_ffffffffbfc00dc8
ffffffffbfc01298	board_init_r	ffffffffbfc05354	FUN_ffffffffbfc05354
ffffffffbfc01298	board_init_r	ffffffffbfc035ec	FUN_ffffffffbfc035ec
ffffffffbfc02e9c	thunk_FUN_ffffffffbfc03190	ffffffffbfc03190	FUN_ffffffffbfc03190
ffffffffbfc02ed0	FUN_ffffffffbfc02ed0	ffffffffbfc02e9c	thunk_FUN_ffffffffbfc03190
ffffffffbfc03264	FUN_ffffffffbfc03264	ffffffffbfc031e4	FUN_ffffffffbfc031e4
ffffffffbfc0358c	FUN_ffffffffbfc0358c	ffffffffbfc030b8	FUN_ffffffffbfc030b8
ffffffffbfc035bc	octeon_gpio_set_mask	ffffffffbfc030b8	FUN_ffffffffbfc030b8
ffffffffbfc035ec	FUN_ffffffffbfc035ec	ffffffffbfc0a488	FUN_ffffffffbfc0a488
ffffffffbfc035ec	FUN_ffffffffbfc035ec	ffffffffbfc0a670	FUN_ffffffffbfc0a670
ffffffffbfc03650	FUN_ffffffffbfc03650	ffffffffbfc19024	FUN_ffffffffbfc19024
ffffffffbfc03650	FUN_ffffffffbfc03650	ffffffffbfc1f7ec	FUN_ffffffffbfc1f7ec
ffffffffbfc03650	FUN_ffffffffbfc03650	ffffffffbfc23980	FUN_ffffffffbfc23980
ffffffffbfc03758	FUN_ffffffffbfc03758	ffffffffbfc1f7ec	FUN_ffffffffbfc1f7ec
ffffffffbfc03758	FUN_ffffffffbfc03758	ffffffffbfc0334c	FUN_ffffffffbfc0334c
ffffffffbfc038e0	FUN_ffffffffbfc038e0	ffffffffbfc231f4	FUN_ffffffffbfc231f4
ffffffffbfc038e0	FUN_ffffffffbfc038e0	ffffffffbfc0a670	FUN_ffffffffbfc0a670
ffffffffbfc038e0	FUN_ffffffffbfc038e0	ffffffffbfc0ac08	FUN_ffffffffbfc0ac08
ffffffffbfc039bc	FUN_ffffffffbfc039bc	ffffffffbfc06470	FUN_ffffffffbfc06470
ffffffffbfc039bc	FUN_ffffffffbfc039bc	ffffffffbfc03318	FUN_ffffffffbfc03318
ffffffffbfc03a74	FUN_ffffffffbfc03a74	ffffffffbfc06470	FUN_ffffffffbfc06470
ffffffffbfc03b10	FUN_ffffffffbfc03b10	ffffffffbfc23888	FUN_ffffffffbfc23888
ffffffffbfc03b10	FUN_ffffffffbfc03b10	ffffffffbfc237e4	FUN_ffffffffbfc237e4
ffffffffbfc03c80	FUN_ffffffffbfc03c80	ffffffffbfc19024	FUN_ffffffffbfc19024
ffffffffbfc03c80	FUN_ffffffffbfc03c80	ffffffffbfc23a70	FUN_ffffffffbfc23a70
ffffffffbfc03ce0	FUN_ffffffffbfc03ce0	ffffffffbfc02f40	FUN_ffffffffbfc02f40
ffffffffbfc03ce0	FUN_ffffffffbfc03ce0	ffffffffbfc03c80	FUN_ffffffffbfc03c80
ffffffffbfc03ce0	FUN_ffffffffbfc03ce0	ffffffffbfc030b8	FUN_ffffffffbfc030b8
ffffffffbfc03e68	FUN_ffffffffbfc03e68	ffffffffbfc03ce0	FUN_ffffffffbfc03ce0
ffffffffbfc03ea4	FUN_ffffffffbfc03ea4	ffffffffbfc03ce0	FUN_ffffffffbfc03ce0
ffffffffbfc03ea4	FUN_ffffffffbfc03ea4	ffffffffbfc1f7ec	FUN_ffffffffbfc1f7ec
ffffffffbfc03f70	FUN_ffffffffbfc03f70	ffffffffbfc03ce0	FUN_ffffffffbfc03ce0
ffffffffbfc03f70	FUN_ffffffffbfc03f70	ffffffffbfc1f7ec	FUN_ffffffffbfc1f7ec
ffffffffbfc03f70	FUN_ffffffffbfc03f70	ffffffffbfc03c80	FUN_ffffffffbfc03c80
ffffffffbfc04134	FUN_ffffffffbfc04134	ffffffffbfc1f7ec	FUN_ffffffffbfc1f7ec
ffffffffbfc04134	FUN_ffffffffbfc04134	ffffffffbfc031e4	FUN_ffffffffbfc031e4
ffffffffbfc04134	FUN_ffffffffbfc04134	ffffffffbfc2006c	FUN_ffffffffbfc2006c
ffffffffbfc04134	FUN_ffffffffbfc04134	ffffffffbfc03264	FUN_ffffffffbfc03264
ffffffffbfc0422c	FUN_ffffffffbfc0422c	ffffffffbfc0a3f0	FUN_ffffffffbfc0a3f0
ffffffffbfc04310	FUN_ffffffffbfc04310	ffffffffbfc03ce0	FUN_ffffffffbfc03ce0
ffffffffbfc04310	FUN_ffffffffbfc04310	ffffffffbfc04134	FUN_ffffffffbfc04134
ffffffffbfc04310	FUN_ffffffffbfc04310	ffffffffbfc23888	FUN_ffffffffbfc23888
ffffffffbfc04310	FUN_ffffffffbfc04310	ffffffffbfc030b8	FUN_ffffffffbfc030b8
ffffffffbfc04310	FUN_ffffffffbfc04310	ffffffffbfc0af78	FUN_ffffffffbfc0af78
ffffffffbfc04310	FUN_ffffffffbfc04310	ffffffffbfc237e4	FUN_ffffffffbfc237e4
ffffffffbfc04310	FUN_ffffffffbfc04310	ffffffffbfc0a7c0	FUN_ffffffffbfc0a7c0
ffffffffbfc04678	FUN_ffffffffbfc04678	ffffffffbfc0422c	FUN_ffffffffbfc0422c
ffffffffbfc04678	FUN_ffffffffbfc04678	ffffffffbfc0acec	FUN_ffffffffbfc0acec
ffffffffbfc04678	FUN_ffffffffbfc04678	ffffffffbfc1f7ec	FUN_ffffffffbfc1f7ec
ffffffffbfc04678	FUN_ffffffffbfc04678	ffffffffbfc19024	FUN_ffffffffbfc19024
ffffffffbfc04678	FUN_ffffffffbfc04678	ffffffffbfc231f4	FUN_ffffffffbfc231f4
ffffffffbfc04678	FUN_ffffffffbfc04678	ffffffffbfc03b10	FUN_ffffffffbfc03b10
ffffffffbfc04678	FUN_ffffffffbfc04678	ffffffffbfc03758	FUN_ffffffffbfc03758
ffffffffbfc04678	FUN_ffffffffbfc04678	ffffffffbfc23888	FUN_ffffffffbfc23888
ffffffffbfc04678	FUN_ffffffffbfc04678	ffffffffbfc0a670	FUN_ffffffffbfc0a670
ffffffffbfc04678	FUN_ffffffffbfc04678	ffffffffbfc031e4	FUN_ffffffffbfc031e4
ffffffffbfc04678	FUN_ffffffffbfc04678	ffffffffbfc03264	FUN_ffffffffbfc03264
ffffffffbfc04678	FUN_ffffffffbfc04678	ffffffffbfc237e4	FUN_ffffffffbfc237e4
ffffffffbfc04ee8	FUN_ffffffffbfc04ee8	ffffffffbfc04eb8	FUN_ffffffffbfc04eb8
ffffffffbfc0500c	FUN_ffffffffbfc0500c	ffffffffbfc1f7ec	FUN_ffffffffbfc1f7ec
ffffffffbfc05078	FUN_ffffffffbfc05078	ffffffffbfc1f7ec	FUN_ffffffffbfc1f7ec
ffffffffbfc050e4	FUN_ffffffffbfc050e4	ffffffffbfc1f7ec	FUN_ffffffffbfc1f7ec
ffffffffbfc05130	FUN_ffffffffbfc05130	ffffffffbfc04640	FUN_ffffffffbfc04640
ffffffffbfc0516c	FUN_ffffffffbfc0516c	ffffffffbfc065ac	FUN_ffffffffbfc065ac
ffffffffbfc051a8	FUN_ffffffffbfc051a8	ffffffffbfc07a78	FUN_ffffffffbfc07a78
ffffffffbfc051a8	FUN_ffffffffbfc051a8	ffffffffbfc06690	FUN_ffffffffbfc06690
ffffffffbfc0529c	FUN_ffffffffbfc0529c	ffffffffbfc06490	FUN_ffffffffbfc06490
ffffffffbfc0529c	FUN_ffffffffbfc0529c	ffffffffbfc06528	FUN_ffffffffbfc06528
ffffffffbfc05354	FUN_ffffffffbfc05354	ffffffffbfc04ee8	FUN_ffffffffbfc04ee8
ffffffffbfc05354	FUN_ffffffffbfc05354	ffffffffbfc04eb8	FUN_ffffffffbfc04eb8
ffffffffbfc05354	FUN_ffffffffbfc05354	ffffffffbfc04d40	FUN_ffffffffbfc04d40
ffffffffbfc05354	FUN_ffffffffbfc05354	ffffffffbfc1f7ec	FUN_ffffffffbfc1f7ec
ffffffffbfc05354	FUN_ffffffffbfc05354	ffffffffbfc0466c	FUN_ffffffffbfc0466c
ffffffffbfc05560	FUN_ffffffffbfc05560	ffffffffbfc04eb8	FUN_ffffffffbfc04eb8
ffffffffbfc05560	FUN_ffffffffbfc05560	ffffffffbfc04d40	FUN_ffffffffbfc04d40
ffffffffbfc05748	FUN_ffffffffbfc05748	ffffffffbfc04eb8	FUN_ffffffffbfc04eb8
ffffffffbfc05748	FUN_ffffffffbfc05748	ffffffffbfc1f7ec	FUN_ffffffffbfc1f7ec
ffffffffbfc05748	FUN_ffffffffbfc05748	ffffffffbfc04d40	FUN_ffffffffbfc04d40
ffffffffbfc05930	FUN_ffffffffbfc05930	ffffffffbfc0500c	FUN_ffffffffbfc0500c
ffffffffbfc05930	FUN_ffffffffbfc05930	ffffffffbfc05078	FUN_ffffffffbfc05078
ffffffffbfc05930	FUN_ffffffffbfc05930	ffffffffbfc04d40	FUN_ffffffffbfc04d40
ffffffffbfc05930	FUN_ffffffffbfc05930	ffffffffbfc19024	FUN_ffffffffbfc19024
ffffffffbfc05930	FUN_ffffffffbfc05930	ffffffffbfc1f7ec	FUN_ffffffffbfc1f7ec
ffffffffbfc05930	FUN_ffffffffbfc05930	ffffffffbfc050e4	FUN_ffffffffbfc050e4
ffffffffbfc05930	FUN_ffffffffbfc05930	ffffffffbfc23980	FUN_ffffffffbfc23980
ffffffffbfc063ac	FUN_ffffffffbfc063ac	ffffffffbfc062c8	FUN_ffffffffbfc062c8
ffffffffbfc06470	FUN_ffffffffbfc06470	ffffffffbfc063ac	FUN_ffffffffbfc063ac
ffffffffbfc06490	FUN_ffffffffbfc06490	ffffffffbfc062c8	FUN_ffffffffbfc062c8
ffffffffbfc06528	FUN_ffffffffbfc06528	ffffffffbfc062c8	FUN_ffffffffbfc062c8
ffffffffbfc065ac	FUN_ffffffffbfc065ac	ffffffffbfc06490	FUN_ffffffffbfc06490
ffffffffbfc065ac	FUN_ffffffffbfc065ac	ffffffffbfc06528	FUN_ffffffffbfc06528
ffffffffbfc06614	FUN_ffffffffbfc06614	ffffffffbfc06528	FUN_ffffffffbfc06528
ffffffffbfc06690	FUN_ffffffffbfc06690	ffffffffbfc06490	FUN_ffffffffbfc06490
ffffffffbfc06690	FUN_ffffffffbfc06690	ffffffffbfc06614	FUN_ffffffffbfc06614
ffffffffbfc066f8	FUN_ffffffffbfc066f8	ffffffffbfc06490	FUN_ffffffffbfc06490
ffffffffbfc066f8	FUN_ffffffffbfc066f8	ffffffffbfc06528	FUN_ffffffffbfc06528
ffffffffbfc0684c	FUN_ffffffffbfc0684c	ffffffffbfc066f8	FUN_ffffffffbfc066f8
ffffffffbfc06910	FUN_ffffffffbfc06910	ffffffffbfc1f7a4	FUN_ffffffffbfc1f7a4
ffffffffbfc06970	FUN_ffffffffbfc06970	ffffffffbfc06910	FUN_ffffffffbfc06910
ffffffffbfc06970	FUN_ffffffffbfc06970	ffffffffbfc062c8	FUN_ffffffffbfc062c8
ffffffffbfc06970	FUN_ffffffffbfc06970	ffffffffbfc19024	FUN_ffffffffbfc19024
ffffffffbfc06970	FUN_ffffffffbfc06970	ffffffffbfc23980	FUN_ffffffffbfc23980
ffffffffbfc06970	FUN_ffffffffbfc06970	ffffffffbfc044a0	FUN_ffffffffbfc044a0
ffffffffbfc06970	FUN_ffffffffbfc06970	ffffffffbfc1f7ec	FUN_ffffffffbfc1f7ec
ffffffffbfc078a4	FUN_ffffffffbfc078a4	ffffffffbfc06910	FUN_ffffffffbfc06910
ffffffffbfc078a4	FUN_ffffffffbfc078a4	ffffffffbfc237e4	FUN_ffffffffbfc237e4
ffffffffbfc079dc	FUN_ffffffffbfc079dc	ffffffffbfc062c8	FUN_ffffffffbfc062c8
ffffffffbfc079dc	FUN_ffffffffbfc079dc	ffffffffbfc1f7ec	FUN_ffffffffbfc1f7ec
ffffffffbfc07a78	FUN_ffffffffbfc07a78	ffffffffbfc062c8	FUN_ffffffffbfc062c8
ffffffffbfc07a78	FUN_ffffffffbfc07a78	ffffffffbfc044a0	FUN_ffffffffbfc044a0
ffffffffbfc07b14	FUN_ffffffffbfc07b14	ffffffffbfc06910	FUN_ffffffffbfc06910
ffffffffbfc07b14	FUN_ffffffffbfc07b14	ffffffffbfc06970	FUN_ffffffffbfc06970
ffffffffbfc07c5c	FUN_ffffffffbfc07c5c	ffffffffbfc06314	FUN_ffffffffbfc06314
ffffffffbfc07c5c	FUN_ffffffffbfc07c5c	ffffffffbfc06360	FUN_ffffffffbfc06360
ffffffffbfc07c5c	FUN_ffffffffbfc07c5c	ffffffffbfc06910	FUN_ffffffffbfc06910
ffffffffbfc07c5c	FUN_ffffffffbfc07c5c	ffffffffbfc062c8	FUN_ffffffffbfc062c8
ffffffffbfc07c5c	FUN_ffffffffbfc07c5c	ffffffffbfc19024	FUN_ffffffffbfc19024
ffffffffbfc07c5c	FUN_ffffffffbfc07c5c	ffffffffbfc23980	FUN_ffffffffbfc23980
ffffffffbfc07c5c	FUN_ffffffffbfc07c5c	ffffffffbfc06290	FUN_ffffffffbfc06290
ffffffffbfc07c5c	FUN_ffffffffbfc07c5c	ffffffffbfc078a4	FUN_ffffffffbfc078a4
ffffffffbfc07c5c	FUN_ffffffffbfc07c5c	ffffffffbfc044a0	FUN_ffffffffbfc044a0
ffffffffbfc07c5c	FUN_ffffffffbfc07c5c	ffffffffbfc1f7ec	FUN_ffffffffbfc1f7ec
ffffffffbfc07c5c	FUN_ffffffffbfc07c5c	ffffffffbfc06970	FUN_ffffffffbfc06970
ffffffffbfc07c5c	FUN_ffffffffbfc07c5c	ffffffffbfc062f8	FUN_ffffffffbfc062f8
ffffffffbfc0a3f0	FUN_ffffffffbfc0a3f0	ffffffffbfc1f7a4	FUN_ffffffffbfc1f7a4
ffffffffbfc0a3f0	FUN_ffffffffbfc0a3f0	ffffffffbfc1f7ec	FUN_ffffffffbfc1f7ec
ffffffffbfc0a488	FUN_ffffffffbfc0a488	ffffffffbfc237e4	FUN_ffffffffbfc237e4
ffffffffbfc0a688	FUN_ffffffffbfc0a688	ffffffffbfc1f7ec	FUN_ffffffffbfc1f7ec
ffffffffbfc0a7c0	FUN_ffffffffbfc0a7c0	ffffffffbfc1f7ec	FUN_ffffffffbfc1f7ec
ffffffffbfc0a930	FUN_ffffffffbfc0a930	ffffffffbfc0a7c0	FUN_ffffffffbfc0a7c0
ffffffffbfc0a948	FUN_ffffffffbfc0a948	ffffffffbfc1f7ec	FUN_ffffffffbfc1f7ec
ffffffffbfc0ac08	FUN_ffffffffbfc0ac08	ffffffffbfc0a7c0	FUN_ffffffffbfc0a7c0
ffffffffbfc0ac08	FUN_ffffffffbfc0ac08	ffffffffbfc0a948	FUN_ffffffffbfc0a948
ffffffffbfc0ac08	FUN_ffffffffbfc0ac08	ffffffffbfc1f7ec	FUN_ffffffffbfc1f7ec
ffffffffbfc0acec	FUN_ffffffffbfc0acec	ffffffffbfc1f7ec	FUN_ffffffffbfc1f7ec
ffffffffbfc0af78	FUN_ffffffffbfc0af78	ffffffffbfc0a7c0	FUN_ffffffffbfc0a7c0
ffffffffbfc0af78	FUN_ffffffffbfc0af78	ffffffffbfc0acec	FUN_ffffffffbfc0acec
ffffffffbfc0af78	FUN_ffffffffbfc0af78	ffffffffbfc1f7ec	FUN_ffffffffbfc1f7ec
ffffffffbfc0b144	FUN_ffffffffbfc0b144	ffffffffbfc0a3f0	FUN_ffffffffbfc0a3f0
ffffffffbfc0b198	FUN_ffffffffbfc0b198	ffffffffbfc0b144	FUN_ffffffffbfc0b144
ffffffffbfc0b198	FUN_ffffffffbfc0b198	ffffffffbfc0af78	FUN_ffffffffbfc0af78
ffffffffbfc0b1f0	FUN_ffffffffbfc0b1f0	ffffffffbfc0b198	FUN_ffffffffbfc0b198
ffffffffbfc0b234	FUN_ffffffffbfc0b234	ffffffffbfc0acec	FUN_ffffffffbfc0acec
ffffffffbfc0b2dc	FUN_ffffffffbfc0b2dc	ffffffffbfc1f7ec	FUN_ffffffffbfc1f7ec
ffffffffbfc0b3d4	FUN_ffffffffbfc0b3d4	ffffffffbfc0a948	FUN_ffffffffbfc0a948
ffffffffbfc0b3d4	FUN_ffffffffbfc0b3d4	ffffffffbfc237e4	FUN_ffffffffbfc237e4
ffffffffbfc0b3d4	FUN_ffffffffbfc0b3d4	ffffffffbfc0acec	FUN_ffffffffbfc0acec
ffffffffbfc0b3d4	FUN_ffffffffbfc0b3d4	ffffffffbfc1f7ec	FUN_ffffffffbfc1f7ec
ffffffffbfc0b610	FUN_ffffffffbfc0b610	ffffffffbfc0b5c0	FUN_ffffffffbfc0b5c0
ffffffffbfc0b610	FUN_ffffffffbfc0b610	ffffffffbfc0a470	FUN_ffffffffbfc0a470
ffffffffbfc0b610	FUN_ffffffffbfc0b610	ffffffffbfc243f4	FUN_ffffffffbfc243f4
ffffffffbfc0bd04	FUN_ffffffffbfc0bd04	ffffffffbfc0bccc	FUN_ffffffffbfc0bccc
ffffffffbfc0bdd0	FUN_ffffffffbfc0bdd0	ffffffffbfc243f4	FUN_ffffffffbfc243f4
ffffffffbfc0be94	FUN_ffffffffbfc0be94	ffffffffbfc243f4	FUN_ffffffffbfc243f4
ffffffffbfc0bec8	FUN_ffffffffbfc0bec8	ffffffffbfc0be94	FUN_ffffffffbfc0be94
ffffffffbfc0bec8	FUN_ffffffffbfc0bec8	ffffffffbfc1f774	FUN_ffffffffbfc1f774
ffffffffbfc0bf08	FUN_ffffffffbfc0bf08	ffffffffbfc23980	FUN_ffffffffbfc23980
ffffffffbfc0bf68	FUN_ffffffffbfc0bf68	ffffffffbfc0bf08	FUN_ffffffffbfc0bf08
ffffffffbfc0bf68	FUN_ffffffffbfc0bf68	ffffffffbfc19024	FUN_ffffffffbfc19024
ffffffffbfc0bfa8	FUN_ffffffffbfc0bfa8	ffffffffbfc23980	FUN_ffffffffbfc23980
ffffffffbfc0c054	FUN_ffffffffbfc0c054	ffffffffbfc0bfa8	FUN_ffffffffbfc0bfa8
ffffffffbfc0c054	FUN_ffffffffbfc0c054	ffffffffbfc19024	FUN_ffffffffbfc19024
ffffffffbfc0c090	FUN_ffffffffbfc0c090	ffffffffbfc23888	FUN_ffffffffbfc23888
ffffffffbfc0c170	FUN_ffffffffbfc0c170	ffffffffbfc23888	FUN_ffffffffbfc23888
ffffffffbfc0c188	FUN_ffffffffbfc0c188	ffffffffbfc0bccc	FUN_ffffffffbfc0bccc
ffffffffbfc0c188	FUN_ffffffffbfc0c188	ffffffffbfc0c170	FUN_ffffffffbfc0c170
ffffffffbfc0c2ac	FUN_ffffffffbfc0c2ac	ffffffffbfc23888	FUN_ffffffffbfc23888
ffffffffbfc0c2e8	FUN_ffffffffbfc0c2e8	ffffffffbfc23888	FUN_ffffffffbfc23888
ffffffffbfc0c328	thunk_FUN_ffffffffbfc0e978	ffffffffbfc0e978	FUN_ffffffffbfc0e978
ffffffffbfc0c340	FUN_ffffffffbfc0c340	ffffffffbfc0c090	FUN_ffffffffbfc0c090
ffffffffbfc0c340	FUN_ffffffffbfc0c340	ffffffffbfc0e978	FUN_ffffffffbfc0e978
ffffffffbfc0c340	FUN_ffffffffbfc0c340	ffffffffbfc0c2ac	FUN_ffffffffbfc0c2ac
ffffffffbfc0c340	FUN_ffffffffbfc0c340	ffffffffbfc1f774	FUN_ffffffffbfc1f774
ffffffffbfc0c340	FUN_ffffffffbfc0c340	ffffffffbfc23888	FUN_ffffffffbfc23888
ffffffffbfc0c490	FUN_ffffffffbfc0c490	ffffffffbfc0c090	FUN_ffffffffbfc0c090
ffffffffbfc0c490	FUN_ffffffffbfc0c490	ffffffffbfc0c170	FUN_ffffffffbfc0c170
ffffffffbfc0c490	FUN_ffffffffbfc0c490	ffffffffbfc1f8e4	FUN_ffffffffbfc1f8e4
ffffffffbfc0c490	FUN_ffffffffbfc0c490	ffffffffbfc0e978	FUN_ffffffffbfc0e978
ffffffffbfc0c490	FUN_ffffffffbfc0c490	ffffffffbfc0bec8	FUN_ffffffffbfc0bec8
ffffffffbfc0c490	FUN_ffffffffbfc0c490	ffffffffbfc0c2e8	FUN_ffffffffbfc0c2e8
ffffffffbfc0c490	FUN_ffffffffbfc0c490	ffffffffbfc1f774	FUN_ffffffffbfc1f774
ffffffffbfc0c490	FUN_ffffffffbfc0c490	ffffffffbfc23888	FUN_ffffffffbfc23888
ffffffffbfc0c490	FUN_ffffffffbfc0c490	ffffffffbfc1f7ec	FUN_ffffffffbfc1f7ec
ffffffffbfc0c490	FUN_ffffffffbfc0c490	ffffffffbfc0bd04	FUN_ffffffffbfc0bd04
ffffffffbfc0c9e4	FUN_ffffffffbfc0c9e4	ffffffffbfc02ed0	FUN_ffffffffbfc02ed0
ffffffffbfc0c9e4	FUN_ffffffffbfc0c9e4	ffffffffbfc235a4	thunk_FUN_ffffffffbfc235c8
ffffffffbfc0c9e4	FUN_ffffffffbfc0c9e4	ffffffffbfc0c090	FUN_ffffffffbfc0c090
ffffffffbfc0c9e4	FUN_ffffffffbfc0c9e4	ffffffffbfc0e978	FUN_ffffffffbfc0e978
ffffffffbfc0c9e4	FUN_ffffffffbfc0c9e4	ffffffffbfc0c340	FUN_ffffffffbfc0c340
ffffffffbfc0c9e4	FUN_ffffffffbfc0c9e4	ffffffffbfc0c188	FUN_ffffffffbfc0c188
ffffffffbfc0c9e4	FUN_ffffffffbfc0c9e4	ffffffffbfc23888	FUN_ffffffffbfc23888
ffffffffbfc0cba4	FUN_ffffffffbfc0cba4	ffffffffbfc02ed0	FUN_ffffffffbfc02ed0
ffffffffbfc0cc08	FUN_ffffffffbfc0cc08	ffffffffbfc19024	FUN_ffffffffbfc19024
ffffffffbfc0cc08	FUN_ffffffffbfc0cc08	ffffffffbfc0eb8c	FUN_ffffffffbfc0eb8c
ffffffffbfc0cc08	FUN_ffffffffbfc0cc08	ffffffffbfc0eae4	FUN_ffffffffbfc0eae4
ffffffffbfc0cc08	FUN_ffffffffbfc0cc08	ffffffffbfc0cba4	FUN_ffffffffbfc0cba4
ffffffffbfc0cc08	FUN_ffffffffbfc0cc08	ffffffffbfc0e920	FUN_ffffffffbfc0e920
ffffffffbfc0cd60	FUN_ffffffffbfc0cd60	ffffffffbfc02ed0	FUN_ffffffffbfc02ed0
ffffffffbfc0cd60	FUN_ffffffffbfc0cd60	ffffffffbfc1f774	FUN_ffffffffbfc1f774
ffffffffbfc0ce20	FUN_ffffffffbfc0ce20	ffffffffbfc0eb8c	FUN_ffffffffbfc0eb8c
ffffffffbfc0ce20	FUN_ffffffffbfc0ce20	ffffffffbfc0ea0c	FUN_ffffffffbfc0ea0c
ffffffffbfc0ce20	FUN_ffffffffbfc0ce20	ffffffffbfc0e920	FUN_ffffffffbfc0e920
ffffffffbfc0ce74	FUN_ffffffffbfc0ce74	ffffffffbfc02ed0	FUN_ffffffffbfc02ed0
ffffffffbfc0ce74	FUN_ffffffffbfc0ce74	ffffffffbfc0c170	FUN_ffffffffbfc0c170
ffffffffbfc0ce74	FUN_ffffffffbfc0ce74	ffffffffbfc0bf68	FUN_ffffffffbfc0bf68
ffffffffbfc0ce74	FUN_ffffffffbfc0ce74	ffffffffbfc0e9b0	FUN_ffffffffbfc0e9b0
ffffffffbfc0ce74	FUN_ffffffffbfc0ce74	ffffffffbfc0e8b0	FUN_ffffffffbfc0e8b0
ffffffffbfc0ce74	FUN_ffffffffbfc0ce74	ffffffffbfc0c054	FUN_ffffffffbfc0c054
ffffffffbfc0ce74	FUN_ffffffffbfc0ce74	ffffffffbfc0d7c0	FUN_ffffffffbfc0d7c0
ffffffffbfc0ce74	FUN_ffffffffbfc0ce74	ffffffffbfc0ea0c	FUN_ffffffffbfc0ea0c
ffffffffbfc0ce74	FUN_ffffffffbfc0ce74	ffffffffbfc0e8c8	FUN_ffffffffbfc0e8c8
ffffffffbfc0ce74	FUN_ffffffffbfc0ce74	ffffffffbfc0cc08	FUN_ffffffffbfc0cc08
ffffffffbfc0ce74	FUN_ffffffffbfc0ce74	ffffffffbfc235a4	thunk_FUN_ffffffffbfc235c8
ffffffffbfc0ce74	FUN_ffffffffbfc0ce74	ffffffffbfc03190	FUN_ffffffffbfc03190
ffffffffbfc0ce74	FUN_ffffffffbfc0ce74	ffffffffbfc0cd60	FUN_ffffffffbfc0cd60
ffffffffbfc0ce74	FUN_ffffffffbfc0ce74	ffffffffbfc0eb8c	FUN_ffffffffbfc0eb8c
ffffffffbfc0ce74	FUN_ffffffffbfc0ce74	ffffffffbfc0dfe8	FUN_ffffffffbfc0dfe8
ffffffffbfc0ce74	FUN_ffffffffbfc0ce74	ffffffffbfc0e690	FUN_ffffffffbfc0e690
ffffffffbfc0ce74	FUN_ffffffffbfc0ce74	ffffffffbfc1f774	FUN_ffffffffbfc1f774
ffffffffbfc0ce74	FUN_ffffffffbfc0ce74	ffffffffbfc23888	FUN_ffffffffbfc23888
ffffffffbfc0ce74	FUN_ffffffffbfc0ce74	ffffffffbfc1f7ec	FUN_ffffffffbfc1f7ec
ffffffffbfc0ce74	FUN_ffffffffbfc0ce74	ffffffffbfc0e920	FUN_ffffffffbfc0e920
ffffffffbfc0ce74	FUN_ffffffffbfc0ce74	ffffffffbfc1f978	FUN_ffffffffbfc1f978
ffffffffbfc0d590	FUN_ffffffffbfc0d590	ffffffffbfc0c9e4	FUN_ffffffffbfc0c9e4
ffffffffbfc0d590	FUN_ffffffffbfc0d590	ffffffffbfc0bd44	FUN_ffffffffbfc0bd44
ffffffffbfc0d7c0	FUN_ffffffffbfc0d7c0	ffffffffbfc02ed0	FUN_ffffffffbfc02ed0
ffffffffbfc0d7c0	FUN_ffffffffbfc0d7c0	ffffffffbfc1f8e4	FUN_ffffffffbfc1f8e4
ffffffffbfc0d7c0	FUN_ffffffffbfc0d7c0	ffffffffbfc0d590	FUN_ffffffffbfc0d590
ffffffffbfc0d7c0	FUN_ffffffffbfc0d7c0	ffffffffbfc243f4	FUN_ffffffffbfc243f4
ffffffffbfc0d7c0	FUN_ffffffffbfc0d7c0	ffffffffbfc0bec8	FUN_ffffffffbfc0bec8
ffffffffbfc0d7c0	FUN_ffffffffbfc0d7c0	ffffffffbfc0bcb4	FUN_ffffffffbfc0bcb4
ffffffffbfc0d7c0	FUN_ffffffffbfc0d7c0	ffffffffbfc0e9e0	FUN_ffffffffbfc0e9e0
ffffffffbfc0d7c0	FUN_ffffffffbfc0d7c0	ffffffffbfc1f774	FUN_ffffffffbfc1f774
ffffffffbfc0d7c0	FUN_ffffffffbfc0d7c0	ffffffffbfc1f7ec	FUN_ffffffffbfc1f7ec
ffffffffbfc0d7c0	FUN_ffffffffbfc0d7c0	ffffffffbfc0cba4	FUN_ffffffffbfc0cba4
ffffffffbfc0d7c0	FUN_ffffffffbfc0d7c0	ffffffffbfc237e4	FUN_ffffffffbfc237e4
ffffffffbfc0d7c0	FUN_ffffffffbfc0d7c0	ffffffffbfc23000	FUN_ffffffffbfc23000
ffffffffbfc0da64	FUN_ffffffffbfc0da64	ffffffffbfc0d590	FUN_ffffffffbfc0d590
ffffffffbfc0da64	FUN_ffffffffbfc0da64	ffffffffbfc1f774	FUN_ffffffffbfc1f774
ffffffffbfc0da64	FUN_ffffffffbfc0da64	ffffffffbfc0cba4	FUN_ffffffffbfc0cba4
ffffffffbfc0da64	FUN_ffffffffbfc0da64	ffffffffbfc0cc08	FUN_ffffffffbfc0cc08
ffffffffbfc0dafc	FUN_ffffffffbfc0dafc	ffffffffbfc23a70	FUN_ffffffffbfc23a70
ffffffffbfc0dafc	FUN_ffffffffbfc0dafc	ffffffffbfc0d590	FUN_ffffffffbfc0d590
ffffffffbfc0dafc	FUN_ffffffffbfc0dafc	ffffffffbfc1f8e4	FUN_ffffffffbfc1f8e4
ffffffffbfc0dafc	FUN_ffffffffbfc0dafc	ffffffffbfc231f4	FUN_ffffffffbfc231f4
ffffffffbfc0dafc	FUN_ffffffffbfc0dafc	ffffffffbfc1f774	FUN_ffffffffbfc1f774
ffffffffbfc0dafc	FUN_ffffffffbfc0dafc	ffffffffbfc1f7ec	FUN_ffffffffbfc1f7ec
ffffffffbfc0dafc	FUN_ffffffffbfc0dafc	ffffffffbfc0cba4	FUN_ffffffffbfc0cba4
ffffffffbfc0dafc	FUN_ffffffffbfc0dafc	ffffffffbfc23888	FUN_ffffffffbfc23888
ffffffffbfc0dafc	FUN_ffffffffbfc0dafc	ffffffffbfc0cc08	FUN_ffffffffbfc0cc08
ffffffffbfc0def0	FUN_ffffffffbfc0def0	ffffffffbfc1f7ec	FUN_ffffffffbfc1f7ec
ffffffffbfc0df54	FUN_ffffffffbfc0df54	ffffffffbfc23888	FUN_ffffffffbfc23888
ffffffffbfc0df6c	FUN_ffffffffbfc0df6c	ffffffffbfc23888	FUN_ffffffffbfc23888
ffffffffbfc0dfa8	FUN_ffffffffbfc0dfa8	ffffffffbfc23888	FUN_ffffffffbfc23888
ffffffffbfc0dfe8	FUN_ffffffffbfc0dfe8	ffffffffbfc02ed0	FUN_ffffffffbfc02ed0
ffffffffbfc0dfe8	FUN_ffffffffbfc0dfe8	ffffffffbfc0c090	FUN_ffffffffbfc0c090
ffffffffbfc0dfe8	FUN_ffffffffbfc0dfe8	ffffffffbfc0bd80	FUN_ffffffffbfc0bd80
ffffffffbfc0dfe8	FUN_ffffffffbfc0dfe8	ffffffffbfc0bcb4	FUN_ffffffffbfc0bcb4
ffffffffbfc0dfe8	FUN_ffffffffbfc0dfe8	ffffffffbfc0c328	thunk_FUN_ffffffffbfc0e978
ffffffffbfc0dfe8	FUN_ffffffffbfc0dfe8	ffffffffbfc0c188	FUN_ffffffffbfc0c188
ffffffffbfc0dfe8	FUN_ffffffffbfc0dfe8	ffffffffbfc1f7ec	FUN_ffffffffbfc1f7ec
ffffffffbfc0dfe8	FUN_ffffffffbfc0dfe8	ffffffffbfc23888	FUN_ffffffffbfc23888
ffffffffbfc0dfe8	FUN_ffffffffbfc0dfe8	ffffffffbfc0cba4	FUN_ffffffffbfc0cba4
ffffffffbfc0dfe8	FUN_ffffffffbfc0dfe8	ffffffffbfc237e4	FUN_ffffffffbfc237e4
ffffffffbfc0dfe8	FUN_ffffffffbfc0dfe8	ffffffffbfc0df6c	FUN_ffffffffbfc0df6c
ffffffffbfc0e264	FUN_ffffffffbfc0e264	ffffffffbfc19b60	FUN_ffffffffbfc19b60
ffffffffbfc0e264	FUN_ffffffffbfc0e264	ffffffffbfc0df54	FUN_ffffffffbfc0df54
ffffffffbfc0e264	FUN_ffffffffbfc0e264	ffffffffbfc0bd80	FUN_ffffffffbfc0bd80
ffffffffbfc0e264	FUN_ffffffffbfc0e264	ffffffffbfc0dfa8	FUN_ffffffffbfc0dfa8
ffffffffbfc0e264	FUN_ffffffffbfc0e264	ffffffffbfc19024	FUN_ffffffffbfc19024
ffffffffbfc0e264	FUN_ffffffffbfc0e264	ffffffffbfc231f4	FUN_ffffffffbfc231f4
ffffffffbfc0e264	FUN_ffffffffbfc0e264	ffffffffbfc0d7c0	FUN_ffffffffbfc0d7c0
ffffffffbfc0e264	FUN_ffffffffbfc0e264	ffffffffbfc23888	FUN_ffffffffbfc23888
ffffffffbfc0e264	FUN_ffffffffbfc0e264	ffffffffbfc0cba4	FUN_ffffffffbfc0cba4
ffffffffbfc0e264	FUN_ffffffffbfc0e264	ffffffffbfc0def0	FUN_ffffffffbfc0def0
ffffffffbfc0e5e8	FUN_ffffffffbfc0e5e8	ffffffffbfc0dfe8	FUN_ffffffffbfc0dfe8
ffffffffbfc0e5e8	FUN_ffffffffbfc0e5e8	ffffffffbfc1f774	FUN_ffffffffbfc1f774
ffffffffbfc0e5e8	FUN_ffffffffbfc0e5e8	ffffffffbfc0cba4	FUN_ffffffffbfc0cba4
ffffffffbfc0e5e8	FUN_ffffffffbfc0e5e8	ffffffffbfc0cc08	FUN_ffffffffbfc0cc08
ffffffffbfc0e690	FUN_ffffffffbfc0e690	ffffffffbfc0c090	FUN_ffffffffbfc0c090
ffffffffbfc0e690	FUN_ffffffffbfc0e690	ffffffffbfc0c328	thunk_FUN_ffffffffbfc0e978
ffffffffbfc0e690	FUN_ffffffffbfc0e690	ffffffffbfc0bcb4	FUN_ffffffffbfc0bcb4
ffffffffbfc0e690	FUN_ffffffffbfc0e690	ffffffffbfc1f7ec	FUN_ffffffffbfc1f7ec
ffffffffbfc0e690	FUN_ffffffffbfc0e690	ffffffffbfc23888	FUN_ffffffffbfc23888
ffffffffbfc0e690	FUN_ffffffffbfc0e690	ffffffffbfc0cba4	FUN_ffffffffbfc0cba4
ffffffffbfc0e7b8	FUN_ffffffffbfc0e7b8	ffffffffbfc19024	FUN_ffffffffbfc19024
ffffffffbfc0e7b8	FUN_ffffffffbfc0e7b8	ffffffffbfc0d7c0	FUN_ffffffffbfc0d7c0
ffffffffbfc0e820	FUN_ffffffffbfc0e820	ffffffffbfc0e690	FUN_ffffffffbfc0e690
ffffffffbfc0e820	FUN_ffffffffbfc0e820	ffffffffbfc1f774	FUN_ffffffffbfc1f774
ffffffffbfc0e820	FUN_ffffffffbfc0e820	ffffffffbfc0cba4	FUN_ffffffffbfc0cba4
ffffffffbfc0e820	FUN_ffffffffbfc0e820	ffffffffbfc0cc08	FUN_ffffffffbfc0cc08
ffffffffbfc0ea0c	FUN_ffffffffbfc0ea0c	ffffffffbfc19b60	FUN_ffffffffbfc19b60
ffffffffbfc0ea0c	FUN_ffffffffbfc0ea0c	ffffffffbfc19024	FUN_ffffffffbfc19024
ffffffffbfc0eae4	FUN_ffffffffbfc0eae4	ffffffffbfc19b60	FUN_ffffffffbfc19b60
ffffffffbfc0eae4	FUN_ffffffffbfc0eae4	ffffffffbfc19024	FUN_ffffffffbfc19024
ffffffffbfc0eb8c	FUN_ffffffffbfc0eb8c	ffffffffbfc0eae4	FUN_ffffffffbfc0eae4
ffffffffbfc0ec2c	FUN_ffffffffbfc0ec2c	ffffffffbfc19b60	FUN_ffffffffbfc19b60
ffffffffbfc0ec2c	FUN_ffffffffbfc0ec2c	ffffffffbfc19024	FUN_ffffffffbfc19024
ffffffffbfc0ed10	FUN_ffffffffbfc0ed10	ffffffffbfc2b09c	FUN_ffffffffbfc2b09c
ffffffffbfc0ed44	FUN_ffffffffbfc0ed44	ffffffffbfc23980	FUN_ffffffffbfc23980
ffffffffbfc0ed44	FUN_ffffffffbfc0ed44	ffffffffbfc23888	FUN_ffffffffbfc23888
ffffffffbfc0ee1c	FUN_ffffffffbfc0ee1c	ffffffffbfc19024	FUN_ffffffffbfc19024
ffffffffbfc0ee1c	FUN_ffffffffbfc0ee1c	ffffffffbfc2a454	FUN_ffffffffbfc2a454
ffffffffbfc0ee1c	FUN_ffffffffbfc0ee1c	ffffffffbfc19b60	FUN_ffffffffbfc19b60
ffffffffbfc0ee1c	FUN_ffffffffbfc0ee1c	ffffffffbfc1f774	FUN_ffffffffbfc1f774
ffffffffbfc0ee1c	FUN_ffffffffbfc0ee1c	ffffffffbfc235a4	thunk_FUN_ffffffffbfc235c8
ffffffffbfc0ee1c	FUN_ffffffffbfc0ee1c	ffffffffbfc23980	FUN_ffffffffbfc23980
ffffffffbfc0ee1c	FUN_ffffffffbfc0ee1c	ffffffffbfc23888	FUN_ffffffffbfc23888
ffffffffbfc0ee1c	FUN_ffffffffbfc0ee1c	ffffffffbfc243f4	FUN_ffffffffbfc243f4
ffffffffbfc0ee1c	FUN_ffffffffbfc0ee1c	ffffffffbfc1f7ec	FUN_ffffffffbfc1f7ec
ffffffffbfc0ee1c	FUN_ffffffffbfc0ee1c	ffffffffbfc1f8e4	FUN_ffffffffbfc1f8e4
ffffffffbfc0f2c0	FUN_ffffffffbfc0f2c0	ffffffffbfc0f27c	FUN_ffffffffbfc0f27c
ffffffffbfc0f3b0	FUN_ffffffffbfc0f3b0	ffffffffbfc0f2c0	FUN_ffffffffbfc0f2c0
ffffffffbfc0f464	FUN_ffffffffbfc0f464	ffffffffbfc0f27c	FUN_ffffffffbfc0f27c
ffffffffbfc0f554	FUN_ffffffffbfc0f554	ffffffffbfc0f27c	FUN_ffffffffbfc0f27c
ffffffffbfc0f640	rv220w_flash_probe_ids	ffffffffbfc1f7ec	FUN_ffffffffbfc1f7ec
ffffffffbfc0f748	FUN_ffffffffbfc0f748	ffffffffbfc02ed0	FUN_ffffffffbfc02ed0
ffffffffbfc0f748	FUN_ffffffffbfc0f748	ffffffffbfc0f464	FUN_ffffffffbfc0f464
ffffffffbfc0f748	FUN_ffffffffbfc0f748	ffffffffbfc0f554	FUN_ffffffffbfc0f554
ffffffffbfc0f748	FUN_ffffffffbfc0f748	ffffffffbfc0f178	FUN_ffffffffbfc0f178
ffffffffbfc0f748	FUN_ffffffffbfc0f748	ffffffffbfc0f27c	FUN_ffffffffbfc0f27c
ffffffffbfc0f748	FUN_ffffffffbfc0f748	ffffffffbfc0f2c0	FUN_ffffffffbfc0f2c0
ffffffffbfc0f748	FUN_ffffffffbfc0f748	ffffffffbfc1f774	FUN_ffffffffbfc1f774
ffffffffbfc0f748	FUN_ffffffffbfc0f748	ffffffffbfc1f7ec	FUN_ffffffffbfc1f7ec
ffffffffbfc0fb24	FUN_ffffffffbfc0fb24	ffffffffbfc0f2c0	FUN_ffffffffbfc0f2c0
ffffffffbfc0fb24	FUN_ffffffffbfc0fb24	ffffffffbfc0f748	FUN_ffffffffbfc0f748
ffffffffbfc0fb24	FUN_ffffffffbfc0fb24	ffffffffbfc27b38	FUN_ffffffffbfc27b38
ffffffffbfc0fb24	FUN_ffffffffbfc0fb24	ffffffffbfc0f3b0	FUN_ffffffffbfc0f3b0
ffffffffbfc0fb24	FUN_ffffffffbfc0fb24	ffffffffbfc27b30	FUN_ffffffffbfc27b30
ffffffffbfc0fb24	FUN_ffffffffbfc0fb24	ffffffffbfc1f7ec	FUN_ffffffffbfc1f7ec
ffffffffbfc0ff6c	FUN_ffffffffbfc0ff6c	ffffffffbfc0f1f4	FUN_ffffffffbfc0f1f4
ffffffffbfc0ff6c	FUN_ffffffffbfc0ff6c	ffffffffbfc1f774	FUN_ffffffffbfc1f774
ffffffffbfc0ff6c	FUN_ffffffffbfc0ff6c	ffffffffbfc0fb24	FUN_ffffffffbfc0fb24
ffffffffbfc0ff6c	FUN_ffffffffbfc0ff6c	ffffffffbfc1f7ec	FUN_ffffffffbfc1f7ec
ffffffffbfc10214	FUN_ffffffffbfc10214	ffffffffbfc1f774	FUN_ffffffffbfc1f774
ffffffffbfc10214	FUN_ffffffffbfc10214	ffffffffbfc1f7ec	FUN_ffffffffbfc1f7ec
ffffffffbfc1037c	FUN_ffffffffbfc1037c	ffffffffbfc0f2c0	FUN_ffffffffbfc0f2c0
ffffffffbfc1037c	FUN_ffffffffbfc1037c	ffffffffbfc0f748	FUN_ffffffffbfc0f748
ffffffffbfc1037c	FUN_ffffffffbfc1037c	ffffffffbfc1f774	FUN_ffffffffbfc1f774
ffffffffbfc1037c	FUN_ffffffffbfc1037c	ffffffffbfc0f3b0	FUN_ffffffffbfc0f3b0
ffffffffbfc1037c	FUN_ffffffffbfc1037c	ffffffffbfc1f7ec	FUN_ffffffffbfc1f7ec
ffffffffbfc1037c	FUN_ffffffffbfc1037c	ffffffffbfc1f8e4	FUN_ffffffffbfc1f8e4
ffffffffbfc1060c	FUN_ffffffffbfc1060c	ffffffffbfc0f464	FUN_ffffffffbfc0f464
ffffffffbfc1060c	FUN_ffffffffbfc1060c	ffffffffbfc0f554	FUN_ffffffffbfc0f554
ffffffffbfc1060c	FUN_ffffffffbfc1060c	ffffffffbfc0f640	rv220w_flash_probe_ids
ffffffffbfc1060c	FUN_ffffffffbfc1060c	ffffffffbfc0f2c0	FUN_ffffffffbfc0f2c0
ffffffffbfc1060c	FUN_ffffffffbfc1060c	ffffffffbfc216b0	FUN_ffffffffbfc216b0
ffffffffbfc1060c	FUN_ffffffffbfc1060c	ffffffffbfc0f15c	FUN_ffffffffbfc0f15c
ffffffffbfc1060c	FUN_ffffffffbfc1060c	ffffffffbfc1f7ec	FUN_ffffffffbfc1f7ec
ffffffffbfc10fb8	FUN_ffffffffbfc10fb8	ffffffffbfc10f18	FUN_ffffffffbfc10f18
ffffffffbfc1102c	FUN_ffffffffbfc1102c	ffffffffbfc10f3c	FUN_ffffffffbfc10f3c
ffffffffbfc1102c	FUN_ffffffffbfc1102c	ffffffffbfc10f18	FUN_ffffffffbfc10f18
ffffffffbfc110f0	FUN_ffffffffbfc110f0	ffffffffbfc10f3c	FUN_ffffffffbfc10f3c
ffffffffbfc110f0	FUN_ffffffffbfc110f0	ffffffffbfc10f18	FUN_ffffffffbfc10f18
ffffffffbfc11234	FUN_ffffffffbfc11234	ffffffffbfc10f3c	FUN_ffffffffbfc10f3c
ffffffffbfc11234	FUN_ffffffffbfc11234	ffffffffbfc111e8	FUN_ffffffffbfc111e8
ffffffffbfc112c8	FUN_ffffffffbfc112c8	ffffffffbfc111e8	FUN_ffffffffbfc111e8
ffffffffbfc112c8	FUN_ffffffffbfc112c8	ffffffffbfc10f30	FUN_ffffffffbfc10f30
ffffffffbfc1135c	FUN_ffffffffbfc1135c	ffffffffbfc111e8	FUN_ffffffffbfc111e8
ffffffffbfc1135c	FUN_ffffffffbfc1135c	ffffffffbfc10f24	FUN_ffffffffbfc10f24
ffffffffbfc113f0	FUN_ffffffffbfc113f0	ffffffffbfc111e8	FUN_ffffffffbfc111e8
ffffffffbfc113f0	FUN_ffffffffbfc113f0	ffffffffbfc10f18	FUN_ffffffffbfc10f18
ffffffffbfc11484	FUN_ffffffffbfc11484	ffffffffbfc111e8	FUN_ffffffffbfc111e8
ffffffffbfc11484	FUN_ffffffffbfc11484	ffffffffbfc10f0c	FUN_ffffffffbfc10f0c
ffffffffbfc1151c	FUN_ffffffffbfc1151c	ffffffffbfc111e8	FUN_ffffffffbfc111e8
ffffffffbfc1151c	FUN_ffffffffbfc1151c	ffffffffbfc10f00	FUN_ffffffffbfc10f00
ffffffffbfc115b4	FUN_ffffffffbfc115b4	ffffffffbfc1151c	FUN_ffffffffbfc1151c
ffffffffbfc115b4	FUN_ffffffffbfc115b4	ffffffffbfc11484	FUN_ffffffffbfc11484
ffffffffbfc11730	FUN_ffffffffbfc11730	ffffffffbfc10f3c	FUN_ffffffffbfc10f3c
ffffffffbfc11730	FUN_ffffffffbfc11730	ffffffffbfc10f24	FUN_ffffffffbfc10f24
ffffffffbfc11730	FUN_ffffffffbfc11730	ffffffffbfc10f00	FUN_ffffffffbfc10f00
ffffffffbfc11730	FUN_ffffffffbfc11730	ffffffffbfc10f18	FUN_ffffffffbfc10f18
ffffffffbfc11a0c	thunk_FUN_ffffffffbfc2cc7c	ffffffffbfc27784	thunk_FUN_ffffffffbfc2cc7c
ffffffffbfc11b04	FUN_ffffffffbfc11b04	ffffffffbfc1f7ec	FUN_ffffffffbfc1f7ec
ffffffffbfc11bdc	FUN_ffffffffbfc11bdc	ffffffffbfc10f24	FUN_ffffffffbfc10f24
ffffffffbfc11bdc	FUN_ffffffffbfc11bdc	ffffffffbfc1193c	FUN_ffffffffbfc1193c
ffffffffbfc11bdc	FUN_ffffffffbfc11bdc	ffffffffbfc10f00	FUN_ffffffffbfc10f00
ffffffffbfc11bdc	FUN_ffffffffbfc11bdc	ffffffffbfc120c4	FUN_ffffffffbfc120c4
ffffffffbfc11bdc	FUN_ffffffffbfc11bdc	ffffffffbfc10f0c	FUN_ffffffffbfc10f0c
ffffffffbfc11bdc	FUN_ffffffffbfc11bdc	ffffffffbfc1f7ec	FUN_ffffffffbfc1f7ec
ffffffffbfc11de8	FUN_ffffffffbfc11de8	ffffffffbfc11bdc	FUN_ffffffffbfc11bdc
ffffffffbfc11de8	FUN_ffffffffbfc11de8	ffffffffbfc12420	FUN_ffffffffbfc12420
ffffffffbfc11eb0	FUN_ffffffffbfc11eb0	ffffffffbfc10f3c	FUN_ffffffffbfc10f3c
ffffffffbfc11eb0	FUN_ffffffffbfc11eb0	ffffffffbfc10f24	FUN_ffffffffbfc10f24
ffffffffbfc11eb0	FUN_ffffffffbfc11eb0	ffffffffbfc11e58	FUN_ffffffffbfc11e58
ffffffffbfc11eb0	FUN_ffffffffbfc11eb0	ffffffffbfc10f18	FUN_ffffffffbfc10f18
ffffffffbfc120c4	FUN_ffffffffbfc120c4	ffffffffbfc11bdc	FUN_ffffffffbfc11bdc
ffffffffbfc120c4	FUN_ffffffffbfc120c4	ffffffffbfc11eb0	FUN_ffffffffbfc11eb0
ffffffffbfc120c4	FUN_ffffffffbfc120c4	ffffffffbfc10f3c	FUN_ffffffffbfc10f3c
ffffffffbfc120c4	FUN_ffffffffbfc120c4	ffffffffbfc11e3c	FUN_ffffffffbfc11e3c
ffffffffbfc120c4	FUN_ffffffffbfc120c4	ffffffffbfc10f24	FUN_ffffffffbfc10f24
ffffffffbfc120c4	FUN_ffffffffbfc120c4	ffffffffbfc10f30	FUN_ffffffffbfc10f30
ffffffffbfc120c4	FUN_ffffffffbfc120c4	ffffffffbfc10f00	FUN_ffffffffbfc10f00
ffffffffbfc120c4	FUN_ffffffffbfc120c4	ffffffffbfc10f0c	FUN_ffffffffbfc10f0c
ffffffffbfc120c4	FUN_ffffffffbfc120c4	ffffffffbfc10f18	FUN_ffffffffbfc10f18
ffffffffbfc124f0	FUN_ffffffffbfc124f0	ffffffffbfc231f4	FUN_ffffffffbfc231f4
ffffffffbfc124f0	FUN_ffffffffbfc124f0	ffffffffbfc19024	FUN_ffffffffbfc19024
ffffffffbfc12748	FUN_ffffffffbfc12748	ffffffffbfc1f428	FUN_ffffffffbfc1f428
ffffffffbfc12748	FUN_ffffffffbfc12748	ffffffffbfc1f774	FUN_ffffffffbfc1f774
ffffffffbfc12748	FUN_ffffffffbfc12748	ffffffffbfc124f0	FUN_ffffffffbfc124f0
ffffffffbfc12748	FUN_ffffffffbfc12748	ffffffffbfc1e7b0	FUN_ffffffffbfc1e7b0
ffffffffbfc12748	FUN_ffffffffbfc12748	ffffffffbfc231f4	FUN_ffffffffbfc231f4
ffffffffbfc12748	FUN_ffffffffbfc12748	ffffffffbfc1f440	FUN_ffffffffbfc1f440
ffffffffbfc12748	FUN_ffffffffbfc12748	ffffffffbfc1f7ec	FUN_ffffffffbfc1f7ec
ffffffffbfc12ac8	do_run	ffffffffbfc19024	FUN_ffffffffbfc19024
ffffffffbfc12ac8	do_run	ffffffffbfc12748	FUN_ffffffffbfc12748
ffffffffbfc12ac8	do_run	ffffffffbfc1f7ec	FUN_ffffffffbfc1f7ec
ffffffffbfc12ba0	FUN_ffffffffbfc12ba0	ffffffffbfc1f774	FUN_ffffffffbfc1f774
ffffffffbfc12ba0	FUN_ffffffffbfc12ba0	ffffffffbfc1f8e4	FUN_ffffffffbfc1f8e4
ffffffffbfc12cf8	FUN_ffffffffbfc12cf8	ffffffffbfc1f774	FUN_ffffffffbfc1f774
ffffffffbfc12cf8	FUN_ffffffffbfc12cf8	ffffffffbfc1e958	FUN_ffffffffbfc1e958
ffffffffbfc12cf8	FUN_ffffffffbfc12cf8	ffffffffbfc231f4	FUN_ffffffffbfc231f4
ffffffffbfc12cf8	FUN_ffffffffbfc12cf8	ffffffffbfc1f918	FUN_ffffffffbfc1f918
ffffffffbfc12cf8	FUN_ffffffffbfc12cf8	ffffffffbfc1f948	FUN_ffffffffbfc1f948
ffffffffbfc12cf8	FUN_ffffffffbfc12cf8	ffffffffbfc1f8e4	FUN_ffffffffbfc1f8e4
ffffffffbfc12cf8	FUN_ffffffffbfc12cf8	ffffffffbfc12ba0	FUN_ffffffffbfc12ba0
ffffffffbfc12fcc	rv220w_read_base_mac_from_flash	ffffffffbfc23888	FUN_ffffffffbfc23888
ffffffffbfc12fcc	rv220w_read_base_mac_from_flash	ffffffffbfc235a4	thunk_FUN_ffffffffbfc235c8
ffffffffbfc12fcc	rv220w_read_base_mac_from_flash	ffffffffbfc1f7ec	FUN_ffffffffbfc1f7ec
ffffffffbfc13084	rv220w_board_late_init	ffffffffbfc22d1c	do_download
ffffffffbfc13084	rv220w_board_late_init	ffffffffbfc0429c	octeon_gpio_config_input
ffffffffbfc13084	rv220w_board_late_init	ffffffffbfc035bc	octeon_gpio_set_mask
ffffffffbfc13084	rv220w_board_late_init	ffffffffbfc276a8	FUN_ffffffffbfc276a8
ffffffffbfc13084	rv220w_board_late_init	ffffffffbfc04278	octeon_gpio_read_pin
ffffffffbfc13084	rv220w_board_late_init	ffffffffbfc22bd4	do_http
ffffffffbfc13084	rv220w_board_late_init	ffffffffbfc19b60	FUN_ffffffffbfc19b60
ffffffffbfc13084	rv220w_board_late_init	ffffffffbfc12fcc	rv220w_read_base_mac_from_flash
ffffffffbfc13084	rv220w_board_late_init	ffffffffbfc22834	FUN_ffffffffbfc22834
ffffffffbfc13084	rv220w_board_late_init	ffffffffbfc1f7ec	FUN_ffffffffbfc1f7ec
ffffffffbfc13170	FUN_ffffffffbfc13170	ffffffffbfc1f774	FUN_ffffffffbfc1f774
ffffffffbfc13170	FUN_ffffffffbfc13170	ffffffffbfc0ce20	FUN_ffffffffbfc0ce20
ffffffffbfc13170	FUN_ffffffffbfc13170	ffffffffbfc12cf8	FUN_ffffffffbfc12cf8
ffffffffbfc13170	FUN_ffffffffbfc13170	ffffffffbfc12748	FUN_ffffffffbfc12748
ffffffffbfc13170	FUN_ffffffffbfc13170	ffffffffbfc1f948	FUN_ffffffffbfc1f948
ffffffffbfc13170	FUN_ffffffffbfc13170	ffffffffbfc1f7ec	FUN_ffffffffbfc1f7ec
ffffffffbfc13170	FUN_ffffffffbfc13170	ffffffffbfc1f978	FUN_ffffffffbfc1f978
ffffffffbfc13170	FUN_ffffffffbfc13170	ffffffffbfc23a70	FUN_ffffffffbfc23a70
ffffffffbfc13170	FUN_ffffffffbfc13170	ffffffffbfc02e50	FUN_ffffffffbfc02e50
ffffffffbfc13170	FUN_ffffffffbfc13170	ffffffffbfc1e8e8	FUN_ffffffffbfc1e8e8
ffffffffbfc13170	FUN_ffffffffbfc13170	ffffffffbfc05748	FUN_ffffffffbfc05748
ffffffffbfc13170	FUN_ffffffffbfc13170	ffffffffbfc19024	FUN_ffffffffbfc19024
ffffffffbfc13170	FUN_ffffffffbfc13170	ffffffffbfc13084	rv220w_board_late_init
ffffffffbfc13170	FUN_ffffffffbfc13170	ffffffffbfc1f8e4	FUN_ffffffffbfc1f8e4
ffffffffbfc13410	FUN_ffffffffbfc13410	ffffffffbfc22e80	FUN_ffffffffbfc22e80
ffffffffbfc13410	FUN_ffffffffbfc13410	ffffffffbfc1f774	FUN_ffffffffbfc1f774
ffffffffbfc13410	FUN_ffffffffbfc13410	ffffffffbfc23534	FUN_ffffffffbfc23534
ffffffffbfc13410	FUN_ffffffffbfc13410	ffffffffbfc19024	FUN_ffffffffbfc19024
ffffffffbfc13410	FUN_ffffffffbfc13410	ffffffffbfc12748	FUN_ffffffffbfc12748
ffffffffbfc13410	FUN_ffffffffbfc13410	ffffffffbfc2006c	FUN_ffffffffbfc2006c
ffffffffbfc13410	FUN_ffffffffbfc13410	ffffffffbfc1fdd0	FUN_ffffffffbfc1fdd0
ffffffffbfc13614	do_autoscr	ffffffffbfc23980	FUN_ffffffffbfc23980
ffffffffbfc13614	do_autoscr	ffffffffbfc13410	FUN_ffffffffbfc13410
ffffffffbfc13614	do_autoscr	ffffffffbfc1f7ec	FUN_ffffffffbfc1f7ec
ffffffffbfc13690	do_go	ffffffffbfc23980	FUN_ffffffffbfc23980
ffffffffbfc13690	do_go	ffffffffbfc1f7ec	FUN_ffffffffbfc1f7ec
ffffffffbfc13760	FUN_ffffffffbfc13760	ffffffffbfc1f774	FUN_ffffffffbfc1f774
ffffffffbfc13760	FUN_ffffffffbfc13760	ffffffffbfc24c50	FUN_ffffffffbfc24c50
ffffffffbfc13760	FUN_ffffffffbfc13760	ffffffffbfc24ed4	FUN_ffffffffbfc24ed4
ffffffffbfc13760	FUN_ffffffffbfc13760	ffffffffbfc25520	FUN_ffffffffbfc25520
ffffffffbfc13760	FUN_ffffffffbfc13760	ffffffffbfc1f7ec	FUN_ffffffffbfc1f7ec
ffffffffbfc13bf0	do_coninfo	ffffffffbfc21ae0	FUN_ffffffffbfc21ae0
ffffffffbfc13bf0	do_coninfo	ffffffffbfc21a88	FUN_ffffffffbfc21a88
ffffffffbfc13bf0	do_coninfo	ffffffffbfc1f8e4	FUN_ffffffffbfc1f8e4
ffffffffbfc13bf0	do_coninfo	ffffffffbfc1f7ec	FUN_ffffffffbfc1f7ec
ffffffffbfc13d10	FUN_ffffffffbfc13d10	ffffffffbfc1f7ec	FUN_ffffffffbfc1f7ec
ffffffffbfc13de8	FUN_ffffffffbfc13de8	ffffffffbfc27a90	FUN_ffffffffbfc27a90
ffffffffbfc13de8	FUN_ffffffffbfc13de8	ffffffffbfc0334c	FUN_ffffffffbfc0334c
ffffffffbfc13de8	FUN_ffffffffbfc13de8	ffffffffbfc044f8	FUN_ffffffffbfc044f8
ffffffffbfc13de8	FUN_ffffffffbfc13de8	ffffffffbfc1f7ec	FUN_ffffffffbfc1f7ec
ffffffffbfc13f8c	FUN_ffffffffbfc13f8c	ffffffffbfc27a90	FUN_ffffffffbfc27a90
ffffffffbfc13f8c	FUN_ffffffffbfc13f8c	ffffffffbfc23888	FUN_ffffffffbfc23888
ffffffffbfc13f8c	FUN_ffffffffbfc13f8c	ffffffffbfc237e4	FUN_ffffffffbfc237e4
ffffffffbfc13f8c	FUN_ffffffffbfc13f8c	ffffffffbfc1f7ec	FUN_ffffffffbfc1f7ec
ffffffffbfc140ec	do_bootelf	ffffffffbfc23980	FUN_ffffffffbfc23980
ffffffffbfc140ec	do_bootelf	ffffffffbfc13de8	FUN_ffffffffbfc13de8
ffffffffbfc140ec	do_bootelf	ffffffffbfc13d10	FUN_ffffffffbfc13d10
ffffffffbfc140ec	do_bootelf	ffffffffbfc13f8c	FUN_ffffffffbfc13f8c
ffffffffbfc140ec	do_bootelf	ffffffffbfc1f7ec	FUN_ffffffffbfc1f7ec
ffffffffbfc14250	FUN_ffffffffbfc14250	ffffffffbfc1f774	FUN_ffffffffbfc1f774
ffffffffbfc143bc	FUN_ffffffffbfc143bc	ffffffffbfc14250	FUN_ffffffffbfc14250
ffffffffbfc143bc	FUN_ffffffffbfc143bc	ffffffffbfc1f774	FUN_ffffffffbfc1f774
ffffffffbfc143bc	FUN_ffffffffbfc143bc	ffffffffbfc1f7ec	FUN_ffffffffbfc1f7ec
ffffffffbfc144d0	FUN_ffffffffbfc144d0	ffffffffbfc231c0	FUN_ffffffffbfc231c0
ffffffffbfc144d0	FUN_ffffffffbfc144d0	ffffffffbfc23980	FUN_ffffffffbfc23980
ffffffffbfc14688	FUN_ffffffffbfc14688	ffffffffbfc14250	FUN_ffffffffbfc14250
ffffffffbfc14688	FUN_ffffffffbfc14688	ffffffffbfc1f774	FUN_ffffffffbfc1f774
ffffffffbfc14688	FUN_ffffffffbfc14688	ffffffffbfc1037c	FUN_ffffffffbfc1037c
ffffffffbfc14688	FUN_ffffffffbfc14688	ffffffffbfc1f7ec	FUN_ffffffffbfc1f7ec
ffffffffbfc14764	do_flinfo	ffffffffbfc10214	FUN_ffffffffbfc10214
ffffffffbfc14764	do_flinfo	ffffffffbfc1f7ec	FUN_ffffffffbfc1f7ec
ffffffffbfc14764	do_flinfo	ffffffffbfc23980	FUN_ffffffffbfc23980
ffffffffbfc1480c	do_erase	ffffffffbfc1f774	FUN_ffffffffbfc1f774
ffffffffbfc1480c	do_erase	ffffffffbfc1037c	FUN_ffffffffbfc1037c
ffffffffbfc1480c	do_erase	ffffffffbfc14688	FUN_ffffffffbfc14688
ffffffffbfc1480c	do_erase	ffffffffbfc144d0	FUN_ffffffffbfc144d0
ffffffffbfc1480c	do_erase	ffffffffbfc1f7ec	FUN_ffffffffbfc1f7ec
ffffffffbfc1480c	do_erase	ffffffffbfc23980	FUN_ffffffffbfc23980
ffffffffbfc1480c	do_erase	ffffffffbfc141f0	FUN_ffffffffbfc141f0
ffffffffbfc14a84	do_protect	ffffffffbfc1f774	FUN_ffffffffbfc1f774
ffffffffbfc14a84	do_protect	ffffffffbfc144d0	FUN_ffffffffbfc144d0
ffffffffbfc14a84	do_protect	ffffffffbfc1f7ec	FUN_ffffffffbfc1f7ec
ffffffffbfc14a84	do_protect	ffffffffbfc143bc	FUN_ffffffffbfc143bc
ffffffffbfc14a84	do_protect	ffffffffbfc23980	FUN_ffffffffbfc23980
ffffffffbfc14a84	do_protect	ffffffffbfc141f0	FUN_ffffffffbfc141f0
ffffffffbfc14e80	FUN_ffffffffbfc14e80	ffffffffbfc23980	FUN_ffffffffbfc23980
ffffffffbfc14ebc	FUN_ffffffffbfc14ebc	ffffffffbfc23980	FUN_ffffffffbfc23980
ffffffffbfc14f38	FUN_ffffffffbfc14f38	ffffffffbfc231f4	FUN_ffffffffbfc231f4
ffffffffbfc14f38	FUN_ffffffffbfc14f38	ffffffffbfc14ebc	FUN_ffffffffbfc14ebc
ffffffffbfc14f38	FUN_ffffffffbfc14f38	ffffffffbfc14e80	FUN_ffffffffbfc14e80
ffffffffbfc14f38	FUN_ffffffffbfc14f38	ffffffffbfc1f7ec	FUN_ffffffffbfc1f7ec
ffffffffbfc15194	do_itest	ffffffffbfc1f774	FUN_ffffffffbfc1f774
ffffffffbfc15194	do_itest	ffffffffbfc14f38	FUN_ffffffffbfc14f38
ffffffffbfc15194	do_itest	ffffffffbfc1f7ec	FUN_ffffffffbfc1f7ec
ffffffffbfc15194	do_itest	ffffffffbfc171fc	FUN_ffffffffbfc171fc
ffffffffbfc1541c	FUN_ffffffffbfc1541c	ffffffffbfc15280	FUN_ffffffffbfc15280
ffffffffbfc154bc	FUN_ffffffffbfc154bc	ffffffffbfc1f8e4	FUN_ffffffffbfc1f8e4
ffffffffbfc15510	FUN_ffffffffbfc15510	ffffffffbfc154bc	FUN_ffffffffbfc154bc
ffffffffbfc15510	FUN_ffffffffbfc15510	ffffffffbfc1f8e4	FUN_ffffffffbfc1f8e4
ffffffffbfc1556c	FUN_ffffffffbfc1556c	ffffffffbfc15280	FUN_ffffffffbfc15280
ffffffffbfc1556c	FUN_ffffffffbfc1556c	ffffffffbfc152bc	FUN_ffffffffbfc152bc
ffffffffbfc1556c	FUN_ffffffffbfc1556c	ffffffffbfc15510	FUN_ffffffffbfc15510
ffffffffbfc157d0	FUN_ffffffffbfc157d0	ffffffffbfc152bc	FUN_ffffffffbfc152bc
ffffffffbfc157d0	FUN_ffffffffbfc157d0	ffffffffbfc15510	FUN_ffffffffbfc15510
ffffffffbfc1585c	FUN_ffffffffbfc1585c	ffffffffbfc152bc	FUN_ffffffffbfc152bc
ffffffffbfc1585c	FUN_ffffffffbfc1585c	ffffffffbfc15510	FUN_ffffffffbfc15510
ffffffffbfc158e8	do_loadb	ffffffffbfc1535c	FUN_ffffffffbfc1535c
ffffffffbfc158e8	do_loadb	ffffffffbfc19024	FUN_ffffffffbfc19024
ffffffffbfc158e8	do_loadb	ffffffffbfc1556c	FUN_ffffffffbfc1556c
ffffffffbfc158e8	do_loadb	ffffffffbfc1585c	FUN_ffffffffbfc1585c
ffffffffbfc158e8	do_loadb	ffffffffbfc02e50	FUN_ffffffffbfc02e50
ffffffffbfc158e8	do_loadb	ffffffffbfc1f948	FUN_ffffffffbfc1f948
ffffffffbfc158e8	do_loadb	ffffffffbfc1f918	FUN_ffffffffbfc1f918
ffffffffbfc158e8	do_loadb	ffffffffbfc243f4	FUN_ffffffffbfc243f4
ffffffffbfc158e8	do_loadb	ffffffffbfc03650	FUN_ffffffffbfc03650
ffffffffbfc158e8	do_loadb	ffffffffbfc19b60	FUN_ffffffffbfc19b60
ffffffffbfc158e8	do_loadb	ffffffffbfc157d0	FUN_ffffffffbfc157d0
ffffffffbfc158e8	do_loadb	ffffffffbfc27eb4	FUN_ffffffffbfc27eb4
ffffffffbfc158e8	do_loadb	ffffffffbfc27a90	FUN_ffffffffbfc27a90
ffffffffbfc158e8	do_loadb	ffffffffbfc1f7ec	FUN_ffffffffbfc1f7ec
ffffffffbfc158e8	do_loadb	ffffffffbfc1541c	FUN_ffffffffbfc1541c
ffffffffbfc158e8	do_loadb	ffffffffbfc23980	FUN_ffffffffbfc23980
ffffffffbfc15f64	do_loads	ffffffffbfc19024	FUN_ffffffffbfc19024
ffffffffbfc15f64	do_loads	ffffffffbfc23888	FUN_ffffffffbfc23888
ffffffffbfc15f64	do_loads	ffffffffbfc02e50	FUN_ffffffffbfc02e50
ffffffffbfc15f64	do_loads	ffffffffbfc1f978	FUN_ffffffffbfc1f978
ffffffffbfc15f64	do_loads	ffffffffbfc1f948	FUN_ffffffffbfc1f948
ffffffffbfc15f64	do_loads	ffffffffbfc1f918	FUN_ffffffffbfc1f918
ffffffffbfc15f64	do_loads	ffffffffbfc243f4	FUN_ffffffffbfc243f4
ffffffffbfc15f64	do_loads	ffffffffbfc1f8e4	FUN_ffffffffbfc1f8e4
ffffffffbfc15f64	do_loads	ffffffffbfc223e4	FUN_ffffffffbfc223e4
ffffffffbfc15f64	do_loads	ffffffffbfc218e8	FUN_ffffffffbfc218e8
ffffffffbfc15f64	do_loads	ffffffffbfc217d0	FUN_ffffffffbfc217d0
ffffffffbfc15f64	do_loads	ffffffffbfc19b60	FUN_ffffffffbfc19b60
ffffffffbfc15f64	do_loads	ffffffffbfc27a90	FUN_ffffffffbfc27a90
ffffffffbfc15f64	do_loads	ffffffffbfc1f7ec	FUN_ffffffffbfc1f7ec
ffffffffbfc15f64	do_loads	ffffffffbfc23980	FUN_ffffffffbfc23980
ffffffffbfc15f64	do_loads	ffffffffbfc2177c	FUN_ffffffffbfc2177c
ffffffffbfc16380	do_read_cmp	ffffffffbfc1f7ec	FUN_ffffffffbfc1f7ec
ffffffffbfc16380	do_read_cmp	ffffffffbfc23980	FUN_ffffffffbfc23980
ffffffffbfc16458	do_gpio	ffffffffbfc235a4	thunk_FUN_ffffffffbfc235c8
ffffffffbfc16458	do_gpio	ffffffffbfc22b0c	octeon_gpio_read_pin
ffffffffbfc16458	do_gpio	ffffffffbfc22b74	FUN_ffffffffbfc22b74
ffffffffbfc16458	do_gpio	ffffffffbfc1f7ec	FUN_ffffffffbfc1f7ec
ffffffffbfc16458	do_gpio	ffffffffbfc23980	FUN_ffffffffbfc23980
ffffffffbfc16458	do_gpio	ffffffffbfc22dc4	FUN_ffffffffbfc22dc4
ffffffffbfc165ac	do_freeprint	ffffffffbfc0b2dc	FUN_ffffffffbfc0b2dc
ffffffffbfc165e4	do_namedprint	ffffffffbfc0a688	FUN_ffffffffbfc0a688
ffffffffbfc1661c	do_namedfree	ffffffffbfc1f7ec	FUN_ffffffffbfc1f7ec
ffffffffbfc1661c	do_namedfree	ffffffffbfc0ac08	FUN_ffffffffbfc0ac08
ffffffffbfc166b0	do_base	ffffffffbfc1f7ec	FUN_ffffffffbfc1f7ec
ffffffffbfc166b0	do_base	ffffffffbfc23ac8	FUN_ffffffffbfc23ac8
ffffffffbfc16738	do_write64l	ffffffffbfc1f7ec	FUN_ffffffffbfc1f7ec
ffffffffbfc16738	do_write64l	ffffffffbfc23ac8	FUN_ffffffffbfc23ac8
ffffffffbfc167fc	do_write64s	ffffffffbfc1f7ec	FUN_ffffffffbfc1f7ec
ffffffffbfc167fc	do_write64s	ffffffffbfc23ac8	FUN_ffffffffbfc23ac8
ffffffffbfc168c4	do_write64	ffffffffbfc16350	FUN_ffffffffbfc16350
ffffffffbfc168c4	do_write64	ffffffffbfc1f7ec	FUN_ffffffffbfc1f7ec
ffffffffbfc168c4	do_write64	ffffffffbfc23ac8	FUN_ffffffffbfc23ac8
ffffffffbfc16998	do_read64s	ffffffffbfc1f7ec	FUN_ffffffffbfc1f7ec
ffffffffbfc16998	do_read64s	ffffffffbfc23ac8	FUN_ffffffffbfc23ac8
ffffffffbfc16a4c	do_read64l	ffffffffbfc1f7ec	FUN_ffffffffbfc1f7ec
ffffffffbfc16a4c	do_read64l	ffffffffbfc23ac8	FUN_ffffffffbfc23ac8
ffffffffbfc16afc	do_read64	ffffffffbfc1f7ec	FUN_ffffffffbfc1f7ec
ffffffffbfc16afc	do_read64	ffffffffbfc23ac8	FUN_ffffffffbfc23ac8
ffffffffbfc16bac	do_namedalloc	ffffffffbfc19b60	FUN_ffffffffbfc19b60
ffffffffbfc16bac	do_namedalloc	ffffffffbfc243f4	FUN_ffffffffbfc243f4
ffffffffbfc16bac	do_namedalloc	ffffffffbfc0af78	FUN_ffffffffbfc0af78
ffffffffbfc16bac	do_namedalloc	ffffffffbfc1f7ec	FUN_ffffffffbfc1f7ec
ffffffffbfc16bac	do_namedalloc	ffffffffbfc23ac8	FUN_ffffffffbfc23ac8
ffffffffbfc16d50	do_crc32	ffffffffbfc22e80	FUN_ffffffffbfc22e80
ffffffffbfc16d50	do_crc32	ffffffffbfc23980	FUN_ffffffffbfc23980
ffffffffbfc16d50	do_crc32	ffffffffbfc1f7ec	FUN_ffffffffbfc1f7ec
ffffffffbfc16e74	do_mtest	ffffffffbfc05748	FUN_ffffffffbfc05748
ffffffffbfc16e74	do_mtest	ffffffffbfc23980	FUN_ffffffffbfc23980
ffffffffbfc16e74	do_mtest	ffffffffbfc1f978	FUN_ffffffffbfc1f978
ffffffffbfc16e74	do_mtest	ffffffffbfc1f774	FUN_ffffffffbfc1f774
ffffffffbfc16e74	do_mtest	ffffffffbfc1f8e4	FUN_ffffffffbfc1f8e4
ffffffffbfc16e74	do_mtest	ffffffffbfc1f7ec	FUN_ffffffffbfc1f7ec
ffffffffbfc17070	do_write64b	ffffffffbfc032c0	FUN_ffffffffbfc032c0
ffffffffbfc17070	do_write64b	ffffffffbfc1f7ec	FUN_ffffffffbfc1f7ec
ffffffffbfc17070	do_write64b	ffffffffbfc23ac8	FUN_ffffffffbfc23ac8
ffffffffbfc17140	do_read64b	ffffffffbfc03318	FUN_ffffffffbfc03318
ffffffffbfc17140	do_read64b	ffffffffbfc1f7ec	FUN_ffffffffbfc1f7ec
ffffffffbfc17140	do_read64b	ffffffffbfc23ac8	FUN_ffffffffbfc23ac8
ffffffffbfc171fc	FUN_ffffffffbfc171fc	ffffffffbfc231f4	FUN_ffffffffbfc231f4
ffffffffbfc172d8	FUN_ffffffffbfc172d8	ffffffffbfc12cf8	FUN_ffffffffbfc12cf8
ffffffffbfc172d8	FUN_ffffffffbfc172d8	ffffffffbfc23980	FUN_ffffffffbfc23980
ffffffffbfc172d8	FUN_ffffffffbfc172d8	ffffffffbfc1f7ec	FUN_ffffffffbfc1f7ec
ffffffffbfc176ac	do_cp	ffffffffbfc22b24	FUN_ffffffffbfc22b24
ffffffffbfc176ac	do_cp	ffffffffbfc218e8	FUN_ffffffffbfc218e8
ffffffffbfc176ac	do_cp	ffffffffbfc2177c	FUN_ffffffffbfc2177c
ffffffffbfc176ac	do_cp	ffffffffbfc217d0	FUN_ffffffffbfc217d0
ffffffffbfc176ac	do_cp	ffffffffbfc23980	FUN_ffffffffbfc23980
ffffffffbfc176ac	do_cp	ffffffffbfc1f774	FUN_ffffffffbfc1f774
ffffffffbfc176ac	do_cp	ffffffffbfc1f7ec	FUN_ffffffffbfc1f7ec
ffffffffbfc176ac	do_cp	ffffffffbfc171fc	FUN_ffffffffbfc171fc
ffffffffbfc17888	do_cmp	ffffffffbfc23980	FUN_ffffffffbfc23980
ffffffffbfc17888	do_cmp	ffffffffbfc1f7ec	FUN_ffffffffbfc1f7ec
ffffffffbfc17888	do_cmp	ffffffffbfc171fc	FUN_ffffffffbfc171fc
ffffffffbfc17aa4	do_mw	ffffffffbfc23980	FUN_ffffffffbfc23980
ffffffffbfc17aa4	do_mw	ffffffffbfc1f7ec	FUN_ffffffffbfc1f7ec
ffffffffbfc17aa4	do_mw	ffffffffbfc171fc	FUN_ffffffffbfc171fc
ffffffffbfc17aa4	do_mw	ffffffffbfc23ac8	FUN_ffffffffbfc23ac8
ffffffffbfc17aa4	do_mw	ffffffffbfc16350	FUN_ffffffffbfc16350
ffffffffbfc17c88	do_md	ffffffffbfc23980	FUN_ffffffffbfc23980
ffffffffbfc17c88	do_md	ffffffffbfc1f978	FUN_ffffffffbfc1f978
ffffffffbfc17c88	do_md	ffffffffbfc1f774	FUN_ffffffffbfc1f774
ffffffffbfc17c88	do_md	ffffffffbfc1f7ec	FUN_ffffffffbfc1f7ec
ffffffffbfc17c88	do_md	ffffffffbfc1f8e4	FUN_ffffffffbfc1f8e4
ffffffffbfc17c88	do_md	ffffffffbfc171fc	FUN_ffffffffbfc171fc
ffffffffbfc17f30	FUN_ffffffffbfc17f30	ffffffffbfc1f7ec	FUN_ffffffffbfc1f7ec
ffffffffbfc1827c	rv220w_bcm53115_set_enabled	ffffffffbfc02e50	FUN_ffffffffbfc02e50
ffffffffbfc1827c	rv220w_bcm53115_set_enabled	ffffffffbfc29dd8	bcm53115_pseudophy_write64
ffffffffbfc1827c	rv220w_bcm53115_set_enabled	ffffffffbfc1f7ec	FUN_ffffffffbfc1f7ec
ffffffffbfc1834c	FUN_ffffffffbfc1834c	ffffffffbfc23980	FUN_ffffffffbfc23980
ffffffffbfc183dc	do_bcmmii	ffffffffbfc29f58	bcm53115_pseudophy_read
ffffffffbfc183dc	do_bcmmii	ffffffffbfc23980	FUN_ffffffffbfc23980
ffffffffbfc183dc	do_bcmmii	ffffffffbfc29dd8	bcm53115_pseudophy_write64
ffffffffbfc183dc	do_bcmmii	ffffffffbfc1f7ec	FUN_ffffffffbfc1f7ec
ffffffffbfc1855c	do_mii	ffffffffbfc220c0	FUN_ffffffffbfc220c0
ffffffffbfc1855c	do_mii	ffffffffbfc29c78	octeon_mdio_write_c22
ffffffffbfc1855c	do_mii	ffffffffbfc21ff0	FUN_ffffffffbfc21ff0
ffffffffbfc1855c	do_mii	ffffffffbfc17f30	FUN_ffffffffbfc17f30
ffffffffbfc1855c	do_mii	ffffffffbfc22198	FUN_ffffffffbfc22198
ffffffffbfc1855c	do_mii	ffffffffbfc1f7ec	FUN_ffffffffbfc1f7ec
ffffffffbfc1855c	do_mii	ffffffffbfc29ba4	FUN_ffffffffbfc29ba4
ffffffffbfc18a00	do_sleep	ffffffffbfc23980	FUN_ffffffffbfc23980
ffffffffbfc18a00	do_sleep	ffffffffbfc02e50	FUN_ffffffffbfc02e50
ffffffffbfc18a00	do_sleep	ffffffffbfc1f978	FUN_ffffffffbfc1f978
ffffffffbfc18a00	do_sleep	ffffffffbfc1f7ec	FUN_ffffffffbfc1f7ec
ffffffffbfc18ac0	FUN_ffffffffbfc18ac0	ffffffffbfc19b60	FUN_ffffffffbfc19b60
ffffffffbfc18ac0	FUN_ffffffffbfc18ac0	ffffffffbfc27a90	FUN_ffffffffbfc27a90
ffffffffbfc18ac0	FUN_ffffffffbfc18ac0	ffffffffbfc0bd80	FUN_ffffffffbfc0bd80
ffffffffbfc18ac0	FUN_ffffffffbfc18ac0	ffffffffbfc23980	FUN_ffffffffbfc23980
ffffffffbfc18ac0	FUN_ffffffffbfc18ac0	ffffffffbfc0ce74	FUN_ffffffffbfc0ce74
ffffffffbfc18ac0	FUN_ffffffffbfc18ac0	ffffffffbfc0be94	FUN_ffffffffbfc0be94
ffffffffbfc18ac0	FUN_ffffffffbfc18ac0	ffffffffbfc1f7ec	FUN_ffffffffbfc1f7ec
ffffffffbfc18d8c	do_tftpboot	ffffffffbfc1827c	rv220w_bcm53115_set_enabled
ffffffffbfc18d8c	do_tftpboot	ffffffffbfc03650	FUN_ffffffffbfc03650
ffffffffbfc18d8c	do_tftpboot	ffffffffbfc18ac0	FUN_ffffffffbfc18ac0
ffffffffbfc18e10	FUN_ffffffffbfc18e10	ffffffffbfc20fd0	FUN_ffffffffbfc20fd0
ffffffffbfc18ec4	FUN_ffffffffbfc18ec4	ffffffffbfc18e10	FUN_ffffffffbfc18e10
ffffffffbfc18ec4	FUN_ffffffffbfc18ec4	ffffffffbfc20fd0	FUN_ffffffffbfc20fd0
ffffffffbfc18fd4	do_saveenv	ffffffffbfc1f7ec	FUN_ffffffffbfc1f7ec
ffffffffbfc18fd4	do_saveenv	ffffffffbfc21354	FUN_ffffffffbfc21354
ffffffffbfc19024	FUN_ffffffffbfc19024	ffffffffbfc18e10	FUN_ffffffffbfc18e10
ffffffffbfc19024	FUN_ffffffffbfc19024	ffffffffbfc20fa4	FUN_ffffffffbfc20fa4
ffffffffbfc19024	FUN_ffffffffbfc19024	ffffffffbfc20fd0	FUN_ffffffffbfc20fd0
ffffffffbfc190f4	FUN_ffffffffbfc190f4	ffffffffbfc23980	FUN_ffffffffbfc23980
ffffffffbfc190f4	FUN_ffffffffbfc190f4	ffffffffbfc1f948	FUN_ffffffffbfc1f948
ffffffffbfc190f4	FUN_ffffffffbfc190f4	ffffffffbfc1f494	FUN_ffffffffbfc1f494
ffffffffbfc190f4	FUN_ffffffffbfc190f4	ffffffffbfc18e10	FUN_ffffffffbfc18e10
ffffffffbfc190f4	FUN_ffffffffbfc190f4	ffffffffbfc0ed44	FUN_ffffffffbfc0ed44
ffffffffbfc190f4	FUN_ffffffffbfc190f4	ffffffffbfc231f4	FUN_ffffffffbfc231f4
ffffffffbfc190f4	FUN_ffffffffbfc190f4	ffffffffbfc27ed4	FUN_ffffffffbfc27ed4
ffffffffbfc190f4	FUN_ffffffffbfc190f4	ffffffffbfc20fa4	FUN_ffffffffbfc20fa4
ffffffffbfc190f4	FUN_ffffffffbfc190f4	ffffffffbfc0bd80	FUN_ffffffffbfc0bd80
ffffffffbfc190f4	FUN_ffffffffbfc190f4	ffffffffbfc02e50	FUN_ffffffffbfc02e50
ffffffffbfc190f4	FUN_ffffffffbfc190f4	ffffffffbfc27eb4	FUN_ffffffffbfc27eb4
ffffffffbfc190f4	FUN_ffffffffbfc190f4	ffffffffbfc211dc	FUN_ffffffffbfc211dc
ffffffffbfc190f4	FUN_ffffffffbfc190f4	ffffffffbfc1f7ec	FUN_ffffffffbfc1f7ec
ffffffffbfc198f4	do_askenv	ffffffffbfc231f4	FUN_ffffffffbfc231f4
ffffffffbfc198f4	do_askenv	ffffffffbfc12cf8	FUN_ffffffffbfc12cf8
ffffffffbfc198f4	do_askenv	ffffffffbfc190f4	FUN_ffffffffbfc190f4
ffffffffbfc198f4	do_askenv	ffffffffbfc23980	FUN_ffffffffbfc23980
ffffffffbfc198f4	do_askenv	ffffffffbfc243f4	FUN_ffffffffbfc243f4
ffffffffbfc198f4	do_askenv	ffffffffbfc1f7ec	FUN_ffffffffbfc1f7ec
ffffffffbfc19af0	do_setenv	ffffffffbfc190f4	FUN_ffffffffbfc190f4
ffffffffbfc19af0	do_setenv	ffffffffbfc1f7ec	FUN_ffffffffbfc1f7ec
ffffffffbfc19b60	FUN_ffffffffbfc19b60	ffffffffbfc190f4	FUN_ffffffffbfc190f4
ffffffffbfc19bb4	do_printenv	ffffffffbfc18e10	FUN_ffffffffbfc18e10
ffffffffbfc19bb4	do_printenv	ffffffffbfc1f774	FUN_ffffffffbfc1f774
ffffffffbfc19bb4	do_printenv	ffffffffbfc20fd0	FUN_ffffffffbfc20fd0
ffffffffbfc19bb4	do_printenv	ffffffffbfc1f7ec	FUN_ffffffffbfc1f7ec
ffffffffbfc19bb4	do_printenv	ffffffffbfc1f8e4	FUN_ffffffffbfc1f8e4
ffffffffbfc19bb4	do_printenv	ffffffffbfc1f978	FUN_ffffffffbfc1f978
ffffffffbfc19e00	FUN_ffffffffbfc19e00	ffffffffbfc1151c	FUN_ffffffffbfc1151c
ffffffffbfc19e00	FUN_ffffffffbfc19e00	ffffffffbfc113f0	FUN_ffffffffbfc113f0
ffffffffbfc19e00	FUN_ffffffffbfc19e00	ffffffffbfc1f7ec	FUN_ffffffffbfc1f7ec
ffffffffbfc19e00	FUN_ffffffffbfc19e00	ffffffffbfc11484	FUN_ffffffffbfc11484
ffffffffbfc1ab18	FUN_ffffffffbfc1ab18	ffffffffbfc1151c	FUN_ffffffffbfc1151c
ffffffffbfc1ab18	FUN_ffffffffbfc1ab18	ffffffffbfc1f7ec	FUN_ffffffffbfc1f7ec
ffffffffbfc1ab18	FUN_ffffffffbfc1ab18	ffffffffbfc11484	FUN_ffffffffbfc11484
ffffffffbfc1ad3c	FUN_ffffffffbfc1ad3c	ffffffffbfc1ab18	FUN_ffffffffbfc1ab18
ffffffffbfc1ad3c	FUN_ffffffffbfc1ad3c	ffffffffbfc19e00	FUN_ffffffffbfc19e00
ffffffffbfc1ad3c	FUN_ffffffffbfc1ad3c	ffffffffbfc1151c	FUN_ffffffffbfc1151c
ffffffffbfc1ad3c	FUN_ffffffffbfc1ad3c	ffffffffbfc1f7ec	FUN_ffffffffbfc1f7ec
ffffffffbfc1ad3c	FUN_ffffffffbfc1ad3c	ffffffffbfc11484	FUN_ffffffffbfc11484
ffffffffbfc1aebc	FUN_ffffffffbfc1aebc	ffffffffbfc11234	FUN_ffffffffbfc11234
ffffffffbfc1aebc	FUN_ffffffffbfc1aebc	ffffffffbfc112c8	FUN_ffffffffbfc112c8
ffffffffbfc1aebc	FUN_ffffffffbfc1aebc	ffffffffbfc1135c	FUN_ffffffffbfc1135c
ffffffffbfc1af2c	FUN_ffffffffbfc1af2c	ffffffffbfc12cf8	FUN_ffffffffbfc12cf8
ffffffffbfc1af2c	FUN_ffffffffbfc1af2c	ffffffffbfc23980	FUN_ffffffffbfc23980
ffffffffbfc1af2c	FUN_ffffffffbfc1af2c	ffffffffbfc1151c	FUN_ffffffffbfc1151c
ffffffffbfc1af2c	FUN_ffffffffbfc1af2c	ffffffffbfc113f0	FUN_ffffffffbfc113f0
ffffffffbfc1af2c	FUN_ffffffffbfc1af2c	ffffffffbfc1aebc	FUN_ffffffffbfc1aebc
ffffffffbfc1af2c	FUN_ffffffffbfc1af2c	ffffffffbfc1f7ec	FUN_ffffffffbfc1f7ec
ffffffffbfc1af2c	FUN_ffffffffbfc1af2c	ffffffffbfc11484	FUN_ffffffffbfc11484
ffffffffbfc1b0c4	do_pci	ffffffffbfc1ad3c	FUN_ffffffffbfc1ad3c
ffffffffbfc1b0c4	do_pci	ffffffffbfc23980	FUN_ffffffffbfc23980
ffffffffbfc1b0c4	do_pci	ffffffffbfc1151c	FUN_ffffffffbfc1151c
ffffffffbfc1b0c4	do_pci	ffffffffbfc113f0	FUN_ffffffffbfc113f0
ffffffffbfc1b0c4	do_pci	ffffffffbfc11484	FUN_ffffffffbfc11484
ffffffffbfc1b0c4	do_pci	ffffffffbfc1f978	FUN_ffffffffbfc1f978
ffffffffbfc1b0c4	do_pci	ffffffffbfc231f4	FUN_ffffffffbfc231f4
ffffffffbfc1b0c4	do_pci	ffffffffbfc1af2c	FUN_ffffffffbfc1af2c
ffffffffbfc1b0c4	do_pci	ffffffffbfc23888	FUN_ffffffffbfc23888
ffffffffbfc1b0c4	do_pci	ffffffffbfc19e00	FUN_ffffffffbfc19e00
ffffffffbfc1b0c4	do_pci	ffffffffbfc1aebc	FUN_ffffffffbfc1aebc
ffffffffbfc1b0c4	do_pci	ffffffffbfc1f7ec	FUN_ffffffffbfc1f7ec
ffffffffbfc1b0c4	do_pci	ffffffffbfc171fc	FUN_ffffffffbfc171fc
ffffffffbfc1b9d4	FUN_ffffffffbfc1b9d4	ffffffffbfc1b5c0	FUN_ffffffffbfc1b5c0
ffffffffbfc1b9d4	FUN_ffffffffbfc1b9d4	ffffffffbfc0316c	FUN_ffffffffbfc0316c
ffffffffbfc1b9d4	FUN_ffffffffbfc1b9d4	ffffffffbfc297f0	FUN_ffffffffbfc297f0
ffffffffbfc1b9d4	FUN_ffffffffbfc1b9d4	ffffffffbfc03148	FUN_ffffffffbfc03148
ffffffffbfc1b9d4	FUN_ffffffffbfc1b9d4	ffffffffbfc031c0	FUN_ffffffffbfc031c0
ffffffffbfc1b9d4	FUN_ffffffffbfc1b9d4	ffffffffbfc03100	FUN_ffffffffbfc03100
ffffffffbfc1b9d4	FUN_ffffffffbfc1b9d4	ffffffffbfc030f4	FUN_ffffffffbfc030f4
ffffffffbfc1b9d4	FUN_ffffffffbfc1b9d4	ffffffffbfc03124	FUN_ffffffffbfc03124
ffffffffbfc1b9d4	FUN_ffffffffbfc1b9d4	ffffffffbfc03190	FUN_ffffffffbfc03190
ffffffffbfc1b9d4	FUN_ffffffffbfc1b9d4	ffffffffbfc1b79c	FUN_ffffffffbfc1b79c
ffffffffbfc1b9d4	FUN_ffffffffbfc1b9d4	ffffffffbfc0466c	FUN_ffffffffbfc0466c
ffffffffbfc1bc74	FUN_ffffffffbfc1bc74	ffffffffbfc044f8	FUN_ffffffffbfc044f8
ffffffffbfc1bc74	FUN_ffffffffbfc1bc74	ffffffffbfc1f7ec	FUN_ffffffffbfc1f7ec
ffffffffbfc1bdf4	FUN_ffffffffbfc1bdf4	ffffffffbfc1f7ec	FUN_ffffffffbfc1f7ec
ffffffffbfc1beec	FUN_ffffffffbfc1beec	ffffffffbfc23888	FUN_ffffffffbfc23888
ffffffffbfc1bf6c	FUN_ffffffffbfc1bf6c	ffffffffbfc0acec	FUN_ffffffffbfc0acec
ffffffffbfc1bf6c	FUN_ffffffffbfc1bf6c	ffffffffbfc1b738	FUN_ffffffffbfc1b738
ffffffffbfc1bf6c	FUN_ffffffffbfc1bf6c	ffffffffbfc1f7ec	FUN_ffffffffbfc1f7ec
ffffffffbfc1bf6c	FUN_ffffffffbfc1bf6c	ffffffffbfc19024	FUN_ffffffffbfc19024
ffffffffbfc1c31c	FUN_ffffffffbfc1c31c	ffffffffbfc2006c	FUN_ffffffffbfc2006c
ffffffffbfc1c35c	do_bootoct	ffffffffbfc03264	FUN_ffffffffbfc03264
ffffffffbfc1c35c	do_bootoct	ffffffffbfc04310	FUN_ffffffffbfc04310
ffffffffbfc1c35c	do_bootoct	ffffffffbfc04678	FUN_ffffffffbfc04678
ffffffffbfc1c35c	do_bootoct	ffffffffbfc038e0	FUN_ffffffffbfc038e0
ffffffffbfc1c35c	do_bootoct	ffffffffbfc23170	FUN_ffffffffbfc23170
ffffffffbfc1c35c	do_bootoct	ffffffffbfc03ea4	FUN_ffffffffbfc03ea4
ffffffffbfc1c35c	do_bootoct	ffffffffbfc23980	FUN_ffffffffbfc23980
ffffffffbfc1c35c	do_bootoct	ffffffffbfc19024	FUN_ffffffffbfc19024
ffffffffbfc1c35c	do_bootoct	ffffffffbfc28334	FUN_ffffffffbfc28334
ffffffffbfc1c35c	do_bootoct	ffffffffbfc03294	FUN_ffffffffbfc03294
ffffffffbfc1c35c	do_bootoct	ffffffffbfc1b5c0	FUN_ffffffffbfc1b5c0
ffffffffbfc1c35c	do_bootoct	ffffffffbfc1b8d0	FUN_ffffffffbfc1b8d0
ffffffffbfc1c35c	do_bootoct	ffffffffbfc237e4	FUN_ffffffffbfc237e4
ffffffffbfc1c35c	do_bootoct	ffffffffbfc04134	FUN_ffffffffbfc04134
ffffffffbfc1c35c	do_bootoct	ffffffffbfc1b738	FUN_ffffffffbfc1b738
ffffffffbfc1c35c	do_bootoct	ffffffffbfc231f4	FUN_ffffffffbfc231f4
ffffffffbfc1c35c	do_bootoct	ffffffffbfc03758	FUN_ffffffffbfc03758
ffffffffbfc1c35c	do_bootoct	ffffffffbfc03f70	FUN_ffffffffbfc03f70
ffffffffbfc1c35c	do_bootoct	ffffffffbfc1beec	FUN_ffffffffbfc1beec
ffffffffbfc1c35c	do_bootoct	ffffffffbfc1bf6c	FUN_ffffffffbfc1bf6c
ffffffffbfc1c35c	do_bootoct	ffffffffbfc23888	FUN_ffffffffbfc23888
ffffffffbfc1c35c	do_bootoct	ffffffffbfc1b93c	FUN_ffffffffbfc1b93c
ffffffffbfc1c35c	do_bootoct	ffffffffbfc1bc74	FUN_ffffffffbfc1bc74
ffffffffbfc1c35c	do_bootoct	ffffffffbfc1b990	FUN_ffffffffbfc1b990
ffffffffbfc1c35c	do_bootoct	ffffffffbfc031e4	FUN_ffffffffbfc031e4
ffffffffbfc1c35c	do_bootoct	ffffffffbfc1f7ec	FUN_ffffffffbfc1f7ec
ffffffffbfc1c35c	do_bootoct	ffffffffbfc2bc94	FUN_ffffffffbfc2bc94
ffffffffbfc1d700	FUN_ffffffffbfc1d700	ffffffffbfc0466c	FUN_ffffffffbfc0466c
ffffffffbfc1d700	FUN_ffffffffbfc1d700	ffffffffbfc0316c	FUN_ffffffffbfc0316c
ffffffffbfc1d700	FUN_ffffffffbfc1d700	ffffffffbfc03124	FUN_ffffffffbfc03124
ffffffffbfc1d700	FUN_ffffffffbfc1d700	ffffffffbfc03100	FUN_ffffffffbfc03100
ffffffffbfc1d700	FUN_ffffffffbfc1d700	ffffffffbfc030f4	FUN_ffffffffbfc030f4
ffffffffbfc1d700	FUN_ffffffffbfc1d700	ffffffffbfc03190	FUN_ffffffffbfc03190
ffffffffbfc1d700	FUN_ffffffffbfc1d700	ffffffffbfc03148	FUN_ffffffffbfc03148
ffffffffbfc1d700	FUN_ffffffffbfc1d700	ffffffffbfc297f0	FUN_ffffffffbfc297f0
ffffffffbfc1d700	FUN_ffffffffbfc1d700	ffffffffbfc1d580	FUN_ffffffffbfc1d580
ffffffffbfc1d700	FUN_ffffffffbfc1d700	ffffffffbfc031c0	FUN_ffffffffbfc031c0
ffffffffbfc1d84c	FUN_ffffffffbfc1d84c	ffffffffbfc0466c	FUN_ffffffffbfc0466c
ffffffffbfc1d84c	FUN_ffffffffbfc1d84c	ffffffffbfc1d700	FUN_ffffffffbfc1d700
ffffffffbfc1d8c4	FUN_ffffffffbfc1d8c4	ffffffffbfc0466c	FUN_ffffffffbfc0466c
ffffffffbfc1d8c4	FUN_ffffffffbfc1d8c4	ffffffffbfc1d700	FUN_ffffffffbfc1d700
ffffffffbfc1d8c4	FUN_ffffffffbfc1d8c4	ffffffffbfc0091c	FUN_ffffffffbfc0091c
ffffffffbfc1d950	do_bootoctlinux	ffffffffbfc13f8c	FUN_ffffffffbfc13f8c
ffffffffbfc1d950	do_bootoctlinux	ffffffffbfc04310	FUN_ffffffffbfc04310
ffffffffbfc1d950	do_bootoctlinux	ffffffffbfc0acec	FUN_ffffffffbfc0acec
ffffffffbfc1d950	do_bootoctlinux	ffffffffbfc04678	FUN_ffffffffbfc04678
ffffffffbfc1d950	do_bootoctlinux	ffffffffbfc03f70	FUN_ffffffffbfc03f70
ffffffffbfc1d950	do_bootoctlinux	ffffffffbfc038e0	FUN_ffffffffbfc038e0
ffffffffbfc1d950	do_bootoctlinux	ffffffffbfc23170	FUN_ffffffffbfc23170
ffffffffbfc1d950	do_bootoctlinux	ffffffffbfc03ea4	FUN_ffffffffbfc03ea4
ffffffffbfc1d950	do_bootoctlinux	ffffffffbfc0ac08	FUN_ffffffffbfc0ac08
ffffffffbfc1d950	do_bootoctlinux	ffffffffbfc23980	FUN_ffffffffbfc23980
ffffffffbfc1d950	do_bootoctlinux	ffffffffbfc19024	FUN_ffffffffbfc19024
ffffffffbfc1d950	do_bootoctlinux	ffffffffbfc13de8	FUN_ffffffffbfc13de8
ffffffffbfc1d950	do_bootoctlinux	ffffffffbfc237e4	FUN_ffffffffbfc237e4
ffffffffbfc1d950	do_bootoctlinux	ffffffffbfc04134	FUN_ffffffffbfc04134
ffffffffbfc1d950	do_bootoctlinux	ffffffffbfc13d10	FUN_ffffffffbfc13d10
ffffffffbfc1d950	do_bootoctlinux	ffffffffbfc1f7ec	FUN_ffffffffbfc1f7ec
ffffffffbfc1d950	do_bootoctlinux	ffffffffbfc2bc94	FUN_ffffffffbfc2bc94
ffffffffbfc1e094	do_bootoctelf	ffffffffbfc13f8c	FUN_ffffffffbfc13f8c
ffffffffbfc1e094	do_bootoctelf	ffffffffbfc04310	FUN_ffffffffbfc04310
ffffffffbfc1e094	do_bootoctelf	ffffffffbfc0acec	FUN_ffffffffbfc0acec
ffffffffbfc1e094	do_bootoctelf	ffffffffbfc04678	FUN_ffffffffbfc04678
ffffffffbfc1e094	do_bootoctelf	ffffffffbfc03f70	FUN_ffffffffbfc03f70
ffffffffbfc1e094	do_bootoctelf	ffffffffbfc038e0	FUN_ffffffffbfc038e0
ffffffffbfc1e094	do_bootoctelf	ffffffffbfc23170	FUN_ffffffffbfc23170
ffffffffbfc1e094	do_bootoctelf	ffffffffbfc03ea4	FUN_ffffffffbfc03ea4
ffffffffbfc1e094	do_bootoctelf	ffffffffbfc23980	FUN_ffffffffbfc23980
ffffffffbfc1e094	do_bootoctelf	ffffffffbfc19024	FUN_ffffffffbfc19024
ffffffffbfc1e094	do_bootoctelf	ffffffffbfc237e4	FUN_ffffffffbfc237e4
ffffffffbfc1e094	do_bootoctelf	ffffffffbfc04134	FUN_ffffffffbfc04134
ffffffffbfc1e094	do_bootoctelf	ffffffffbfc13d10	FUN_ffffffffbfc13d10
ffffffffbfc1e094	do_bootoctelf	ffffffffbfc1f7ec	FUN_ffffffffbfc1f7ec
ffffffffbfc1e094	do_bootoctelf	ffffffffbfc2bc94	FUN_ffffffffbfc2bc94
ffffffffbfc1e6d0	do_echo	ffffffffbfc1f8e4	FUN_ffffffffbfc1f8e4
ffffffffbfc1e7b0	FUN_ffffffffbfc1e7b0	ffffffffbfc231c0	FUN_ffffffffbfc231c0
ffffffffbfc1e7b0	FUN_ffffffffbfc1e7b0	ffffffffbfc231f4	FUN_ffffffffbfc231f4
ffffffffbfc1e8a0	FUN_ffffffffbfc1e8a0	ffffffffbfc1e7b0	FUN_ffffffffbfc1e7b0
ffffffffbfc1e8e8	FUN_ffffffffbfc1e8e8	ffffffffbfc1e8a0	FUN_ffffffffbfc1e8a0
ffffffffbfc1e958	FUN_ffffffffbfc1e958	ffffffffbfc1f774	FUN_ffffffffbfc1f774
ffffffffbfc1e958	FUN_ffffffffbfc1e958	ffffffffbfc235a4	thunk_FUN_ffffffffbfc235c8
ffffffffbfc1e958	FUN_ffffffffbfc1e958	ffffffffbfc231c0	FUN_ffffffffbfc231c0
ffffffffbfc1e958	FUN_ffffffffbfc1e958	ffffffffbfc1f8e4	FUN_ffffffffbfc1f8e4
ffffffffbfc1e958	FUN_ffffffffbfc1e958	ffffffffbfc231f4	FUN_ffffffffbfc231f4
ffffffffbfc1e958	FUN_ffffffffbfc1e958	ffffffffbfc1e7b0	FUN_ffffffffbfc1e7b0
ffffffffbfc1e958	FUN_ffffffffbfc1e958	ffffffffbfc1f7ec	FUN_ffffffffbfc1f7ec
ffffffffbfc1ef1c	do_version	ffffffffbfc1f7ec	FUN_ffffffffbfc1f7ec
ffffffffbfc1eff8	do_qmark	ffffffffbfc1f774	FUN_ffffffffbfc1f774
ffffffffbfc1eff8	do_qmark	ffffffffbfc1f978	FUN_ffffffffbfc1f978
ffffffffbfc1eff8	do_qmark	ffffffffbfc1f8e4	FUN_ffffffffbfc1f8e4
ffffffffbfc1eff8	do_qmark	ffffffffbfc1e7b0	FUN_ffffffffbfc1e7b0
ffffffffbfc1eff8	do_qmark	ffffffffbfc1f7ec	FUN_ffffffffbfc1f7ec
ffffffffbfc1f494	FUN_ffffffffbfc1f494	ffffffffbfc21ae0	FUN_ffffffffbfc21ae0
ffffffffbfc1f494	FUN_ffffffffbfc1f494	ffffffffbfc21a88	FUN_ffffffffbfc21a88
ffffffffbfc1f494	FUN_ffffffffbfc1f494	ffffffffbfc1f240	FUN_ffffffffbfc1f240
ffffffffbfc1f5b4	FUN_ffffffffbfc1f5b4	ffffffffbfc21ae0	FUN_ffffffffbfc21ae0
ffffffffbfc1f5b4	FUN_ffffffffbfc1f5b4	ffffffffbfc19b60	FUN_ffffffffbfc19b60
ffffffffbfc1f5b4	FUN_ffffffffbfc1f5b4	ffffffffbfc21a88	FUN_ffffffffbfc21a88
ffffffffbfc1f5b4	FUN_ffffffffbfc1f5b4	ffffffffbfc1f240	FUN_ffffffffbfc1f240
ffffffffbfc1f6f4	FUN_ffffffffbfc1f6f4	ffffffffbfc23e9c	FUN_ffffffffbfc23e9c
ffffffffbfc1f6f4	FUN_ffffffffbfc1f6f4	ffffffffbfc1f3d4	FUN_ffffffffbfc1f3d4
ffffffffbfc1f774	FUN_ffffffffbfc1f774	ffffffffbfc1f3d4	FUN_ffffffffbfc1f3d4
ffffffffbfc1f7a4	FUN_ffffffffbfc1f7a4	ffffffffbfc1f774	FUN_ffffffffbfc1f774
ffffffffbfc1f7a4	FUN_ffffffffbfc1f7a4	ffffffffbfc23e9c	FUN_ffffffffbfc23e9c
ffffffffbfc1f7ec	FUN_ffffffffbfc1f7ec	ffffffffbfc1f774	FUN_ffffffffbfc1f774
ffffffffbfc1f7ec	FUN_ffffffffbfc1f7ec	ffffffffbfc23e9c	FUN_ffffffffbfc23e9c
ffffffffbfc1f868	FUN_ffffffffbfc1f868	ffffffffbfc27cc0	FUN_ffffffffbfc27cc0
ffffffffbfc1f868	FUN_ffffffffbfc1f868	ffffffffbfc23e9c	FUN_ffffffffbfc23e9c
ffffffffbfc1f8e4	FUN_ffffffffbfc1f8e4	ffffffffbfc1f398	FUN_ffffffffbfc1f398
ffffffffbfc1f918	FUN_ffffffffbfc1f918	ffffffffbfc1f35c	FUN_ffffffffbfc1f35c
ffffffffbfc1f948	FUN_ffffffffbfc1f948	ffffffffbfc1f320	FUN_ffffffffbfc1f320
ffffffffbfc1f978	FUN_ffffffffbfc1f978	ffffffffbfc1f948	FUN_ffffffffbfc1f948
ffffffffbfc1f978	FUN_ffffffffbfc1f978	ffffffffbfc1f918	FUN_ffffffffbfc1f918
ffffffffbfc1fa00	FUN_ffffffffbfc1fa00	ffffffffbfc21ebc	thunk_FUN_ffffffffbfc21e5c
ffffffffbfc1fa3c	FUN_ffffffffbfc1fa3c	ffffffffbfc21e44	FUN_ffffffffbfc21e44
ffffffffbfc1fa80	FUN_ffffffffbfc1fa80	ffffffffbfc1fa3c	FUN_ffffffffbfc1fa3c
ffffffffbfc1fa80	FUN_ffffffffbfc1fa80	ffffffffbfc237e4	FUN_ffffffffbfc237e4
ffffffffbfc1fa80	FUN_ffffffffbfc1fa80	ffffffffbfc21f78	FUN_ffffffffbfc21f78
ffffffffbfc1fa80	FUN_ffffffffbfc1fa80	ffffffffbfc1f3d4	FUN_ffffffffbfc1f3d4
ffffffffbfc1fcb0	FUN_ffffffffbfc1fcb0	ffffffffbfc00eb8	FUN_ffffffffbfc00eb8
ffffffffbfc1fdd0	FUN_ffffffffbfc1fdd0	ffffffffbfc1fcb0	FUN_ffffffffbfc1fcb0
ffffffffbfc2006c	FUN_ffffffffbfc2006c	ffffffffbfc00eb8	FUN_ffffffffbfc00eb8
ffffffffbfc2006c	FUN_ffffffffbfc2006c	ffffffffbfc1fdd0	FUN_ffffffffbfc1fdd0
ffffffffbfc2077c	FUN_ffffffffbfc2077c	ffffffffbfc2006c	FUN_ffffffffbfc2006c
ffffffffbfc2077c	FUN_ffffffffbfc2077c	ffffffffbfc1fdd0	FUN_ffffffffbfc1fdd0
ffffffffbfc20a44	FUN_ffffffffbfc20a44	ffffffffbfc2006c	FUN_ffffffffbfc2006c
ffffffffbfc20a44	FUN_ffffffffbfc20a44	ffffffffbfc23888	FUN_ffffffffbfc23888
ffffffffbfc20a44	FUN_ffffffffbfc20a44	ffffffffbfc1fdd0	FUN_ffffffffbfc1fdd0
ffffffffbfc20fd0	FUN_ffffffffbfc20fd0	ffffffffbfc21320	FUN_ffffffffbfc21320
ffffffffbfc21024	FUN_ffffffffbfc21024	ffffffffbfc235a4	thunk_FUN_ffffffffbfc235c8
ffffffffbfc21024	FUN_ffffffffbfc21024	ffffffffbfc20fa4	FUN_ffffffffbfc20fa4
ffffffffbfc21024	FUN_ffffffffbfc21024	ffffffffbfc20fd0	FUN_ffffffffbfc20fd0
ffffffffbfc21024	FUN_ffffffffbfc21024	ffffffffbfc231c0	FUN_ffffffffbfc231c0
ffffffffbfc21024	FUN_ffffffffbfc21024	ffffffffbfc231f4	FUN_ffffffffbfc231f4
ffffffffbfc21024	FUN_ffffffffbfc21024	ffffffffbfc23888	FUN_ffffffffbfc23888
ffffffffbfc211dc	FUN_ffffffffbfc211dc	ffffffffbfc22e80	FUN_ffffffffbfc22e80
ffffffffbfc21230	FUN_ffffffffbfc21230	ffffffffbfc211dc	FUN_ffffffffbfc211dc
ffffffffbfc21230	FUN_ffffffffbfc21230	ffffffffbfc1f774	FUN_ffffffffbfc1f774
ffffffffbfc21230	FUN_ffffffffbfc21230	ffffffffbfc21330	FUN_ffffffffbfc21330
ffffffffbfc21230	FUN_ffffffffbfc21230	ffffffffbfc237e4	FUN_ffffffffbfc237e4
ffffffffbfc21230	FUN_ffffffffbfc21230	ffffffffbfc2006c	FUN_ffffffffbfc2006c
ffffffffbfc21230	FUN_ffffffffbfc21230	ffffffffbfc23888	FUN_ffffffffbfc23888
ffffffffbfc21330	FUN_ffffffffbfc21330	ffffffffbfc23888	FUN_ffffffffbfc23888
ffffffffbfc21354	FUN_ffffffffbfc21354	ffffffffbfc218e8	FUN_ffffffffbfc218e8
ffffffffbfc21354	FUN_ffffffffbfc21354	ffffffffbfc217d0	FUN_ffffffffbfc217d0
ffffffffbfc21354	FUN_ffffffffbfc21354	ffffffffbfc14688	FUN_ffffffffbfc14688
ffffffffbfc21354	FUN_ffffffffbfc21354	ffffffffbfc1f774	FUN_ffffffffbfc1f774
ffffffffbfc21354	FUN_ffffffffbfc21354	ffffffffbfc143bc	FUN_ffffffffbfc143bc
ffffffffbfc21450	FUN_ffffffffbfc21450	ffffffffbfc22e80	FUN_ffffffffbfc22e80
ffffffffbfc214f0	FUN_ffffffffbfc214f0	ffffffffbfc2006c	FUN_ffffffffbfc2006c
ffffffffbfc217d0	FUN_ffffffffbfc217d0	ffffffffbfc1f7ec	FUN_ffffffffbfc1f7ec
ffffffffbfc217d0	FUN_ffffffffbfc217d0	ffffffffbfc1f774	FUN_ffffffffbfc1f774
ffffffffbfc218e8	FUN_ffffffffbfc218e8	ffffffffbfc0ff6c	FUN_ffffffffbfc0ff6c
ffffffffbfc218e8	FUN_ffffffffbfc218e8	ffffffffbfc2177c	FUN_ffffffffbfc2177c
ffffffffbfc21b44	FUN_ffffffffbfc21b44	ffffffffbfc20a44	FUN_ffffffffbfc20a44
ffffffffbfc21b44	FUN_ffffffffbfc21b44	ffffffffbfc237e4	FUN_ffffffffbfc237e4
ffffffffbfc21b44	FUN_ffffffffbfc21b44	ffffffffbfc2006c	FUN_ffffffffbfc2006c
ffffffffbfc21c0c	FUN_ffffffffbfc21c0c	ffffffffbfc21b44	FUN_ffffffffbfc21b44
ffffffffbfc21c0c	FUN_ffffffffbfc21c0c	ffffffffbfc23534	FUN_ffffffffbfc23534
ffffffffbfc21c0c	FUN_ffffffffbfc21c0c	ffffffffbfc23888	FUN_ffffffffbfc23888
ffffffffbfc21c0c	FUN_ffffffffbfc21c0c	ffffffffbfc237e4	FUN_ffffffffbfc237e4
ffffffffbfc21e44	FUN_ffffffffbfc21e44	ffffffffbfc21c0c	FUN_ffffffffbfc21c0c
ffffffffbfc21e5c	FUN_ffffffffbfc21e5c	ffffffffbfc1fdd0	FUN_ffffffffbfc1fdd0
ffffffffbfc21ebc	thunk_FUN_ffffffffbfc21e5c	ffffffffbfc21e5c	FUN_ffffffffbfc21e5c
ffffffffbfc21ed4	FUN_ffffffffbfc21ed4	ffffffffbfc1fdd0	FUN_ffffffffbfc1fdd0
ffffffffbfc21ed4	FUN_ffffffffbfc21ed4	ffffffffbfc2006c	FUN_ffffffffbfc2006c
ffffffffbfc21f78	FUN_ffffffffbfc21f78	ffffffffbfc21ed4	FUN_ffffffffbfc21ed4
ffffffffbfc21ff0	FUN_ffffffffbfc21ff0	ffffffffbfc29ba4	FUN_ffffffffbfc29ba4
ffffffffbfc220c0	FUN_ffffffffbfc220c0	ffffffffbfc1f7ec	FUN_ffffffffbfc1f7ec
ffffffffbfc220c0	FUN_ffffffffbfc220c0	ffffffffbfc1f774	FUN_ffffffffbfc1f774
ffffffffbfc220c0	FUN_ffffffffbfc220c0	ffffffffbfc29ba4	FUN_ffffffffbfc29ba4
ffffffffbfc22198	FUN_ffffffffbfc22198	ffffffffbfc1f7ec	FUN_ffffffffbfc1f7ec
ffffffffbfc22198	FUN_ffffffffbfc22198	ffffffffbfc1f774	FUN_ffffffffbfc1f774
ffffffffbfc22198	FUN_ffffffffbfc22198	ffffffffbfc29ba4	FUN_ffffffffbfc29ba4
ffffffffbfc2225c	FUN_ffffffffbfc2225c	ffffffffbfc29c78	octeon_mdio_write_c22
ffffffffbfc2225c	FUN_ffffffffbfc2225c	ffffffffbfc1f774	FUN_ffffffffbfc1f774
ffffffffbfc2225c	FUN_ffffffffbfc2225c	ffffffffbfc29ba4	FUN_ffffffffbfc29ba4
ffffffffbfc22360	FUN_ffffffffbfc22360	ffffffffbfc22310	FUN_ffffffffbfc22310
ffffffffbfc223e4	FUN_ffffffffbfc223e4	ffffffffbfc22360	FUN_ffffffffbfc22360
ffffffffbfc227b0	FUN_ffffffffbfc227b0	ffffffffbfc1f7ec	FUN_ffffffffbfc1f7ec
ffffffffbfc227f0	FUN_ffffffffbfc227f0	ffffffffbfc1f7ec	FUN_ffffffffbfc1f7ec
ffffffffbfc22834	FUN_ffffffffbfc22834	ffffffffbfc1f7ec	FUN_ffffffffbfc1f7ec
ffffffffbfc22834	FUN_ffffffffbfc22834	ffffffffbfc231f4	FUN_ffffffffbfc231f4
ffffffffbfc22834	FUN_ffffffffbfc22834	ffffffffbfc237e4	FUN_ffffffffbfc237e4
ffffffffbfc22834	FUN_ffffffffbfc22834	ffffffffbfc23888	FUN_ffffffffbfc23888
ffffffffbfc22834	FUN_ffffffffbfc22834	ffffffffbfc235a4	thunk_FUN_ffffffffbfc235c8
ffffffffbfc22a2c	FUN_ffffffffbfc22a2c	ffffffffbfc0ea0c	FUN_ffffffffbfc0ea0c
ffffffffbfc22a2c	FUN_ffffffffbfc22a2c	ffffffffbfc0eb8c	FUN_ffffffffbfc0eb8c
ffffffffbfc22a2c	FUN_ffffffffbfc22a2c	ffffffffbfc0e920	FUN_ffffffffbfc0e920
ffffffffbfc22a2c	FUN_ffffffffbfc22a2c	ffffffffbfc0ece4	FUN_ffffffffbfc0ece4
ffffffffbfc22aa0	FUN_ffffffffbfc22aa0	ffffffffbfc0ed10	FUN_ffffffffbfc0ed10
ffffffffbfc22b0c	octeon_gpio_read_pin	ffffffffbfc04278	octeon_gpio_read_pin
ffffffffbfc22b24	FUN_ffffffffbfc22b24	ffffffffbfc04278	octeon_gpio_read_pin
ffffffffbfc22b74	FUN_ffffffffbfc22b74	ffffffffbfc042d8	FUN_ffffffffbfc042d8
ffffffffbfc22bd4	do_http	ffffffffbfc22758	FUN_ffffffffbfc22758
ffffffffbfc22bd4	do_http	ffffffffbfc1f7ec	FUN_ffffffffbfc1f7ec
ffffffffbfc22bd4	do_http	ffffffffbfc13690	do_go
ffffffffbfc22bd4	do_http	ffffffffbfc23888	FUN_ffffffffbfc23888
ffffffffbfc22bd4	do_http	ffffffffbfc1827c	rv220w_bcm53115_set_enabled
ffffffffbfc22c88	do_assign	ffffffffbfc1f7ec	FUN_ffffffffbfc1f7ec
ffffffffbfc22c88	do_assign	ffffffffbfc13690	do_go
ffffffffbfc22c88	do_assign	ffffffffbfc23888	FUN_ffffffffbfc23888
ffffffffbfc22c88	do_assign	ffffffffbfc1827c	rv220w_bcm53115_set_enabled
ffffffffbfc22d1c	do_download	ffffffffbfc1f7ec	FUN_ffffffffbfc1f7ec
ffffffffbfc22d1c	do_download	ffffffffbfc13690	do_go
ffffffffbfc22d1c	do_download	ffffffffbfc23888	FUN_ffffffffbfc23888
ffffffffbfc22d1c	do_download	ffffffffbfc1827c	rv220w_bcm53115_set_enabled
ffffffffbfc22dc4	FUN_ffffffffbfc22dc4	ffffffffbfc226a0	FUN_ffffffffbfc226a0
ffffffffbfc22dc4	FUN_ffffffffbfc22dc4	ffffffffbfc1f7ec	FUN_ffffffffbfc1f7ec
ffffffffbfc23000	FUN_ffffffffbfc23000	ffffffffbfc1f7ec	FUN_ffffffffbfc1f7ec
ffffffffbfc230f4	FUN_ffffffffbfc230f4	ffffffffbfc1f7ec	FUN_ffffffffbfc1f7ec
ffffffffbfc23210	FUN_ffffffffbfc23210	ffffffffbfc231f4	FUN_ffffffffbfc231f4
ffffffffbfc23328	FUN_ffffffffbfc23328	ffffffffbfc232f0	FUN_ffffffffbfc232f0
ffffffffbfc23328	FUN_ffffffffbfc23328	ffffffffbfc232b0	FUN_ffffffffbfc232b0
ffffffffbfc233e4	FUN_ffffffffbfc233e4	ffffffffbfc232f0	FUN_ffffffffbfc232f0
ffffffffbfc235d8	FUN_ffffffffbfc235d8	ffffffffbfc231f4	FUN_ffffffffbfc231f4
ffffffffbfc235d8	FUN_ffffffffbfc235d8	ffffffffbfc235a4	thunk_FUN_ffffffffbfc235c8
ffffffffbfc236c0	FUN_ffffffffbfc236c0	ffffffffbfc231f4	FUN_ffffffffbfc231f4
ffffffffbfc236c0	FUN_ffffffffbfc236c0	ffffffffbfc2006c	FUN_ffffffffbfc2006c
ffffffffbfc23888	FUN_ffffffffbfc23888	ffffffffbfc234e4	FUN_ffffffffbfc234e4
ffffffffbfc23a70	FUN_ffffffffbfc23a70	ffffffffbfc23980	FUN_ffffffffbfc23980
ffffffffbfc23e10	FUN_ffffffffbfc23e10	ffffffffbfc1f7a4	FUN_ffffffffbfc1f7a4
ffffffffbfc23e10	FUN_ffffffffbfc23e10	ffffffffbfc27acc	do_reset
ffffffffbfc23e10	FUN_ffffffffbfc23e10	ffffffffbfc02e50	FUN_ffffffffbfc02e50
ffffffffbfc23e10	FUN_ffffffffbfc23e10	ffffffffbfc1f8e4	FUN_ffffffffbfc1f8e4
ffffffffbfc23e9c	FUN_ffffffffbfc23e9c	ffffffffbfc23bc0	FUN_ffffffffbfc23bc0
ffffffffbfc23e9c	FUN_ffffffffbfc23e9c	ffffffffbfc23284	FUN_ffffffffbfc23284
ffffffffbfc23e9c	FUN_ffffffffbfc23e9c	ffffffffbfc23c08	FUN_ffffffffbfc23c08
ffffffffbfc243f4	FUN_ffffffffbfc243f4	ffffffffbfc23e9c	FUN_ffffffffbfc23e9c
ffffffffbfc244dc	FUN_ffffffffbfc244dc	ffffffffbfc24488	FUN_ffffffffbfc24488
ffffffffbfc24b28	FUN_ffffffffbfc24b28	ffffffffbfc24b10	FUN_ffffffffbfc24b10
ffffffffbfc24b28	FUN_ffffffffbfc24b28	ffffffffbfc24488	FUN_ffffffffbfc24488
ffffffffbfc24c50	FUN_ffffffffbfc24c50	ffffffffbfc24b28	FUN_ffffffffbfc24b28
ffffffffbfc24d18	FUN_ffffffffbfc24d18	ffffffffbfc24b28	FUN_ffffffffbfc24b28
ffffffffbfc24d8c	FUN_ffffffffbfc24d8c	ffffffffbfc24d18	FUN_ffffffffbfc24d18
ffffffffbfc24ed4	FUN_ffffffffbfc24ed4	ffffffffbfc24c50	FUN_ffffffffbfc24c50
ffffffffbfc24ed4	FUN_ffffffffbfc24ed4	ffffffffbfc24d18	FUN_ffffffffbfc24d18
ffffffffbfc24ed4	FUN_ffffffffbfc24ed4	ffffffffbfc24b28	FUN_ffffffffbfc24b28
ffffffffbfc251f4	FUN_ffffffffbfc251f4	ffffffffbfc23888	FUN_ffffffffbfc23888
ffffffffbfc253a0	FUN_ffffffffbfc253a0	ffffffffbfc23888	FUN_ffffffffbfc23888
ffffffffbfc27240	FUN_ffffffffbfc27240	ffffffffbfc27210	FUN_ffffffffbfc27210
ffffffffbfc27270	FUN_ffffffffbfc27270	ffffffffbfc27210	FUN_ffffffffbfc27210
ffffffffbfc272f0	thunk_FUN_ffffffffbfc04f74	ffffffffbfc04f74	FUN_ffffffffbfc04f74
ffffffffbfc2744c	FUN_ffffffffbfc2744c	ffffffffbfc2a0d0	FUN_ffffffffbfc2a0d0
ffffffffbfc2744c	FUN_ffffffffbfc2744c	ffffffffbfc1f7ec	FUN_ffffffffbfc1f7ec
ffffffffbfc2744c	FUN_ffffffffbfc2744c	ffffffffbfc2a22c	FUN_ffffffffbfc2a22c
ffffffffbfc276a8	FUN_ffffffffbfc276a8	ffffffffbfc27240	FUN_ffffffffbfc27240
ffffffffbfc276a8	FUN_ffffffffbfc276a8	ffffffffbfc272a0	FUN_ffffffffbfc272a0
ffffffffbfc276a8	FUN_ffffffffbfc276a8	ffffffffbfc27270	FUN_ffffffffbfc27270
ffffffffbfc276a8	FUN_ffffffffbfc276a8	ffffffffbfc27210	FUN_ffffffffbfc27210
ffffffffbfc276a8	FUN_ffffffffbfc276a8	ffffffffbfc2744c	FUN_ffffffffbfc2744c
ffffffffbfc27784	thunk_FUN_ffffffffbfc2cc7c	ffffffffbfc2cc7c	FUN_ffffffffbfc2cc7c
ffffffffbfc27acc	do_reset	ffffffffbfc1f6f4	FUN_ffffffffbfc1f6f4
ffffffffbfc27c04	FUN_ffffffffbfc27c04	ffffffffbfc27b40	FUN_ffffffffbfc27b40
ffffffffbfc27c5c	FUN_ffffffffbfc27c5c	ffffffffbfc27c04	FUN_ffffffffbfc27c04
ffffffffbfc27cc0	FUN_ffffffffbfc27cc0	ffffffffbfc27c5c	FUN_ffffffffbfc27c5c
ffffffffbfc27d84	FUN_ffffffffbfc27d84	ffffffffbfc02e50	FUN_ffffffffbfc02e50
ffffffffbfc27d84	FUN_ffffffffbfc27d84	ffffffffbfc27b70	FUN_ffffffffbfc27b70
ffffffffbfc27d84	FUN_ffffffffbfc27d84	ffffffffbfc27b40	FUN_ffffffffbfc27b40
ffffffffbfc27d84	FUN_ffffffffbfc27d84	ffffffffbfc27b90	FUN_ffffffffbfc27b90
ffffffffbfc27eb4	FUN_ffffffffbfc27eb4	ffffffffbfc27d84	FUN_ffffffffbfc27d84
ffffffffbfc27ed4	FUN_ffffffffbfc27ed4	ffffffffbfc03190	FUN_ffffffffbfc03190
ffffffffbfc27ed4	FUN_ffffffffbfc27ed4	ffffffffbfc27b40	FUN_ffffffffbfc27b40
ffffffffbfc27ed4	FUN_ffffffffbfc27ed4	ffffffffbfc27b90	FUN_ffffffffbfc27b90
ffffffffbfc282d8	FUN_ffffffffbfc282d8	ffffffffbfc280c0	FUN_ffffffffbfc280c0
ffffffffbfc28354	FUN_ffffffffbfc28354	ffffffffbfc0466c	FUN_ffffffffbfc0466c
ffffffffbfc28398	FUN_ffffffffbfc28398	ffffffffbfc28354	FUN_ffffffffbfc28354
ffffffffbfc28414	FUN_ffffffffbfc28414	ffffffffbfc280f0	FUN_ffffffffbfc280f0
ffffffffbfc28414	FUN_ffffffffbfc28414	ffffffffbfc28354	FUN_ffffffffbfc28354
ffffffffbfc284f4	FUN_ffffffffbfc284f4	ffffffffbfc28354	FUN_ffffffffbfc28354
ffffffffbfc285b8	thunk_FUN_ffffffffbfc284f4	ffffffffbfc284f4	FUN_ffffffffbfc284f4
ffffffffbfc285d4	FUN_ffffffffbfc285d4	ffffffffbfc282d8	FUN_ffffffffbfc282d8
ffffffffbfc285d4	FUN_ffffffffbfc285d4	ffffffffbfc1f7ec	FUN_ffffffffbfc1f7ec
ffffffffbfc286bc	FUN_ffffffffbfc286bc	ffffffffbfc0466c	FUN_ffffffffbfc0466c
ffffffffbfc286bc	FUN_ffffffffbfc286bc	ffffffffbfc280c0	FUN_ffffffffbfc280c0
ffffffffbfc286bc	FUN_ffffffffbfc286bc	ffffffffbfc285d4	FUN_ffffffffbfc285d4
ffffffffbfc2883c	FUN_ffffffffbfc2883c	ffffffffbfc285b8	thunk_FUN_ffffffffbfc284f4
ffffffffbfc2883c	FUN_ffffffffbfc2883c	ffffffffbfc285d4	FUN_ffffffffbfc285d4
ffffffffbfc288a0	FUN_ffffffffbfc288a0	ffffffffbfc23140	FUN_ffffffffbfc23140
ffffffffbfc288a0	FUN_ffffffffbfc288a0	ffffffffbfc285d4	FUN_ffffffffbfc285d4
ffffffffbfc28944	FUN_ffffffffbfc28944	ffffffffbfc286bc	FUN_ffffffffbfc286bc
ffffffffbfc28944	FUN_ffffffffbfc28944	ffffffffbfc0466c	FUN_ffffffffbfc0466c
ffffffffbfc28944	FUN_ffffffffbfc28944	ffffffffbfc28354	FUN_ffffffffbfc28354
ffffffffbfc297f0	FUN_ffffffffbfc297f0	ffffffffbfc044a0	FUN_ffffffffbfc044a0
ffffffffbfc297f0	FUN_ffffffffbfc297f0	ffffffffbfc0466c	FUN_ffffffffbfc0466c
ffffffffbfc297f0	FUN_ffffffffbfc297f0	ffffffffbfc27ed4	FUN_ffffffffbfc27ed4
ffffffffbfc29ba4	FUN_ffffffffbfc29ba4	ffffffffbfc29afc	FUN_ffffffffbfc29afc
ffffffffbfc29ba4	FUN_ffffffffbfc29ba4	ffffffffbfc29b2c	FUN_ffffffffbfc29b2c
ffffffffbfc29c78	octeon_mdio_write_c22	ffffffffbfc29afc	FUN_ffffffffbfc29afc
ffffffffbfc29c78	octeon_mdio_write_c22	ffffffffbfc29b2c	FUN_ffffffffbfc29b2c
ffffffffbfc29d5c	octeon_mdio_read_c22	ffffffffbfc29ba4	FUN_ffffffffbfc29ba4
ffffffffbfc29d5c	octeon_mdio_read_c22	ffffffffbfc1f7ec	FUN_ffffffffbfc1f7ec
ffffffffbfc29dd8	bcm53115_pseudophy_write64	ffffffffbfc29d5c	octeon_mdio_read_c22
ffffffffbfc29dd8	bcm53115_pseudophy_write64	ffffffffbfc03190	FUN_ffffffffbfc03190
ffffffffbfc29dd8	bcm53115_pseudophy_write64	ffffffffbfc29c78	octeon_mdio_write_c22
ffffffffbfc29dd8	bcm53115_pseudophy_write64	ffffffffbfc1f7ec	FUN_ffffffffbfc1f7ec
ffffffffbfc29f58	bcm53115_pseudophy_read	ffffffffbfc29d5c	octeon_mdio_read_c22
ffffffffbfc29f58	bcm53115_pseudophy_read	ffffffffbfc03190	FUN_ffffffffbfc03190
ffffffffbfc29f58	bcm53115_pseudophy_read	ffffffffbfc29c78	octeon_mdio_write_c22
ffffffffbfc29f58	bcm53115_pseudophy_read	ffffffffbfc1f7ec	FUN_ffffffffbfc1f7ec
ffffffffbfc2a0d0	FUN_ffffffffbfc2a0d0	ffffffffbfc29ba4	FUN_ffffffffbfc29ba4
ffffffffbfc2a0d0	FUN_ffffffffbfc2a0d0	ffffffffbfc29c78	octeon_mdio_write_c22
ffffffffbfc2a0d0	FUN_ffffffffbfc2a0d0	ffffffffbfc02e50	FUN_ffffffffbfc02e50
ffffffffbfc2a22c	FUN_ffffffffbfc2a22c	ffffffffbfc29ba4	FUN_ffffffffbfc29ba4
ffffffffbfc2a22c	FUN_ffffffffbfc2a22c	ffffffffbfc29c78	octeon_mdio_write_c22
ffffffffbfc2a22c	FUN_ffffffffbfc2a22c	ffffffffbfc02e50	FUN_ffffffffbfc02e50
ffffffffbfc2a350	FUN_ffffffffbfc2a350	ffffffffbfc2ebd8	FUN_ffffffffbfc2ebd8
ffffffffbfc2a350	FUN_ffffffffbfc2a350	ffffffffbfc29afc	FUN_ffffffffbfc29afc
ffffffffbfc2a454	FUN_ffffffffbfc2a454	ffffffffbfc2ebd8	FUN_ffffffffbfc2ebd8
ffffffffbfc2a454	FUN_ffffffffbfc2a454	ffffffffbfc19024	FUN_ffffffffbfc19024
ffffffffbfc2a454	FUN_ffffffffbfc2a454	ffffffffbfc2eb28	FUN_ffffffffbfc2eb28
ffffffffbfc2a454	FUN_ffffffffbfc2a454	ffffffffbfc1f7ec	FUN_ffffffffbfc1f7ec
ffffffffbfc2a454	FUN_ffffffffbfc2a454	ffffffffbfc2006c	FUN_ffffffffbfc2006c
ffffffffbfc2a454	FUN_ffffffffbfc2a454	ffffffffbfc29b6c	FUN_ffffffffbfc29b6c
ffffffffbfc2a454	FUN_ffffffffbfc2a454	ffffffffbfc23888	FUN_ffffffffbfc23888
ffffffffbfc2a454	FUN_ffffffffbfc2a454	ffffffffbfc29900	FUN_ffffffffbfc29900
ffffffffbfc2a454	FUN_ffffffffbfc2a454	ffffffffbfc2f02c	FUN_ffffffffbfc2f02c
ffffffffbfc2a454	FUN_ffffffffbfc2a454	ffffffffbfc243f4	FUN_ffffffffbfc243f4
ffffffffbfc2a454	FUN_ffffffffbfc2a454	ffffffffbfc237e4	FUN_ffffffffbfc237e4
ffffffffbfc2a454	FUN_ffffffffbfc2a454	ffffffffbfc2eb9c	FUN_ffffffffbfc2eb9c
ffffffffbfc2a454	FUN_ffffffffbfc2a454	ffffffffbfc0ec2c	FUN_ffffffffbfc0ec2c
ffffffffbfc2a7b4	FUN_ffffffffbfc2a7b4	ffffffffbfc0a3f0	FUN_ffffffffbfc0a3f0
ffffffffbfc2a7e4	FUN_ffffffffbfc2a7e4	ffffffffbfc0a3f0	FUN_ffffffffbfc0a3f0
ffffffffbfc2a838	FUN_ffffffffbfc2a838	ffffffffbfc2a7e4	FUN_ffffffffbfc2a7e4
ffffffffbfc2a8b0	FUN_ffffffffbfc2a8b0	ffffffffbfc0a3f0	FUN_ffffffffbfc0a3f0
ffffffffbfc2a8fc	FUN_ffffffffbfc2a8fc	ffffffffbfc2a8b0	FUN_ffffffffbfc2a8b0
ffffffffbfc2a964	FUN_ffffffffbfc2a964	ffffffffbfc2a7e4	FUN_ffffffffbfc2a7e4
ffffffffbfc2a964	FUN_ffffffffbfc2a964	ffffffffbfc2a8fc	FUN_ffffffffbfc2a8fc
ffffffffbfc2aa24	FUN_ffffffffbfc2aa24	ffffffffbfc2a964	FUN_ffffffffbfc2a964
ffffffffbfc2aa24	FUN_ffffffffbfc2aa24	ffffffffbfc2a8fc	FUN_ffffffffbfc2a8fc
ffffffffbfc2aa98	FUN_ffffffffbfc2aa98	ffffffffbfc1f7ec	FUN_ffffffffbfc1f7ec
ffffffffbfc2ab00	FUN_ffffffffbfc2ab00	ffffffffbfc2a7e4	FUN_ffffffffbfc2a7e4
ffffffffbfc2ab00	FUN_ffffffffbfc2ab00	ffffffffbfc2a7b4	FUN_ffffffffbfc2a7b4
ffffffffbfc2ab00	FUN_ffffffffbfc2ab00	ffffffffbfc2aa98	FUN_ffffffffbfc2aa98
ffffffffbfc2abb4	FUN_ffffffffbfc2abb4	ffffffffbfc2ef24	FUN_ffffffffbfc2ef24
ffffffffbfc2abb4	FUN_ffffffffbfc2abb4	ffffffffbfc1f7ec	FUN_ffffffffbfc1f7ec
ffffffffbfc2abb4	FUN_ffffffffbfc2abb4	ffffffffbfc2edf8	FUN_ffffffffbfc2edf8
ffffffffbfc2acd8	FUN_ffffffffbfc2acd8	ffffffffbfc2ab00	FUN_ffffffffbfc2ab00
ffffffffbfc2acd8	FUN_ffffffffbfc2acd8	ffffffffbfc2abb4	FUN_ffffffffbfc2abb4
ffffffffbfc2acd8	FUN_ffffffffbfc2acd8	ffffffffbfc2a964	FUN_ffffffffbfc2a964
ffffffffbfc2acd8	FUN_ffffffffbfc2acd8	ffffffffbfc1f7ec	FUN_ffffffffbfc1f7ec
ffffffffbfc2acd8	FUN_ffffffffbfc2acd8	ffffffffbfc2a8fc	FUN_ffffffffbfc2a8fc
ffffffffbfc2add8	FUN_ffffffffbfc2add8	ffffffffbfc23888	FUN_ffffffffbfc23888
ffffffffbfc2add8	FUN_ffffffffbfc2add8	ffffffffbfc2abb4	FUN_ffffffffbfc2abb4
ffffffffbfc2add8	FUN_ffffffffbfc2add8	ffffffffbfc2a7e4	FUN_ffffffffbfc2a7e4
ffffffffbfc2add8	FUN_ffffffffbfc2add8	ffffffffbfc2a350	FUN_ffffffffbfc2a350
ffffffffbfc2add8	FUN_ffffffffbfc2add8	ffffffffbfc1f7ec	FUN_ffffffffbfc1f7ec
ffffffffbfc2add8	FUN_ffffffffbfc2add8	ffffffffbfc2a8b0	FUN_ffffffffbfc2a8b0
ffffffffbfc2add8	FUN_ffffffffbfc2add8	ffffffffbfc2a838	FUN_ffffffffbfc2a838
ffffffffbfc2add8	FUN_ffffffffbfc2add8	ffffffffbfc29b4c	FUN_ffffffffbfc29b4c
ffffffffbfc2b09c	FUN_ffffffffbfc2b09c	ffffffffbfc2ab00	FUN_ffffffffbfc2ab00
ffffffffbfc2b09c	FUN_ffffffffbfc2b09c	ffffffffbfc23888	FUN_ffffffffbfc23888
ffffffffbfc2b09c	FUN_ffffffffbfc2b09c	ffffffffbfc2abb4	FUN_ffffffffbfc2abb4
ffffffffbfc2b09c	FUN_ffffffffbfc2b09c	ffffffffbfc2a7e4	FUN_ffffffffbfc2a7e4
ffffffffbfc2b09c	FUN_ffffffffbfc2b09c	ffffffffbfc2a964	FUN_ffffffffbfc2a964
ffffffffbfc2b09c	FUN_ffffffffbfc2b09c	ffffffffbfc1f7ec	FUN_ffffffffbfc1f7ec
ffffffffbfc2b09c	FUN_ffffffffbfc2b09c	ffffffffbfc2a8fc	FUN_ffffffffbfc2a8fc
ffffffffbfc2b1c4	FUN_ffffffffbfc2b1c4	ffffffffbfc0af78	FUN_ffffffffbfc0af78
ffffffffbfc2b1c4	FUN_ffffffffbfc2b1c4	ffffffffbfc243f4	FUN_ffffffffbfc243f4
ffffffffbfc2b1c4	FUN_ffffffffbfc2b1c4	ffffffffbfc1f7ec	FUN_ffffffffbfc1f7ec
ffffffffbfc2b1c4	FUN_ffffffffbfc2b1c4	ffffffffbfc2a8fc	FUN_ffffffffbfc2a8fc
ffffffffbfc2b2d4	FUN_ffffffffbfc2b2d4	ffffffffbfc29aa4	FUN_ffffffffbfc29aa4
ffffffffbfc2b2d4	FUN_ffffffffbfc2b2d4	ffffffffbfc2b1c4	FUN_ffffffffbfc2b1c4
ffffffffbfc2b2d4	FUN_ffffffffbfc2b2d4	ffffffffbfc29afc	FUN_ffffffffbfc29afc
ffffffffbfc2b2d4	FUN_ffffffffbfc2b2d4	ffffffffbfc29a78	FUN_ffffffffbfc29a78
ffffffffbfc2b2d4	FUN_ffffffffbfc2b2d4	ffffffffbfc19024	FUN_ffffffffbfc19024
ffffffffbfc2b2d4	FUN_ffffffffbfc2b2d4	ffffffffbfc33af8	FUN_ffffffffbfc33af8
ffffffffbfc2b2d4	FUN_ffffffffbfc2b2d4	ffffffffbfc33b1c	FUN_ffffffffbfc33b1c
ffffffffbfc2b2d4	FUN_ffffffffbfc2b2d4	ffffffffbfc2f384	FUN_ffffffffbfc2f384
ffffffffbfc2b2d4	FUN_ffffffffbfc2b2d4	ffffffffbfc29ad0	FUN_ffffffffbfc29ad0
ffffffffbfc2b2d4	FUN_ffffffffbfc2b2d4	ffffffffbfc2f12c	FUN_ffffffffbfc2f12c
ffffffffbfc2b2d4	FUN_ffffffffbfc2b2d4	ffffffffbfc1f7ec	FUN_ffffffffbfc1f7ec
ffffffffbfc2b2d4	FUN_ffffffffbfc2b2d4	ffffffffbfc2ebc0	thunk_FUN_ffffffffbfc352b8
ffffffffbfc2b654	FUN_ffffffffbfc2b654	ffffffffbfc29aa4	FUN_ffffffffbfc29aa4
ffffffffbfc2b654	FUN_ffffffffbfc2b654	ffffffffbfc2ebd8	FUN_ffffffffbfc2ebd8
ffffffffbfc2b654	FUN_ffffffffbfc2b654	ffffffffbfc2ab00	FUN_ffffffffbfc2ab00
ffffffffbfc2b654	FUN_ffffffffbfc2b654	ffffffffbfc2add8	FUN_ffffffffbfc2add8
ffffffffbfc2b654	FUN_ffffffffbfc2b654	ffffffffbfc2eb28	FUN_ffffffffbfc2eb28
ffffffffbfc2b654	FUN_ffffffffbfc2b654	ffffffffbfc2e310	FUN_ffffffffbfc2e310
ffffffffbfc2b654	FUN_ffffffffbfc2b654	ffffffffbfc1f7ec	FUN_ffffffffbfc1f7ec
ffffffffbfc2b654	FUN_ffffffffbfc2b654	ffffffffbfc29b6c	FUN_ffffffffbfc29b6c
ffffffffbfc2b654	FUN_ffffffffbfc2b654	ffffffffbfc2a8fc	FUN_ffffffffbfc2a8fc
ffffffffbfc2b654	FUN_ffffffffbfc2b654	ffffffffbfc2a838	FUN_ffffffffbfc2a838
ffffffffbfc2b654	FUN_ffffffffbfc2b654	ffffffffbfc30cf4	FUN_ffffffffbfc30cf4
ffffffffbfc2b654	FUN_ffffffffbfc2b654	ffffffffbfc29900	FUN_ffffffffbfc29900
ffffffffbfc2b654	FUN_ffffffffbfc2b654	ffffffffbfc29afc	FUN_ffffffffbfc29afc
ffffffffbfc2b654	FUN_ffffffffbfc2b654	ffffffffbfc29a78	FUN_ffffffffbfc29a78
ffffffffbfc2b654	FUN_ffffffffbfc2b654	ffffffffbfc29ad0	FUN_ffffffffbfc29ad0
ffffffffbfc2b654	FUN_ffffffffbfc2b654	ffffffffbfc2a964	FUN_ffffffffbfc2a964
ffffffffbfc2b654	FUN_ffffffffbfc2b654	ffffffffbfc2eb9c	FUN_ffffffffbfc2eb9c
ffffffffbfc2b654	FUN_ffffffffbfc2b654	ffffffffbfc02e50	FUN_ffffffffbfc02e50
ffffffffbfc2bc94	FUN_ffffffffbfc2bc94	ffffffffbfc0ac08	FUN_ffffffffbfc0ac08
ffffffffbfc2bc94	FUN_ffffffffbfc2bc94	ffffffffbfc1f7ec	FUN_ffffffffbfc1f7ec
ffffffffbfc2bc94	FUN_ffffffffbfc2bc94	ffffffffbfc2b654	FUN_ffffffffbfc2b654
ffffffffbfc2bd08	FUN_ffffffffbfc2bd08	ffffffffbfc29aa4	FUN_ffffffffbfc29aa4
ffffffffbfc2bd08	FUN_ffffffffbfc2bd08	ffffffffbfc2ebd8	FUN_ffffffffbfc2ebd8
ffffffffbfc2bd08	FUN_ffffffffbfc2bd08	ffffffffbfc29afc	FUN_ffffffffbfc29afc
ffffffffbfc2bd08	FUN_ffffffffbfc2bd08	ffffffffbfc29a78	FUN_ffffffffbfc29a78
ffffffffbfc2bd08	FUN_ffffffffbfc2bd08	ffffffffbfc29ad0	FUN_ffffffffbfc29ad0
ffffffffbfc2c0a8	FUN_ffffffffbfc2c0a8	ffffffffbfc2bed8	FUN_ffffffffbfc2bed8
ffffffffbfc2c0a8	FUN_ffffffffbfc2c0a8	ffffffffbfc2bec0	FUN_ffffffffbfc2bec0
ffffffffbfc2c16c	FUN_ffffffffbfc2c16c	ffffffffbfc2c0a8	FUN_ffffffffbfc2c0a8
ffffffffbfc2c1c8	FUN_ffffffffbfc2c1c8	ffffffffbfc2c0a8	FUN_ffffffffbfc2c0a8
ffffffffbfc2c224	FUN_ffffffffbfc2c224	ffffffffbfc2c0a8	FUN_ffffffffbfc2c0a8
ffffffffbfc2c280	FUN_ffffffffbfc2c280	ffffffffbfc2bed8	FUN_ffffffffbfc2bed8
ffffffffbfc2c280	FUN_ffffffffbfc2c280	ffffffffbfc2bec0	FUN_ffffffffbfc2bec0
ffffffffbfc2c374	FUN_ffffffffbfc2c374	ffffffffbfc2bed8	FUN_ffffffffbfc2bed8
ffffffffbfc2c3ac	FUN_ffffffffbfc2c3ac	ffffffffbfc2bec0	FUN_ffffffffbfc2bec0
ffffffffbfc2c46c	FUN_ffffffffbfc2c46c	ffffffffbfc2bec0	FUN_ffffffffbfc2bec0
ffffffffbfc2c4dc	FUN_ffffffffbfc2c4dc	ffffffffbfc2bed8	FUN_ffffffffbfc2bed8
ffffffffbfc2c548	FUN_ffffffffbfc2c548	ffffffffbfc2bed8	FUN_ffffffffbfc2bed8
ffffffffbfc2c548	FUN_ffffffffbfc2c548	ffffffffbfc2bec0	FUN_ffffffffbfc2bec0
ffffffffbfc2c668	FUN_ffffffffbfc2c668	ffffffffbfc2bed8	FUN_ffffffffbfc2bed8
ffffffffbfc2c668	FUN_ffffffffbfc2c668	ffffffffbfc2bec0	FUN_ffffffffbfc2bec0
ffffffffbfc2c730	FUN_ffffffffbfc2c730	ffffffffbfc2c668	FUN_ffffffffbfc2c668
ffffffffbfc2c774	FUN_ffffffffbfc2c774	ffffffffbfc2c668	FUN_ffffffffbfc2c668
ffffffffbfc2c7bc	FUN_ffffffffbfc2c7bc	ffffffffbfc2c668	FUN_ffffffffbfc2c668
ffffffffbfc2c804	FUN_ffffffffbfc2c804	ffffffffbfc2c078	FUN_ffffffffbfc2c078
ffffffffbfc2c804	FUN_ffffffffbfc2c804	ffffffffbfc2bf00	FUN_ffffffffbfc2bf00
ffffffffbfc2c804	FUN_ffffffffbfc2c804	ffffffffbfc1f7ec	FUN_ffffffffbfc1f7ec
ffffffffbfc2c804	FUN_ffffffffbfc2c804	ffffffffbfc02e50	FUN_ffffffffbfc02e50
ffffffffbfc2cc7c	FUN_ffffffffbfc2cc7c	ffffffffbfc2c078	FUN_ffffffffbfc2c078
ffffffffbfc2cc7c	FUN_ffffffffbfc2cc7c	ffffffffbfc2c804	FUN_ffffffffbfc2c804
ffffffffbfc2cc7c	FUN_ffffffffbfc2cc7c	ffffffffbfc2c374	FUN_ffffffffbfc2c374
ffffffffbfc2cc7c	FUN_ffffffffbfc2cc7c	ffffffffbfc1f7ec	FUN_ffffffffbfc1f7ec
ffffffffbfc2cc7c	FUN_ffffffffbfc2cc7c	ffffffffbfc111b4	FUN_ffffffffbfc111b4
ffffffffbfc2cc7c	FUN_ffffffffbfc2cc7c	ffffffffbfc11de8	FUN_ffffffffbfc11de8
ffffffffbfc2cef0	FUN_ffffffffbfc2cef0	ffffffffbfc2cec0	FUN_ffffffffbfc2cec0
ffffffffbfc2e2a0	FUN_ffffffffbfc2e2a0	ffffffffbfc2e280	FUN_ffffffffbfc2e280
ffffffffbfc2e310	FUN_ffffffffbfc2e310	ffffffffbfc2e2a0	FUN_ffffffffbfc2e2a0
ffffffffbfc2e45c	FUN_ffffffffbfc2e45c	ffffffffbfc0a3f0	FUN_ffffffffbfc0a3f0
ffffffffbfc2e4b0	FUN_ffffffffbfc2e4b0	ffffffffbfc2e45c	FUN_ffffffffbfc2e45c
ffffffffbfc2e4b0	FUN_ffffffffbfc2e4b0	ffffffffbfc2e2a0	FUN_ffffffffbfc2e2a0
ffffffffbfc2e518	FUN_ffffffffbfc2e518	ffffffffbfc0a3f0	FUN_ffffffffbfc0a3f0
ffffffffbfc2e564	FUN_ffffffffbfc2e564	ffffffffbfc1f7ec	FUN_ffffffffbfc1f7ec
ffffffffbfc2e564	FUN_ffffffffbfc2e564	ffffffffbfc2e518	FUN_ffffffffbfc2e518
ffffffffbfc2e564	FUN_ffffffffbfc2e564	ffffffffbfc2e45c	FUN_ffffffffbfc2e45c
ffffffffbfc2e564	FUN_ffffffffbfc2e564	ffffffffbfc2e280	FUN_ffffffffbfc2e280
ffffffffbfc2e564	FUN_ffffffffbfc2e564	ffffffffbfc2e2a0	FUN_ffffffffbfc2e2a0
ffffffffbfc2e564	FUN_ffffffffbfc2e564	ffffffffbfc2e310	FUN_ffffffffbfc2e310
ffffffffbfc2e6d8	FUN_ffffffffbfc2e6d8	ffffffffbfc1f7ec	FUN_ffffffffbfc1f7ec
ffffffffbfc2e6d8	FUN_ffffffffbfc2e6d8	ffffffffbfc237e4	FUN_ffffffffbfc237e4
ffffffffbfc2e6d8	FUN_ffffffffbfc2e6d8	ffffffffbfc2e518	FUN_ffffffffbfc2e518
ffffffffbfc2e6d8	FUN_ffffffffbfc2e6d8	ffffffffbfc2e45c	FUN_ffffffffbfc2e45c
ffffffffbfc2e6d8	FUN_ffffffffbfc2e6d8	ffffffffbfc2e280	FUN_ffffffffbfc2e280
ffffffffbfc2e6d8	FUN_ffffffffbfc2e6d8	ffffffffbfc2e2a0	FUN_ffffffffbfc2e2a0
ffffffffbfc2e6d8	FUN_ffffffffbfc2e6d8	ffffffffbfc0a930	FUN_ffffffffbfc0a930
ffffffffbfc2e6d8	FUN_ffffffffbfc2e6d8	ffffffffbfc0b1f0	FUN_ffffffffbfc0b1f0
ffffffffbfc2eb28	FUN_ffffffffbfc2eb28	ffffffffbfc2e980	FUN_ffffffffbfc2e980
ffffffffbfc2ebc0	thunk_FUN_ffffffffbfc352b8	ffffffffbfc352b8	FUN_ffffffffbfc352b8
ffffffffbfc2ebd8	FUN_ffffffffbfc2ebd8	ffffffffbfc0a470	FUN_ffffffffbfc0a470
ffffffffbfc2ebd8	FUN_ffffffffbfc2ebd8	ffffffffbfc2e980	FUN_ffffffffbfc2e980
ffffffffbfc2edf8	FUN_ffffffffbfc2edf8	ffffffffbfc322a0	FUN_ffffffffbfc322a0
ffffffffbfc2edf8	FUN_ffffffffbfc2edf8	ffffffffbfc2ebd8	FUN_ffffffffbfc2ebd8
ffffffffbfc2edf8	FUN_ffffffffbfc2edf8	ffffffffbfc32240	FUN_ffffffffbfc32240
ffffffffbfc2ef24	FUN_ffffffffbfc2ef24	ffffffffbfc322a0	FUN_ffffffffbfc322a0
ffffffffbfc2ef24	FUN_ffffffffbfc2ef24	ffffffffbfc2ebd8	FUN_ffffffffbfc2ebd8
ffffffffbfc2ef24	FUN_ffffffffbfc2ef24	ffffffffbfc32240	FUN_ffffffffbfc32240
ffffffffbfc2f02c	FUN_ffffffffbfc2f02c	ffffffffbfc347f4	FUN_ffffffffbfc347f4
ffffffffbfc2f02c	FUN_ffffffffbfc2f02c	ffffffffbfc2ebd8	FUN_ffffffffbfc2ebd8
ffffffffbfc2f12c	FUN_ffffffffbfc2f12c	ffffffffbfc1f7ec	FUN_ffffffffbfc1f7ec
ffffffffbfc2f12c	FUN_ffffffffbfc2f12c	ffffffffbfc2fca0	FUN_ffffffffbfc2fca0
ffffffffbfc2f12c	FUN_ffffffffbfc2f12c	ffffffffbfc2eaf8	FUN_ffffffffbfc2eaf8
ffffffffbfc2f12c	FUN_ffffffffbfc2f12c	ffffffffbfc34a4c	FUN_ffffffffbfc34a4c
ffffffffbfc2f12c	FUN_ffffffffbfc2f12c	ffffffffbfc2eb28	FUN_ffffffffbfc2eb28
ffffffffbfc2f12c	FUN_ffffffffbfc2f12c	ffffffffbfc2ebd8	FUN_ffffffffbfc2ebd8
ffffffffbfc2f12c	FUN_ffffffffbfc2f12c	ffffffffbfc0a470	FUN_ffffffffbfc0a470
ffffffffbfc2f12c	FUN_ffffffffbfc2f12c	ffffffffbfc35b24	FUN_ffffffffbfc35b24
ffffffffbfc2f12c	FUN_ffffffffbfc2f12c	ffffffffbfc2e980	FUN_ffffffffbfc2e980
ffffffffbfc2f2c8	FUN_ffffffffbfc2f2c8	ffffffffbfc2ef24	FUN_ffffffffbfc2ef24
ffffffffbfc2f2c8	FUN_ffffffffbfc2f2c8	ffffffffbfc322a0	FUN_ffffffffbfc322a0
ffffffffbfc2f2c8	FUN_ffffffffbfc2f2c8	ffffffffbfc2edf8	FUN_ffffffffbfc2edf8
ffffffffbfc2f2c8	FUN_ffffffffbfc2f2c8	ffffffffbfc32240	FUN_ffffffffbfc32240
ffffffffbfc2f384	FUN_ffffffffbfc2f384	ffffffffbfc1f7ec	FUN_ffffffffbfc1f7ec
ffffffffbfc2f384	FUN_ffffffffbfc2f384	ffffffffbfc2eaf8	FUN_ffffffffbfc2eaf8
ffffffffbfc2f384	FUN_ffffffffbfc2f384	ffffffffbfc2eb28	FUN_ffffffffbfc2eb28
ffffffffbfc2f384	FUN_ffffffffbfc2f384	ffffffffbfc32060	FUN_ffffffffbfc32060
ffffffffbfc2f384	FUN_ffffffffbfc2f384	ffffffffbfc321e0	FUN_ffffffffbfc321e0
ffffffffbfc2f384	FUN_ffffffffbfc2f384	ffffffffbfc35844	FUN_ffffffffbfc35844
ffffffffbfc2f384	FUN_ffffffffbfc2f384	ffffffffbfc2f02c	FUN_ffffffffbfc2f02c
ffffffffbfc2f384	FUN_ffffffffbfc2f384	ffffffffbfc2ebd8	FUN_ffffffffbfc2ebd8
ffffffffbfc2f384	FUN_ffffffffbfc2f384	ffffffffbfc353c8	FUN_ffffffffbfc353c8
ffffffffbfc2f8cc	FUN_ffffffffbfc2f8cc	ffffffffbfc0a3f0	FUN_ffffffffbfc0a3f0
ffffffffbfc2f8fc	FUN_ffffffffbfc2f8fc	ffffffffbfc0a3f0	FUN_ffffffffbfc0a3f0
ffffffffbfc2f950	FUN_ffffffffbfc2f950	ffffffffbfc2f8fc	FUN_ffffffffbfc2f8fc
ffffffffbfc2fa54	FUN_ffffffffbfc2fa54	ffffffffbfc2f8fc	FUN_ffffffffbfc2f8fc
ffffffffbfc2fa94	FUN_ffffffffbfc2fa94	ffffffffbfc0a3f0	FUN_ffffffffbfc0a3f0
ffffffffbfc2fc38	FUN_ffffffffbfc2fc38	ffffffffbfc1f7ec	FUN_ffffffffbfc1f7ec
ffffffffbfc2fca0	FUN_ffffffffbfc2fca0	ffffffffbfc1f7ec	FUN_ffffffffbfc1f7ec
ffffffffbfc2fca0	FUN_ffffffffbfc2fca0	ffffffffbfc2fa94	FUN_ffffffffbfc2fa94
ffffffffbfc2fca0	FUN_ffffffffbfc2fca0	ffffffffbfc2f894	FUN_ffffffffbfc2f894
ffffffffbfc2fca0	FUN_ffffffffbfc2fca0	ffffffffbfc2f7ec	FUN_ffffffffbfc2f7ec
ffffffffbfc2fca0	FUN_ffffffffbfc2fca0	ffffffffbfc2f818	FUN_ffffffffbfc2f818
ffffffffbfc2fca0	FUN_ffffffffbfc2fca0	ffffffffbfc2fc38	FUN_ffffffffbfc2fc38
ffffffffbfc2fca0	FUN_ffffffffbfc2fca0	ffffffffbfc2f844	FUN_ffffffffbfc2f844
ffffffffbfc2fca0	FUN_ffffffffbfc2fca0	ffffffffbfc2f874	FUN_ffffffffbfc2f874
ffffffffbfc2fca0	FUN_ffffffffbfc2fca0	ffffffffbfc2f2c8	FUN_ffffffffbfc2f2c8
ffffffffbfc2fca0	FUN_ffffffffbfc2fca0	ffffffffbfc2f8cc	FUN_ffffffffbfc2f8cc
ffffffffbfc2fca0	FUN_ffffffffbfc2fca0	ffffffffbfc2f8fc	FUN_ffffffffbfc2f8fc
ffffffffbfc2fca0	FUN_ffffffffbfc2fca0	ffffffffbfc30cf4	FUN_ffffffffbfc30cf4
ffffffffbfc2fca0	FUN_ffffffffbfc2fca0	ffffffffbfc2edf8	FUN_ffffffffbfc2edf8
ffffffffbfc2fca0	FUN_ffffffffbfc2fca0	ffffffffbfc2fa54	FUN_ffffffffbfc2fa54
ffffffffbfc3070c	FUN_ffffffffbfc3070c	ffffffffbfc34d34	FUN_ffffffffbfc34d34
ffffffffbfc30740	FUN_ffffffffbfc30740	ffffffffbfc1f7ec	FUN_ffffffffbfc1f7ec
ffffffffbfc30740	FUN_ffffffffbfc30740	ffffffffbfc306bc	FUN_ffffffffbfc306bc
ffffffffbfc30740	FUN_ffffffffbfc30740	ffffffffbfc30664	FUN_ffffffffbfc30664
ffffffffbfc30740	FUN_ffffffffbfc30740	ffffffffbfc30690	FUN_ffffffffbfc30690
ffffffffbfc30740	FUN_ffffffffbfc30740	ffffffffbfc305e0	FUN_ffffffffbfc305e0
ffffffffbfc30740	FUN_ffffffffbfc30740	ffffffffbfc30638	FUN_ffffffffbfc30638
ffffffffbfc30740	FUN_ffffffffbfc30740	ffffffffbfc322a0	FUN_ffffffffbfc322a0
ffffffffbfc30740	FUN_ffffffffbfc30740	ffffffffbfc306ec	FUN_ffffffffbfc306ec
ffffffffbfc30740	FUN_ffffffffbfc30740	ffffffffbfc32240	FUN_ffffffffbfc32240
ffffffffbfc30b84	FUN_ffffffffbfc30b84	ffffffffbfc1f7ec	FUN_ffffffffbfc1f7ec
ffffffffbfc30b84	FUN_ffffffffbfc30b84	ffffffffbfc30410	FUN_ffffffffbfc30410
ffffffffbfc30cf4	FUN_ffffffffbfc30cf4	ffffffffbfc30664	FUN_ffffffffbfc30664
ffffffffbfc30cf4	FUN_ffffffffbfc30cf4	ffffffffbfc306bc	FUN_ffffffffbfc306bc
ffffffffbfc30cf4	FUN_ffffffffbfc30cf4	ffffffffbfc30690	FUN_ffffffffbfc30690
ffffffffbfc30cf4	FUN_ffffffffbfc30cf4	ffffffffbfc305e0	FUN_ffffffffbfc305e0
ffffffffbfc30cf4	FUN_ffffffffbfc30cf4	ffffffffbfc30638	FUN_ffffffffbfc30638
ffffffffbfc30e6c	FUN_ffffffffbfc30e6c	ffffffffbfc2f2c8	FUN_ffffffffbfc2f2c8
ffffffffbfc30e6c	FUN_ffffffffbfc30e6c	ffffffffbfc306bc	FUN_ffffffffbfc306bc
ffffffffbfc30e6c	FUN_ffffffffbfc30e6c	ffffffffbfc3060c	FUN_ffffffffbfc3060c
ffffffffbfc30e6c	FUN_ffffffffbfc30e6c	ffffffffbfc30410	FUN_ffffffffbfc30410
ffffffffbfc30e6c	FUN_ffffffffbfc30e6c	ffffffffbfc305b4	FUN_ffffffffbfc305b4
ffffffffbfc30e6c	FUN_ffffffffbfc30e6c	ffffffffbfc327b0	FUN_ffffffffbfc327b0
ffffffffbfc30e6c	FUN_ffffffffbfc30e6c	ffffffffbfc321e0	FUN_ffffffffbfc321e0
ffffffffbfc30e6c	FUN_ffffffffbfc30e6c	ffffffffbfc305e0	FUN_ffffffffbfc305e0
ffffffffbfc30e6c	FUN_ffffffffbfc30e6c	ffffffffbfc30588	FUN_ffffffffbfc30588
ffffffffbfc30e6c	FUN_ffffffffbfc30e6c	ffffffffbfc0a470	FUN_ffffffffbfc0a470
ffffffffbfc30e6c	FUN_ffffffffbfc30e6c	ffffffffbfc2eb9c	FUN_ffffffffbfc2eb9c
ffffffffbfc31344	FUN_ffffffffbfc31344	ffffffffbfc312ec	FUN_ffffffffbfc312ec
ffffffffbfc31344	FUN_ffffffffbfc31344	ffffffffbfc31268	FUN_ffffffffbfc31268
ffffffffbfc31344	FUN_ffffffffbfc31344	ffffffffbfc3131c	FUN_ffffffffbfc3131c
ffffffffbfc31344	FUN_ffffffffbfc31344	ffffffffbfc0a470	FUN_ffffffffbfc0a470
ffffffffbfc31344	FUN_ffffffffbfc31344	ffffffffbfc31294	FUN_ffffffffbfc31294
ffffffffbfc314a4	FUN_ffffffffbfc314a4	ffffffffbfc312ec	FUN_ffffffffbfc312ec
ffffffffbfc314a4	FUN_ffffffffbfc314a4	ffffffffbfc322a0	FUN_ffffffffbfc322a0
ffffffffbfc314a4	FUN_ffffffffbfc314a4	ffffffffbfc32240	FUN_ffffffffbfc32240
ffffffffbfc314a4	FUN_ffffffffbfc314a4	ffffffffbfc3123c	FUN_ffffffffbfc3123c
ffffffffbfc314a4	FUN_ffffffffbfc314a4	ffffffffbfc3118c	FUN_ffffffffbfc3118c
ffffffffbfc314a4	FUN_ffffffffbfc314a4	ffffffffbfc3131c	FUN_ffffffffbfc3131c
ffffffffbfc314a4	FUN_ffffffffbfc314a4	ffffffffbfc311b8	FUN_ffffffffbfc311b8
ffffffffbfc314a4	FUN_ffffffffbfc314a4	ffffffffbfc31344	FUN_ffffffffbfc31344
ffffffffbfc314a4	FUN_ffffffffbfc314a4	ffffffffbfc31160	FUN_ffffffffbfc31160
ffffffffbfc314a4	FUN_ffffffffbfc314a4	ffffffffbfc1f7ec	FUN_ffffffffbfc1f7ec
ffffffffbfc31758	FUN_ffffffffbfc31758	ffffffffbfc322a0	FUN_ffffffffbfc322a0
ffffffffbfc31758	FUN_ffffffffbfc31758	ffffffffbfc32240	FUN_ffffffffbfc32240
ffffffffbfc31758	FUN_ffffffffbfc31758	ffffffffbfc3123c	FUN_ffffffffbfc3123c
ffffffffbfc31758	FUN_ffffffffbfc31758	ffffffffbfc0a470	FUN_ffffffffbfc0a470
ffffffffbfc31758	FUN_ffffffffbfc31758	ffffffffbfc31294	FUN_ffffffffbfc31294
ffffffffbfc31758	FUN_ffffffffbfc31758	ffffffffbfc31344	FUN_ffffffffbfc31344
ffffffffbfc31904	FUN_ffffffffbfc31904	ffffffffbfc312ec	FUN_ffffffffbfc312ec
ffffffffbfc31904	FUN_ffffffffbfc31904	ffffffffbfc327b0	FUN_ffffffffbfc327b0
ffffffffbfc31904	FUN_ffffffffbfc31904	ffffffffbfc311e4	FUN_ffffffffbfc311e4
ffffffffbfc31904	FUN_ffffffffbfc31904	ffffffffbfc321e0	FUN_ffffffffbfc321e0
ffffffffbfc31904	FUN_ffffffffbfc31904	ffffffffbfc31210	FUN_ffffffffbfc31210
ffffffffbfc31904	FUN_ffffffffbfc31904	ffffffffbfc314a4	FUN_ffffffffbfc314a4
ffffffffbfc31904	FUN_ffffffffbfc31904	ffffffffbfc31758	FUN_ffffffffbfc31758
ffffffffbfc31904	FUN_ffffffffbfc31904	ffffffffbfc0a470	FUN_ffffffffbfc0a470
ffffffffbfc31904	FUN_ffffffffbfc31904	ffffffffbfc31160	FUN_ffffffffbfc31160
ffffffffbfc31904	FUN_ffffffffbfc31904	ffffffffbfc2eb9c	FUN_ffffffffbfc2eb9c
ffffffffbfc31bc8	FUN_ffffffffbfc31bc8	ffffffffbfc322a0	FUN_ffffffffbfc322a0
ffffffffbfc31bc8	FUN_ffffffffbfc31bc8	ffffffffbfc32240	FUN_ffffffffbfc32240
ffffffffbfc31bc8	FUN_ffffffffbfc31bc8	ffffffffbfc330b4	FUN_ffffffffbfc330b4
ffffffffbfc31bc8	FUN_ffffffffbfc31bc8	ffffffffbfc3324c	FUN_ffffffffbfc3324c
ffffffffbfc31bc8	FUN_ffffffffbfc31bc8	ffffffffbfc0a470	FUN_ffffffffbfc0a470
ffffffffbfc31ce0	FUN_ffffffffbfc31ce0	ffffffffbfc327b0	FUN_ffffffffbfc327b0
ffffffffbfc31ce0	FUN_ffffffffbfc31ce0	ffffffffbfc3324c	FUN_ffffffffbfc3324c
ffffffffbfc31ce0	FUN_ffffffffbfc31ce0	ffffffffbfc0a470	FUN_ffffffffbfc0a470
ffffffffbfc31ce0	FUN_ffffffffbfc31ce0	ffffffffbfc31b90	FUN_ffffffffbfc31b90
ffffffffbfc31da0	FUN_ffffffffbfc31da0	ffffffffbfc3324c	FUN_ffffffffbfc3324c
ffffffffbfc31da0	FUN_ffffffffbfc31da0	ffffffffbfc0a470	FUN_ffffffffbfc0a470
ffffffffbfc31da0	FUN_ffffffffbfc31da0	ffffffffbfc33340	FUN_ffffffffbfc33340
ffffffffbfc31da0	FUN_ffffffffbfc31da0	ffffffffbfc31b90	FUN_ffffffffbfc31b90
ffffffffbfc31da0	FUN_ffffffffbfc31da0	ffffffffbfc2eb9c	FUN_ffffffffbfc2eb9c
ffffffffbfc31da0	FUN_ffffffffbfc31da0	ffffffffbfc337e8	FUN_ffffffffbfc337e8
ffffffffbfc32118	FUN_ffffffffbfc32118	ffffffffbfc32018	FUN_ffffffffbfc32018
ffffffffbfc32240	FUN_ffffffffbfc32240	ffffffffbfc1f7ec	FUN_ffffffffbfc1f7ec
ffffffffbfc322a0	FUN_ffffffffbfc322a0	ffffffffbfc1f7ec	FUN_ffffffffbfc1f7ec
ffffffffbfc32310	FUN_ffffffffbfc32310	ffffffffbfc32118	FUN_ffffffffbfc32118
ffffffffbfc32310	FUN_ffffffffbfc32310	ffffffffbfc32018	FUN_ffffffffbfc32018
ffffffffbfc32310	FUN_ffffffffbfc32310	ffffffffbfc2eb9c	FUN_ffffffffbfc2eb9c
ffffffffbfc324e4	FUN_ffffffffbfc324e4	ffffffffbfc0a3f0	FUN_ffffffffbfc0a3f0
ffffffffbfc32538	FUN_ffffffffbfc32538	ffffffffbfc324e4	FUN_ffffffffbfc324e4
ffffffffbfc32538	FUN_ffffffffbfc32538	ffffffffbfc1f7ec	FUN_ffffffffbfc1f7ec
ffffffffbfc327b0	FUN_ffffffffbfc327b0	ffffffffbfc31ea0	FUN_ffffffffbfc31ea0
ffffffffbfc327b0	FUN_ffffffffbfc327b0	ffffffffbfc32018	FUN_ffffffffbfc32018
ffffffffbfc327b0	FUN_ffffffffbfc327b0	ffffffffbfc2ebd8	FUN_ffffffffbfc2ebd8
ffffffffbfc327b0	FUN_ffffffffbfc327b0	ffffffffbfc1f7ec	FUN_ffffffffbfc1f7ec
ffffffffbfc32a40	FUN_ffffffffbfc32a40	ffffffffbfc327b0	FUN_ffffffffbfc327b0
ffffffffbfc32a78	FUN_ffffffffbfc32a78	ffffffffbfc2f2c8	FUN_ffffffffbfc2f2c8
ffffffffbfc32a78	FUN_ffffffffbfc32a78	ffffffffbfc321e0	FUN_ffffffffbfc321e0
ffffffffbfc32a78	FUN_ffffffffbfc32a78	ffffffffbfc329fc	FUN_ffffffffbfc329fc
ffffffffbfc32a78	FUN_ffffffffbfc32a78	ffffffffbfc329d0	FUN_ffffffffbfc329d0
ffffffffbfc32cd8	FUN_ffffffffbfc32cd8	ffffffffbfc32ca8	FUN_ffffffffbfc32ca8
ffffffffbfc32d4c	FUN_ffffffffbfc32d4c	ffffffffbfc32ca8	FUN_ffffffffbfc32ca8
ffffffffbfc32d4c	FUN_ffffffffbfc32d4c	ffffffffbfc32cd8	FUN_ffffffffbfc32cd8
ffffffffbfc32e98	FUN_ffffffffbfc32e98	ffffffffbfc32ca8	FUN_ffffffffbfc32ca8
ffffffffbfc32e98	FUN_ffffffffbfc32e98	ffffffffbfc32cd8	FUN_ffffffffbfc32cd8
ffffffffbfc33030	FUN_ffffffffbfc33030	ffffffffbfc32d4c	FUN_ffffffffbfc32d4c
ffffffffbfc330b4	FUN_ffffffffbfc330b4	ffffffffbfc32e98	FUN_ffffffffbfc32e98
ffffffffbfc330b4	FUN_ffffffffbfc330b4	ffffffffbfc32d4c	FUN_ffffffffbfc32d4c
ffffffffbfc3324c	FUN_ffffffffbfc3324c	ffffffffbfc32b30	FUN_ffffffffbfc32b30
ffffffffbfc3324c	FUN_ffffffffbfc3324c	ffffffffbfc32cd8	FUN_ffffffffbfc32cd8
ffffffffbfc33340	FUN_ffffffffbfc33340	ffffffffbfc330b4	FUN_ffffffffbfc330b4
ffffffffbfc33340	FUN_ffffffffbfc33340	ffffffffbfc3324c	FUN_ffffffffbfc3324c
ffffffffbfc33340	FUN_ffffffffbfc33340	ffffffffbfc32d4c	FUN_ffffffffbfc32d4c
ffffffffbfc33340	FUN_ffffffffbfc33340	ffffffffbfc33030	FUN_ffffffffbfc33030
ffffffffbfc337e8	FUN_ffffffffbfc337e8	ffffffffbfc3423c	FUN_ffffffffbfc3423c
ffffffffbfc337e8	FUN_ffffffffbfc337e8	ffffffffbfc33f88	FUN_ffffffffbfc33f88
ffffffffbfc337e8	FUN_ffffffffbfc337e8	ffffffffbfc33e00	FUN_ffffffffbfc33e00
ffffffffbfc337e8	FUN_ffffffffbfc337e8	ffffffffbfc33620	FUN_ffffffffbfc33620
ffffffffbfc337e8	FUN_ffffffffbfc337e8	ffffffffbfc33cd0	FUN_ffffffffbfc33cd0
ffffffffbfc337e8	FUN_ffffffffbfc337e8	ffffffffbfc33b3c	FUN_ffffffffbfc33b3c
ffffffffbfc337e8	FUN_ffffffffbfc337e8	ffffffffbfc340fc	FUN_ffffffffbfc340fc
ffffffffbfc33974	FUN_ffffffffbfc33974	ffffffffbfc33f88	FUN_ffffffffbfc33f88
ffffffffbfc33974	FUN_ffffffffbfc33974	ffffffffbfc1f7ec	FUN_ffffffffbfc1f7ec
ffffffffbfc33974	FUN_ffffffffbfc33974	ffffffffbfc33e00	FUN_ffffffffbfc33e00
ffffffffbfc33974	FUN_ffffffffbfc33974	ffffffffbfc33620	FUN_ffffffffbfc33620
ffffffffbfc33974	FUN_ffffffffbfc33974	ffffffffbfc33cd0	FUN_ffffffffbfc33cd0
ffffffffbfc33974	FUN_ffffffffbfc33974	ffffffffbfc33b3c	FUN_ffffffffbfc33b3c
ffffffffbfc33974	FUN_ffffffffbfc33974	ffffffffbfc340fc	FUN_ffffffffbfc340fc
ffffffffbfc33af8	FUN_ffffffffbfc33af8	ffffffffbfc23888	FUN_ffffffffbfc23888
ffffffffbfc33b1c	FUN_ffffffffbfc33b1c	ffffffffbfc23888	FUN_ffffffffbfc23888
ffffffffbfc33b3c	FUN_ffffffffbfc33b3c	ffffffffbfc1f7ec	FUN_ffffffffbfc1f7ec
ffffffffbfc33b3c	FUN_ffffffffbfc33b3c	ffffffffbfc33798	FUN_ffffffffbfc33798
ffffffffbfc33b3c	FUN_ffffffffbfc33b3c	ffffffffbfc0a470	FUN_ffffffffbfc0a470
ffffffffbfc33cd0	FUN_ffffffffbfc33cd0	ffffffffbfc1f7ec	FUN_ffffffffbfc1f7ec
ffffffffbfc33cd0	FUN_ffffffffbfc33cd0	ffffffffbfc0a470	FUN_ffffffffbfc0a470
ffffffffbfc33e00	FUN_ffffffffbfc33e00	ffffffffbfc33798	FUN_ffffffffbfc33798
ffffffffbfc33e00	FUN_ffffffffbfc33e00	ffffffffbfc1f7ec	FUN_ffffffffbfc1f7ec
ffffffffbfc33e00	FUN_ffffffffbfc33e00	ffffffffbfc337c8	FUN_ffffffffbfc337c8
ffffffffbfc33e00	FUN_ffffffffbfc33e00	ffffffffbfc0a470	FUN_ffffffffbfc0a470
ffffffffbfc33f88	FUN_ffffffffbfc33f88	ffffffffbfc33798	FUN_ffffffffbfc33798
ffffffffbfc33f88	FUN_ffffffffbfc33f88	ffffffffbfc337c8	FUN_ffffffffbfc337c8
ffffffffbfc33f88	FUN_ffffffffbfc33f88	ffffffffbfc0a470	FUN_ffffffffbfc0a470
ffffffffbfc33f88	FUN_ffffffffbfc33f88	ffffffffbfc33620	FUN_ffffffffbfc33620
ffffffffbfc340fc	FUN_ffffffffbfc340fc	ffffffffbfc33798	FUN_ffffffffbfc33798
ffffffffbfc340fc	FUN_ffffffffbfc340fc	ffffffffbfc1f7ec	FUN_ffffffffbfc1f7ec
ffffffffbfc3423c	FUN_ffffffffbfc3423c	ffffffffbfc33798	FUN_ffffffffbfc33798
ffffffffbfc34730	FUN_ffffffffbfc34730	ffffffffbfc34710	FUN_ffffffffbfc34710
ffffffffbfc34730	FUN_ffffffffbfc34730	ffffffffbfc346e0	FUN_ffffffffbfc346e0
ffffffffbfc347f4	FUN_ffffffffbfc347f4	ffffffffbfc0a470	FUN_ffffffffbfc0a470
ffffffffbfc34860	FUN_ffffffffbfc34860	ffffffffbfc1f7ec	FUN_ffffffffbfc1f7ec
ffffffffbfc34860	FUN_ffffffffbfc34860	ffffffffbfc0a470	FUN_ffffffffbfc0a470
ffffffffbfc34a4c	FUN_ffffffffbfc34a4c	ffffffffbfc346b4	FUN_ffffffffbfc346b4
ffffffffbfc34a4c	FUN_ffffffffbfc34a4c	ffffffffbfc34688	FUN_ffffffffbfc34688
ffffffffbfc34a4c	FUN_ffffffffbfc34a4c	ffffffffbfc34860	FUN_ffffffffbfc34860
ffffffffbfc34a4c	FUN_ffffffffbfc34a4c	ffffffffbfc34710	FUN_ffffffffbfc34710
ffffffffbfc34a4c	FUN_ffffffffbfc34a4c	ffffffffbfc1f7ec	FUN_ffffffffbfc1f7ec
ffffffffbfc34a4c	FUN_ffffffffbfc34a4c	ffffffffbfc0a470	FUN_ffffffffbfc0a470
ffffffffbfc34a4c	FUN_ffffffffbfc34a4c	ffffffffbfc346e0	FUN_ffffffffbfc346e0
ffffffffbfc34a4c	FUN_ffffffffbfc34a4c	ffffffffbfc34730	FUN_ffffffffbfc34730
ffffffffbfc34d34	FUN_ffffffffbfc34d34	ffffffffbfc322a0	FUN_ffffffffbfc322a0
ffffffffbfc34d34	FUN_ffffffffbfc34d34	ffffffffbfc34860	FUN_ffffffffbfc34860
ffffffffbfc34d34	FUN_ffffffffbfc34d34	ffffffffbfc34510	FUN_ffffffffbfc34510
ffffffffbfc34d34	FUN_ffffffffbfc34d34	ffffffffbfc0a470	FUN_ffffffffbfc0a470
ffffffffbfc34d34	FUN_ffffffffbfc34d34	ffffffffbfc34730	FUN_ffffffffbfc34730
ffffffffbfc34d34	FUN_ffffffffbfc34d34	ffffffffbfc32240	FUN_ffffffffbfc32240
ffffffffbfc352c0	FUN_ffffffffbfc352c0	ffffffffbfc35288	FUN_ffffffffbfc35288
ffffffffbfc353c8	FUN_ffffffffbfc353c8	ffffffffbfc0a3f0	FUN_ffffffffbfc0a3f0
ffffffffbfc353c8	FUN_ffffffffbfc353c8	ffffffffbfc1f7ec	FUN_ffffffffbfc1f7ec
ffffffffbfc353c8	FUN_ffffffffbfc353c8	ffffffffbfc2e6d8	FUN_ffffffffbfc2e6d8
ffffffffbfc353c8	FUN_ffffffffbfc353c8	ffffffffbfc2e4b0	FUN_ffffffffbfc2e4b0
ffffffffbfc353c8	FUN_ffffffffbfc353c8	ffffffffbfc35110	FUN_ffffffffbfc35110
ffffffffbfc353c8	FUN_ffffffffbfc353c8	ffffffffbfc35288	FUN_ffffffffbfc35288
ffffffffbfc35844	FUN_ffffffffbfc35844	ffffffffbfc353c8	FUN_ffffffffbfc353c8
ffffffffbfc35844	FUN_ffffffffbfc35844	ffffffffbfc35288	FUN_ffffffffbfc35288
ffffffffbfc35844	FUN_ffffffffbfc35844	ffffffffbfc35110	FUN_ffffffffbfc35110
ffffffffbfc35988	FUN_ffffffffbfc35988	ffffffffbfc352c0	FUN_ffffffffbfc352c0
ffffffffbfc35988	FUN_ffffffffbfc35988	ffffffffbfc35110	FUN_ffffffffbfc35110
ffffffffbfc35988	FUN_ffffffffbfc35988	ffffffffbfc35288	FUN_ffffffffbfc35288
ffffffffbfc35988	FUN_ffffffffbfc35988	ffffffffbfc2e564	FUN_ffffffffbfc2e564
ffffffffbfc35b24	FUN_ffffffffbfc35b24	ffffffffbfc1f7ec	FUN_ffffffffbfc1f7ec
ffffffffbfc35b24	FUN_ffffffffbfc35b24	ffffffffbfc35288	FUN_ffffffffbfc35288
ffffffffbfc35ba0	FUN_ffffffffbfc35ba0	ffffffffbfc0a470	FUN_ffffffffbfc0a470
ffffffffbfc35ba0	FUN_ffffffffbfc35ba0	ffffffffbfc35288	FUN_ffffffffbfc35288
