entry	name	subsystem	size	source	decompile	sha256	callers	callees	strings	c_file	asm_file
ffffffffbfc005cc	FUN_ffffffffbfc005cc	bootloader-support	404	DEFAULT	success	59e4d354844abba879b335e23ffa69699dcb4f2861ca19009fc8e6a1a7b4f150	0	1	0	decompiled/ffffffffbfc005cc_FUN_ffffffffbfc005cc.c	assembly/ffffffffbfc005cc_FUN_ffffffffbfc005cc.asm
ffffffffbfc00760	FUN_ffffffffbfc00760	bootloader-support	32	DEFAULT	success	d20762609f4850322b0f75f87b3e02f246b9a35075a1a08fc1b585c8b883928b	1	0	0	decompiled/ffffffffbfc00760_FUN_ffffffffbfc00760.c	assembly/ffffffffbfc00760_FUN_ffffffffbfc00760.asm
ffffffffbfc00780	FUN_ffffffffbfc00780	bootloader-support	84	DEFAULT	success	8e68b517398938ce9eacbc7bb1791a13d8aec730deb73fb8e6dab4ba5daa6334	1	0	0	decompiled/ffffffffbfc00780_FUN_ffffffffbfc00780.c	assembly/ffffffffbfc00780_FUN_ffffffffbfc00780.asm
ffffffffbfc00914	FUN_ffffffffbfc00914	bootloader-support	8	DEFAULT	success	d6478ec0f3850a5361cb1921a0119661b3d867de249dc59deccec9f34467cf9e	0	0	0	decompiled/ffffffffbfc00914_FUN_ffffffffbfc00914.c	assembly/ffffffffbfc00914_FUN_ffffffffbfc00914.asm
ffffffffbfc0091c	FUN_ffffffffbfc0091c	bootloader-support	8	DEFAULT	success	60d9bf1f834913f5bb47e337f7f7b03f7a5b5cf00ae8c4b8df2f13baeebda80f	1	0	0	decompiled/ffffffffbfc0091c_FUN_ffffffffbfc0091c.c	assembly/ffffffffbfc0091c_FUN_ffffffffbfc0091c.asm
ffffffffbfc00a00	FUN_ffffffffbfc00a00	bootloader-support	372	DEFAULT	success	b171bd2f61ef7165456cb22632dff5c135747acbc7dd09e4303fac6f7beb7173	3	0	0	decompiled/ffffffffbfc00a00_FUN_ffffffffbfc00a00.c	assembly/ffffffffbfc00a00_FUN_ffffffffbfc00a00.asm
ffffffffbfc00b78	FUN_ffffffffbfc00b78	bootloader-support	48	DEFAULT	success	dadd139425b45024b6379cd78d6d3489583899bbc62de2140a114110934a3d6e	3	0	0	decompiled/ffffffffbfc00b78_FUN_ffffffffbfc00b78.c	assembly/ffffffffbfc00b78_FUN_ffffffffbfc00b78.asm
ffffffffbfc00ba8	FUN_ffffffffbfc00ba8	bootloader-support	140	DEFAULT	success	032bddf09169754e1bcdbe9fad145f996fc71c9c67a0b94f32eb332bc35fe56f	2	1	0	decompiled/ffffffffbfc00ba8_FUN_ffffffffbfc00ba8.c	assembly/ffffffffbfc00ba8_FUN_ffffffffbfc00ba8.asm
ffffffffbfc00c34	FUN_ffffffffbfc00c34	bootloader-support	104	DEFAULT	success	80971d6fb635036b78d8fc8bb459eb300e188ad556beaec4a226d82d5e87e6e2	2	0	0	decompiled/ffffffffbfc00c34_FUN_ffffffffbfc00c34.c	assembly/ffffffffbfc00c34_FUN_ffffffffbfc00c34.asm
ffffffffbfc00dc8	FUN_ffffffffbfc00dc8	bootloader-support	28	DEFAULT	success	147719b3a617e828951d140510599658d6c4a143623a043557099ec69b527f34	1	1	0	decompiled/ffffffffbfc00dc8_FUN_ffffffffbfc00dc8.c	assembly/ffffffffbfc00dc8_FUN_ffffffffbfc00dc8.asm
ffffffffbfc00de4	FUN_ffffffffbfc00de4	bootloader-support	184	DEFAULT	success	4058f14d2f32499ea07cc8d1f1fa6f29bc9a0c58fb6f8c54044100903d99165e	1	2	0	decompiled/ffffffffbfc00de4_FUN_ffffffffbfc00de4.c	assembly/ffffffffbfc00de4_FUN_ffffffffbfc00de4.asm
ffffffffbfc00e9c	FUN_ffffffffbfc00e9c	bootloader-support	28	DEFAULT	success	6cc472f740f3fb0c17815706d5e9f23e86bb4c7463df54313e18437de54f0452	1	1	0	decompiled/ffffffffbfc00e9c_FUN_ffffffffbfc00e9c.c	assembly/ffffffffbfc00e9c_FUN_ffffffffbfc00e9c.asm
ffffffffbfc00eb8	FUN_ffffffffbfc00eb8	bootloader-support	80	DEFAULT	success	f912c77a850bedf97abcbc48b78e87a8e42f002031f07401ee96ffefda2050b0	2	0	0	decompiled/ffffffffbfc00eb8_FUN_ffffffffbfc00eb8.c	assembly/ffffffffbfc00eb8_FUN_ffffffffbfc00eb8.asm
ffffffffbfc00f08	FUN_ffffffffbfc00f08	bootloader-support	48	DEFAULT	success	03bd77b4a63e3bc07e9bed0bfcc881ac2a6621ecfb2895b61cd8fc607fe7fc3d	1	1	1	decompiled/ffffffffbfc00f08_FUN_ffffffffbfc00f08.c	assembly/ffffffffbfc00f08_FUN_ffffffffbfc00f08.asm
ffffffffbfc00fb4	FUN_ffffffffbfc00fb4	bootloader-support	64	DEFAULT	success	caa42605e9827059edfe0ea2b563a396287c6b71aaa7800a3b5452dc89dd9779	0	1	2	decompiled/ffffffffbfc00fb4_FUN_ffffffffbfc00fb4.c	assembly/ffffffffbfc00fb4_FUN_ffffffffbfc00fb4.asm
ffffffffbfc00ff4	FUN_ffffffffbfc00ff4	bootloader-support	124	DEFAULT	success	6d1917ee73f48c3793000c3c250ff42579c259a4be804ce2614fa627cf6c90f7	0	2	1	decompiled/ffffffffbfc00ff4_FUN_ffffffffbfc00ff4.c	assembly/ffffffffbfc00ff4_FUN_ffffffffbfc00ff4.asm
ffffffffbfc01070	FUN_ffffffffbfc01070	bootloader-support	552	DEFAULT	success	eab08cdfa85ed0cd6e51aab5e910b590d2084013f0920871a6e463694f0361ee	0	9	1	decompiled/ffffffffbfc01070_FUN_ffffffffbfc01070.c	assembly/ffffffffbfc01070_FUN_ffffffffbfc01070.asm
ffffffffbfc01298	board_init_r	board-init	4488	USER_DEFINED	success	207e0f076f1ed0a2bf1969637bc38a5f4f0f7ca334010d5c32d361b92e77e937	0	40	77	decompiled/ffffffffbfc01298_board_init_r.c	assembly/ffffffffbfc01298_board_init_r.asm
ffffffffbfc02e50	FUN_ffffffffbfc02e50	bootloader-support	64	DEFAULT	success	5fc35cf033824e53ebca2bc219c905ad9f6bcc507115c688c8ce78e6e4a2796c	12	0	0	decompiled/ffffffffbfc02e50_FUN_ffffffffbfc02e50.c	assembly/ffffffffbfc02e50_FUN_ffffffffbfc02e50.asm
ffffffffbfc02e9c	thunk_FUN_ffffffffbfc03190	bootloader-support	24	DEFAULT	success	3f63d5bbd35dc51a6427ee00847a20e3467216f33a6154d0b1f25e61ce36c52d	1	1	0	decompiled/ffffffffbfc02e9c_thunk_FUN_ffffffffbfc03190.c	assembly/ffffffffbfc02e9c_thunk_FUN_ffffffffbfc03190.asm
ffffffffbfc02ed0	FUN_ffffffffbfc02ed0	bootloader-support	68	DEFAULT	success	96a3c612f6b17eaebeaaf91a3f0b294612b982fc7e28ec2507a713cce3b14a4c	7	1	0	decompiled/ffffffffbfc02ed0_FUN_ffffffffbfc02ed0.c	assembly/ffffffffbfc02ed0_FUN_ffffffffbfc02ed0.asm
ffffffffbfc02f40	FUN_ffffffffbfc02f40	bootloader-support	372	DEFAULT	success	6d2ff4ea7f7657c1091d0d70f1e7e61c4e38f1dded402a5b3898728c70d1cea6	1	0	0	decompiled/ffffffffbfc02f40_FUN_ffffffffbfc02f40.c	assembly/ffffffffbfc02f40_FUN_ffffffffbfc02f40.asm
ffffffffbfc030b8	FUN_ffffffffbfc030b8	bootloader-support	48	DEFAULT	success	0a96da0bbfaa7a51bb058d62b157e021869217f7fa90c00ff80c14a5c831ad42	4	0	0	decompiled/ffffffffbfc030b8_FUN_ffffffffbfc030b8.c	assembly/ffffffffbfc030b8_FUN_ffffffffbfc030b8.asm
ffffffffbfc030f4	FUN_ffffffffbfc030f4	bootloader-support	12	DEFAULT	success	e436527eb5d6b11eddd2a3f378a86f8dc3ec1f100db563fb6b34ac466dfa5daf	2	0	0	decompiled/ffffffffbfc030f4_FUN_ffffffffbfc030f4.c	assembly/ffffffffbfc030f4_FUN_ffffffffbfc030f4.asm
ffffffffbfc03100	FUN_ffffffffbfc03100	bootloader-support	36	DEFAULT	success	373637ee2d6ef9bd323d45293fc72c321732e63e64428184548054ce7b73d30f	2	0	0	decompiled/ffffffffbfc03100_FUN_ffffffffbfc03100.c	assembly/ffffffffbfc03100_FUN_ffffffffbfc03100.asm
ffffffffbfc03124	FUN_ffffffffbfc03124	bootloader-support	36	DEFAULT	success	85127ca507a80f6c0912b043eb953d7eb91447c1dd09c93be6ba5a1aff1ebee5	2	0	0	decompiled/ffffffffbfc03124_FUN_ffffffffbfc03124.c	assembly/ffffffffbfc03124_FUN_ffffffffbfc03124.asm
ffffffffbfc03148	FUN_ffffffffbfc03148	bootloader-support	36	DEFAULT	success	50bce7a96070be2e9e0d59bf3d9a5e2f668dd797f36ff6de6b312326f9e91c60	2	0	0	decompiled/ffffffffbfc03148_FUN_ffffffffbfc03148.c	assembly/ffffffffbfc03148_FUN_ffffffffbfc03148.asm
ffffffffbfc0316c	FUN_ffffffffbfc0316c	bootloader-support	36	DEFAULT	success	0039fb6fa1e73c061c20be2ddf4cdcbec69ed107a6f4ff3acafe1e54a7ed6df2	2	0	0	decompiled/ffffffffbfc0316c_FUN_ffffffffbfc0316c.c	assembly/ffffffffbfc0316c_FUN_ffffffffbfc0316c.asm
ffffffffbfc03190	FUN_ffffffffbfc03190	bootloader-support	36	DEFAULT	success	53ca777af744b9baf90bc7eecf8a2717eb1ab91535f4c4321036a95ba370d7d2	7	0	0	decompiled/ffffffffbfc03190_FUN_ffffffffbfc03190.c	assembly/ffffffffbfc03190_FUN_ffffffffbfc03190.asm
ffffffffbfc031c0	FUN_ffffffffbfc031c0	bootloader-support	36	DEFAULT	success	19d85feb35fb08c3cf9f905b25b2cd19465b0981eb71612179de583d1cc7b9c4	2	0	0	decompiled/ffffffffbfc031c0_FUN_ffffffffbfc031c0.c	assembly/ffffffffbfc031c0_FUN_ffffffffbfc031c0.asm
ffffffffbfc031e4	FUN_ffffffffbfc031e4	bootloader-support	128	DEFAULT	success	958ba30ca99346e48474f751592198120b328de5a38c98a92be267f27ed7999f	4	0	0	decompiled/ffffffffbfc031e4_FUN_ffffffffbfc031e4.c	assembly/ffffffffbfc031e4_FUN_ffffffffbfc031e4.asm
ffffffffbfc03264	FUN_ffffffffbfc03264	bootloader-support	48	DEFAULT	success	404cdb3d13171d56bca6d0d001cd33e56aa8b71753975cca76653f3c6beecb6c	3	1	0	decompiled/ffffffffbfc03264_FUN_ffffffffbfc03264.c	assembly/ffffffffbfc03264_FUN_ffffffffbfc03264.asm
ffffffffbfc03294	FUN_ffffffffbfc03294	bootloader-support	24	DEFAULT	success	cb97cf3ee2cfdd6d564ed55029efc6cb1b3d5c514734b0e570af199ea0456caf	1	0	0	decompiled/ffffffffbfc03294_FUN_ffffffffbfc03294.c	assembly/ffffffffbfc03294_FUN_ffffffffbfc03294.asm
ffffffffbfc032c0	FUN_ffffffffbfc032c0	bootloader-support	88	DEFAULT	success	5265a55718e09e0d05bcea9e5d624d49999c22ec2e39003fe509f52f902538de	1	0	0	decompiled/ffffffffbfc032c0_FUN_ffffffffbfc032c0.c	assembly/ffffffffbfc032c0_FUN_ffffffffbfc032c0.asm
ffffffffbfc03318	FUN_ffffffffbfc03318	bootloader-support	52	DEFAULT	success	4dc567ff6527e8ea6c3b4c0cdb7a67af6e5f86e7317caf9a4499749debddfbeb	2	0	0	decompiled/ffffffffbfc03318_FUN_ffffffffbfc03318.c	assembly/ffffffffbfc03318_FUN_ffffffffbfc03318.asm
ffffffffbfc0334c	FUN_ffffffffbfc0334c	bootloader-support	444	DEFAULT	success	ad6d0a2ff2074e27b16e3021f0ffb36591e049b1abc6cc9a90f017f3b69cfcce	2	0	0	decompiled/ffffffffbfc0334c_FUN_ffffffffbfc0334c.c	assembly/ffffffffbfc0334c_FUN_ffffffffbfc0334c.asm
ffffffffbfc03508	FUN_ffffffffbfc03508	bootloader-support	132	DEFAULT	success	7662a5b56cec318dcdcdc523f98e899179b8832fe2e127c82450752a30545744	1	0	0	decompiled/ffffffffbfc03508_FUN_ffffffffbfc03508.c	assembly/ffffffffbfc03508_FUN_ffffffffbfc03508.asm
ffffffffbfc0358c	FUN_ffffffffbfc0358c	bootloader-support	48	DEFAULT	success	adab6223f41edb3a31b3d19437b4cdd2a7b25430dec44b81d1ed33097833d1a0	0	1	0	decompiled/ffffffffbfc0358c_FUN_ffffffffbfc0358c.c	assembly/ffffffffbfc0358c_FUN_ffffffffbfc0358c.asm
ffffffffbfc035bc	octeon_gpio_set_mask	gpio-button	48	USER_DEFINED	success	c70b5958307e3c1713edf8a994a648d95bb3590d1720650525a83378b6d63f3d	1	1	0	decompiled/ffffffffbfc035bc_octeon_gpio_set_mask.c	assembly/ffffffffbfc035bc_octeon_gpio_set_mask.asm
ffffffffbfc035ec	FUN_ffffffffbfc035ec	bootloader-support	100	DEFAULT	success	927fecb59e638ace666fafe22e79b75e2268c83c049753446e270a1b02f793b0	1	2	0	decompiled/ffffffffbfc035ec_FUN_ffffffffbfc035ec.c	assembly/ffffffffbfc035ec_FUN_ffffffffbfc035ec.asm
ffffffffbfc03650	FUN_ffffffffbfc03650	bootloader-support	264	DEFAULT	success	a1a5d165f56fce6ba8eacb7a312b1e1319576c27efaa803685b60e83aa678303	2	3	4	decompiled/ffffffffbfc03650_FUN_ffffffffbfc03650.c	assembly/ffffffffbfc03650_FUN_ffffffffbfc03650.asm
ffffffffbfc03758	FUN_ffffffffbfc03758	bootloader-support	392	DEFAULT	success	97dc6dd27de9eded28b2b0c5985cd6d7d1540003cda9defc67ab54d1a6a00f5b	2	2	1	decompiled/ffffffffbfc03758_FUN_ffffffffbfc03758.c	assembly/ffffffffbfc03758_FUN_ffffffffbfc03758.asm
ffffffffbfc038e0	FUN_ffffffffbfc038e0	bootloader-support	220	DEFAULT	success	55178e6e49a2982ee41916f83f98e2b2e532bfa896c819a1efd4ac876b1297a9	3	3	0	decompiled/ffffffffbfc038e0_FUN_ffffffffbfc038e0.c	assembly/ffffffffbfc038e0_FUN_ffffffffbfc038e0.asm
ffffffffbfc039bc	FUN_ffffffffbfc039bc	bootloader-support	184	DEFAULT	success	00e3808955492508bc333428b53f3c0fab609b7292986e054e13214250a2c799	0	2	0	decompiled/ffffffffbfc039bc_FUN_ffffffffbfc039bc.c	assembly/ffffffffbfc039bc_FUN_ffffffffbfc039bc.asm
ffffffffbfc03a74	FUN_ffffffffbfc03a74	bootloader-support	156	DEFAULT	success	c50602139338762b402d931c5f2efaa26099fcbeb5f3085558f8c62dde129d99	0	1	0	decompiled/ffffffffbfc03a74_FUN_ffffffffbfc03a74.c	assembly/ffffffffbfc03a74_FUN_ffffffffbfc03a74.asm
ffffffffbfc03b10	FUN_ffffffffbfc03b10	bootloader-support	368	DEFAULT	success	dfcb1b23a0072e64891469dc92a64aad045e0d4229e2f15e9baee2dcad775d84	1	2	0	decompiled/ffffffffbfc03b10_FUN_ffffffffbfc03b10.c	assembly/ffffffffbfc03b10_FUN_ffffffffbfc03b10.asm
ffffffffbfc03c80	FUN_ffffffffbfc03c80	bootloader-support	96	DEFAULT	success	55ab16f40353ca79caeaa08f169b3547be44fb1896d2eac4faf6b8a0b237e569	2	2	1	decompiled/ffffffffbfc03c80_FUN_ffffffffbfc03c80.c	assembly/ffffffffbfc03c80_FUN_ffffffffbfc03c80.asm
ffffffffbfc03ce0	FUN_ffffffffbfc03ce0	bootloader-support	392	DEFAULT	success	263a65a39b1fc5b61614003c19321aac684b73f44acf2292387177e7d7bd1989	4	3	0	decompiled/ffffffffbfc03ce0_FUN_ffffffffbfc03ce0.c	assembly/ffffffffbfc03ce0_FUN_ffffffffbfc03ce0.asm
ffffffffbfc03e68	FUN_ffffffffbfc03e68	bootloader-support	60	DEFAULT	success	68c023cbca161bc40ca4d689bf021c786f61c7e667cc8896164895f67fe385ad	1	1	0	decompiled/ffffffffbfc03e68_FUN_ffffffffbfc03e68.c	assembly/ffffffffbfc03e68_FUN_ffffffffbfc03e68.asm
ffffffffbfc03ea4	FUN_ffffffffbfc03ea4	bootloader-support	204	DEFAULT	success	f68bf57729c79aa31b827dcc2d24f0f10f5fb9415ac6b5b83826f71c4ca44565	3	2	2	decompiled/ffffffffbfc03ea4_FUN_ffffffffbfc03ea4.c	assembly/ffffffffbfc03ea4_FUN_ffffffffbfc03ea4.asm
ffffffffbfc03f70	FUN_ffffffffbfc03f70	bootloader-support	452	DEFAULT	success	e6c32716052417902e8269f4922a2de8add639ef36d5aed97ac54b797bb8e49d	3	3	6	decompiled/ffffffffbfc03f70_FUN_ffffffffbfc03f70.c	assembly/ffffffffbfc03f70_FUN_ffffffffbfc03f70.asm
ffffffffbfc04134	FUN_ffffffffbfc04134	bootloader-support	248	DEFAULT	success	6513cc9bfe9e092214dd185dd1f8e6dfef419f23cdc502a0c3de87686f994016	4	4	1	decompiled/ffffffffbfc04134_FUN_ffffffffbfc04134.c	assembly/ffffffffbfc04134_FUN_ffffffffbfc04134.asm
ffffffffbfc0422c	FUN_ffffffffbfc0422c	bootloader-support	76	DEFAULT	success	c9eaffed75ae1757cd81d37df9c558f61a61d9bfb8917be666e38b1b1c84b6b8	1	1	1	decompiled/ffffffffbfc0422c_FUN_ffffffffbfc0422c.c	assembly/ffffffffbfc0422c_FUN_ffffffffbfc0422c.asm
ffffffffbfc04278	octeon_gpio_read_pin	gpio-button	36	USER_DEFINED	success	35548a80bf76218c9108a3ad831af9455fab59ea74cd499672202d6be3baad71	3	0	0	decompiled/ffffffffbfc04278_octeon_gpio_read_pin.c	assembly/ffffffffbfc04278_octeon_gpio_read_pin.asm
ffffffffbfc0429c	octeon_gpio_config_input	gpio-button	60	USER_DEFINED	success	2de92b830c6828972c3bc4e41071ea87e3078a89fb3eca3ae5fbf601162ccc24	1	0	0	decompiled/ffffffffbfc0429c_octeon_gpio_config_input.c	assembly/ffffffffbfc0429c_octeon_gpio_config_input.asm
ffffffffbfc042d8	FUN_ffffffffbfc042d8	bootloader-support	56	DEFAULT	success	3764af8e4cbc25569049966829de265a5926da225f0bf22203ce641ff7a194fd	1	0	0	decompiled/ffffffffbfc042d8_FUN_ffffffffbfc042d8.c	assembly/ffffffffbfc042d8_FUN_ffffffffbfc042d8.asm
ffffffffbfc04310	FUN_ffffffffbfc04310	bootloader-support	352	DEFAULT	success	cb49f61c65791eb5ebdd0886f6095cd9b65261b2513de2570ee7bd38e8e7b96d	3	7	1	decompiled/ffffffffbfc04310_FUN_ffffffffbfc04310.c	assembly/ffffffffbfc04310_FUN_ffffffffbfc04310.asm
ffffffffbfc044a0	FUN_ffffffffbfc044a0	bootloader-support	88	DEFAULT	success	8ea38a0938b2e72d80e9a3f19f8c06c7c31114d67cf3131a1571532fcd9c6beb	4	0	0	decompiled/ffffffffbfc044a0_FUN_ffffffffbfc044a0.c	assembly/ffffffffbfc044a0_FUN_ffffffffbfc044a0.asm
ffffffffbfc044f8	FUN_ffffffffbfc044f8	bootloader-support	328	DEFAULT	success	00da2d72b11de670c45ead79ea08291bfcad3336cf66480bbfc55abad6f57876	2	0	0	decompiled/ffffffffbfc044f8_FUN_ffffffffbfc044f8.c	assembly/ffffffffbfc044f8_FUN_ffffffffbfc044f8.asm
ffffffffbfc04640	FUN_ffffffffbfc04640	bootloader-support	28	DEFAULT	success	811ecf6d2c64405e9cfc456e819ff4139599afcb64592cef8d33c7ef23b7e570	1	0	0	decompiled/ffffffffbfc04640_FUN_ffffffffbfc04640.c	assembly/ffffffffbfc04640_FUN_ffffffffbfc04640.asm
ffffffffbfc0466c	FUN_ffffffffbfc0466c	bootloader-support	12	DEFAULT	success	7fc14b3a6424cdf577806efc94f4e068a81557419711b7e057e31a5283714f13	9	0	0	decompiled/ffffffffbfc0466c_FUN_ffffffffbfc0466c.c	assembly/ffffffffbfc0466c_FUN_ffffffffbfc0466c.asm
ffffffffbfc04678	FUN_ffffffffbfc04678	bootloader-support	1724	DEFAULT	success	ac8aef4e085fade16135304bed8998b2b284219acccd7d9e2e3e362da5980d68	3	12	5	decompiled/ffffffffbfc04678_FUN_ffffffffbfc04678.c	assembly/ffffffffbfc04678_FUN_ffffffffbfc04678.asm
ffffffffbfc04d40	FUN_ffffffffbfc04d40	bootloader-support	372	DEFAULT	success	b9301e9135b43c10d104e0e223837d726668ab5b0db15fc358d10824eeadd7b6	4	0	0	decompiled/ffffffffbfc04d40_FUN_ffffffffbfc04d40.c	assembly/ffffffffbfc04d40_FUN_ffffffffbfc04d40.asm
ffffffffbfc04eb8	FUN_ffffffffbfc04eb8	bootloader-support	48	DEFAULT	success	fd515591b27c624d4a3b04004b0413d4e7473666f87c0bc5f9a20cc525515e4c	4	0	0	decompiled/ffffffffbfc04eb8_FUN_ffffffffbfc04eb8.c	assembly/ffffffffbfc04eb8_FUN_ffffffffbfc04eb8.asm
ffffffffbfc04ee8	FUN_ffffffffbfc04ee8	bootloader-support	140	DEFAULT	success	e973c30435ba608f5b16b6c033fe9521e161245e1f31ebd2ed6e34a2be91d286	1	1	0	decompiled/ffffffffbfc04ee8_FUN_ffffffffbfc04ee8.c	assembly/ffffffffbfc04ee8_FUN_ffffffffbfc04ee8.asm
ffffffffbfc04f74	FUN_ffffffffbfc04f74	bootloader-support	152	DEFAULT	success	b3d16c2eb7ae4de4fec03d3151c596d13d41fcbb2b4fc833df7bd3b996bd8632	1	0	0	decompiled/ffffffffbfc04f74_FUN_ffffffffbfc04f74.c	assembly/ffffffffbfc04f74_FUN_ffffffffbfc04f74.asm
ffffffffbfc0500c	FUN_ffffffffbfc0500c	bootloader-support	108	DEFAULT	success	9811fc5e69ddeac0506217e54dbcf3b869964ef2543368ff950d45f57dcb567e	1	1	2	decompiled/ffffffffbfc0500c_FUN_ffffffffbfc0500c.c	assembly/ffffffffbfc0500c_FUN_ffffffffbfc0500c.asm
ffffffffbfc05078	FUN_ffffffffbfc05078	bootloader-support	108	DEFAULT	success	17f40a51c800850886f56e260019996a5a8536fc8395f098c1559da91a0ed3cb	1	1	2	decompiled/ffffffffbfc05078_FUN_ffffffffbfc05078.c	assembly/ffffffffbfc05078_FUN_ffffffffbfc05078.asm
ffffffffbfc050e4	FUN_ffffffffbfc050e4	bootloader-support	76	DEFAULT	success	31f63d6d254ec0fb1d06da8bc4e272516be3e2cea0caa02ff116b3adebc3c467	1	1	1	decompiled/ffffffffbfc050e4_FUN_ffffffffbfc050e4.c	assembly/ffffffffbfc050e4_FUN_ffffffffbfc050e4.asm
ffffffffbfc05130	FUN_ffffffffbfc05130	bootloader-support	60	DEFAULT	success	125d58c08ed1297fc3d84ea749c1caaa2311e361368377f0f19a2f0ae29ed847	0	1	0	decompiled/ffffffffbfc05130_FUN_ffffffffbfc05130.c	assembly/ffffffffbfc05130_FUN_ffffffffbfc05130.asm
ffffffffbfc0516c	FUN_ffffffffbfc0516c	bootloader-support	60	DEFAULT	success	9004f0c3d606fff2bf65ed6509fab4446e20c5f381a3b5d35bf01f823ee65e8e	0	1	0	decompiled/ffffffffbfc0516c_FUN_ffffffffbfc0516c.c	assembly/ffffffffbfc0516c_FUN_ffffffffbfc0516c.asm
ffffffffbfc051a8	FUN_ffffffffbfc051a8	bootloader-support	244	DEFAULT	success	daf786ca6b0f536a3e0d6ad005d78969875e134c22eef6973648d5f48d98424d	0	2	0	decompiled/ffffffffbfc051a8_FUN_ffffffffbfc051a8.c	assembly/ffffffffbfc051a8_FUN_ffffffffbfc051a8.asm
ffffffffbfc0529c	FUN_ffffffffbfc0529c	bootloader-support	184	DEFAULT	success	5fa1eefb3b841f61017b83d26acf1f166e3c62a7de5670c2ccd6c17870a80bde	0	2	0	decompiled/ffffffffbfc0529c_FUN_ffffffffbfc0529c.c	assembly/ffffffffbfc0529c_FUN_ffffffffbfc0529c.asm
ffffffffbfc05354	FUN_ffffffffbfc05354	bootloader-support	524	DEFAULT	success	c175f867789e1f665953869e637ac8372d3d1eca912bba9c7c2f5f662830a534	1	5	1	decompiled/ffffffffbfc05354_FUN_ffffffffbfc05354.c	assembly/ffffffffbfc05354_FUN_ffffffffbfc05354.asm
ffffffffbfc05560	FUN_ffffffffbfc05560	bootloader-support	488	DEFAULT	success	14df70b3d51af098bf0b4a2ea7e8bd2993fe91c5429fb6d1cd01651b80a0404c	1	2	0	decompiled/ffffffffbfc05560_FUN_ffffffffbfc05560.c	assembly/ffffffffbfc05560_FUN_ffffffffbfc05560.asm
ffffffffbfc05748	FUN_ffffffffbfc05748	bootloader-support	488	DEFAULT	success	5d38b5900e29f086014726ee6c92e4ffe03e0b4cc655a8d655edc3c1d62cb211	2	3	3	decompiled/ffffffffbfc05748_FUN_ffffffffbfc05748.c	assembly/ffffffffbfc05748_FUN_ffffffffbfc05748.asm
ffffffffbfc05930	FUN_ffffffffbfc05930	bootloader-support	2388	DEFAULT	success	bc7efbbc6bda31399137d0fc0e78d53e003de5f924c25d03398ec32bd5248e85	1	7	38	decompiled/ffffffffbfc05930_FUN_ffffffffbfc05930.c	assembly/ffffffffbfc05930_FUN_ffffffffbfc05930.asm
ffffffffbfc06290	FUN_ffffffffbfc06290	bootloader-support	56	DEFAULT	success	c8ccd8d2d4f283c067878d021a2f42374db93dd5faf8c45934ba58402b13f963	1	0	0	decompiled/ffffffffbfc06290_FUN_ffffffffbfc06290.c	assembly/ffffffffbfc06290_FUN_ffffffffbfc06290.asm
ffffffffbfc062c8	FUN_ffffffffbfc062c8	bootloader-support	48	DEFAULT	success	f9b1aec358e4ef48b3fb813ae1be8b4f87ceccad91dbb5a18e3332afe7b40ac5	7	0	0	decompiled/ffffffffbfc062c8_FUN_ffffffffbfc062c8.c	assembly/ffffffffbfc062c8_FUN_ffffffffbfc062c8.asm
ffffffffbfc062f8	FUN_ffffffffbfc062f8	bootloader-support	28	DEFAULT	success	435bede53311bec86dd2d3d5168f6fea9418bff23f39f2d89c38137c9e869940	1	0	0	decompiled/ffffffffbfc062f8_FUN_ffffffffbfc062f8.c	assembly/ffffffffbfc062f8_FUN_ffffffffbfc062f8.asm
ffffffffbfc06314	FUN_ffffffffbfc06314	bootloader-support	76	DEFAULT	success	1a227a54d5608dc61604650b11eb80450691b41948c78fa094eb0bb113252f14	1	0	0	decompiled/ffffffffbfc06314_FUN_ffffffffbfc06314.c	assembly/ffffffffbfc06314_FUN_ffffffffbfc06314.asm
ffffffffbfc06360	FUN_ffffffffbfc06360	bootloader-support	76	DEFAULT	success	9a672d318ae230895c0369af2b20e52274f9b57e0caba04f2db6f0f897ac9750	1	0	0	decompiled/ffffffffbfc06360_FUN_ffffffffbfc06360.c	assembly/ffffffffbfc06360_FUN_ffffffffbfc06360.asm
ffffffffbfc063ac	FUN_ffffffffbfc063ac	bootloader-support	196	DEFAULT	success	0d4a90c54e1338680c6f42bc20086c0178d42d78b3b4a18f5d1c61a4569619aa	1	1	0	decompiled/ffffffffbfc063ac_FUN_ffffffffbfc063ac.c	assembly/ffffffffbfc063ac_FUN_ffffffffbfc063ac.asm
ffffffffbfc06470	FUN_ffffffffbfc06470	bootloader-support	32	DEFAULT	success	9adc34fa943575cb38d926653d28ff0f9fd9eed25d07a12b14c671f42a290f95	2	1	0	decompiled/ffffffffbfc06470_FUN_ffffffffbfc06470.c	assembly/ffffffffbfc06470_FUN_ffffffffbfc06470.asm
ffffffffbfc06490	FUN_ffffffffbfc06490	bootloader-support	152	DEFAULT	success	694a0b26a8dd0ed19178f7a2bbbf04f918d68f70d778aee2bf2c12d1329c3134	4	1	0	decompiled/ffffffffbfc06490_FUN_ffffffffbfc06490.c	assembly/ffffffffbfc06490_FUN_ffffffffbfc06490.asm
ffffffffbfc06528	FUN_ffffffffbfc06528	bootloader-support	128	DEFAULT	success	4cfafac876d90ff508a858ea63cf742a52af77520517da94ede9bb12016ebfe3	4	1	0	decompiled/ffffffffbfc06528_FUN_ffffffffbfc06528.c	assembly/ffffffffbfc06528_FUN_ffffffffbfc06528.asm
ffffffffbfc065ac	FUN_ffffffffbfc065ac	bootloader-support	104	DEFAULT	success	82c471fec6abfb4478e3570df3927077e414fdac54ce1848c3b5c4322f3ed78f	1	2	0	decompiled/ffffffffbfc065ac_FUN_ffffffffbfc065ac.c	assembly/ffffffffbfc065ac_FUN_ffffffffbfc065ac.asm
ffffffffbfc06614	FUN_ffffffffbfc06614	bootloader-support	124	DEFAULT	success	9ee758000b39c5ad9dee06d6214889b6799f0f067d85582fc5343d89f7631f37	1	1	0	decompiled/ffffffffbfc06614_FUN_ffffffffbfc06614.c	assembly/ffffffffbfc06614_FUN_ffffffffbfc06614.asm
ffffffffbfc06690	FUN_ffffffffbfc06690	bootloader-support	104	DEFAULT	success	ddf52627a0f418f0cd2037b8af17bfd72e540e274418721cf7df313c74c0db0e	1	2	0	decompiled/ffffffffbfc06690_FUN_ffffffffbfc06690.c	assembly/ffffffffbfc06690_FUN_ffffffffbfc06690.asm
ffffffffbfc066f8	FUN_ffffffffbfc066f8	bootloader-support	340	DEFAULT	success	750a01dfe35254cc298002f166f9d592cdaf75be82ae6ae1cd6e9fba24bf28de	1	2	0	decompiled/ffffffffbfc066f8_FUN_ffffffffbfc066f8.c	assembly/ffffffffbfc066f8_FUN_ffffffffbfc066f8.asm
ffffffffbfc0684c	FUN_ffffffffbfc0684c	bootloader-support	196	DEFAULT	success	a454ea5bacbb1f602b4c3ef874bc2ccaea4791445c33c67806a5be7dc233d6af	0	1	0	decompiled/ffffffffbfc0684c_FUN_ffffffffbfc0684c.c	assembly/ffffffffbfc0684c_FUN_ffffffffbfc0684c.asm
ffffffffbfc06910	FUN_ffffffffbfc06910	bootloader-support	96	DEFAULT	success	728ba217828229d247579b83a02c01f27bb85ed9206a30c0eee46ee15db38bcf	4	1	0	decompiled/ffffffffbfc06910_FUN_ffffffffbfc06910.c	assembly/ffffffffbfc06910_FUN_ffffffffbfc06910.asm
ffffffffbfc06970	FUN_ffffffffbfc06970	bootloader-support	3880	DEFAULT	success	04a61b783ae9c7fe16058638c68894a652ff2a4e9c7dbd2422334fc20932ccf3	2	6	24	decompiled/ffffffffbfc06970_FUN_ffffffffbfc06970.c	assembly/ffffffffbfc06970_FUN_ffffffffbfc06970.asm
ffffffffbfc078a4	FUN_ffffffffbfc078a4	bootloader-support	304	DEFAULT	success	3f6693e28da5f5282b214a4ed201d72353eba22d0dd85cc5b1e4f75ddce9cc1c	1	2	4	decompiled/ffffffffbfc078a4_FUN_ffffffffbfc078a4.c	assembly/ffffffffbfc078a4_FUN_ffffffffbfc078a4.asm
ffffffffbfc079dc	FUN_ffffffffbfc079dc	bootloader-support	156	DEFAULT	success	f5794d31f39dd861e20d2e049d763aee97a42799cdd3461531d94b5f2d025a2b	0	2	1	decompiled/ffffffffbfc079dc_FUN_ffffffffbfc079dc.c	assembly/ffffffffbfc079dc_FUN_ffffffffbfc079dc.asm
ffffffffbfc07a78	FUN_ffffffffbfc07a78	bootloader-support	156	DEFAULT	success	889527ae8c9d3f9b138125fd63e53dbede82ab68c1c0616b528d01fd68251cd3	1	2	0	decompiled/ffffffffbfc07a78_FUN_ffffffffbfc07a78.c	assembly/ffffffffbfc07a78_FUN_ffffffffbfc07a78.asm
ffffffffbfc07b14	FUN_ffffffffbfc07b14	bootloader-support	328	DEFAULT	success	f90c2331df649ad7be39cef600627cc85e1969599963eeec1b2e3b2c1f81cf52	0	2	1	decompiled/ffffffffbfc07b14_FUN_ffffffffbfc07b14.c	assembly/ffffffffbfc07b14_FUN_ffffffffbfc07b14.asm
ffffffffbfc07c5c	FUN_ffffffffbfc07c5c	bootloader-support	10060	DEFAULT	success	1390177a956ade4233b2fe42c1b9711b2182f204ff05250e5f1749fca0b29058	0	12	113	decompiled/ffffffffbfc07c5c_FUN_ffffffffbfc07c5c.c	assembly/ffffffffbfc07c5c_FUN_ffffffffbfc07c5c.asm
ffffffffbfc0a3f0	FUN_ffffffffbfc0a3f0	bootloader-support	120	DEFAULT	success	2e25d48097ca5f9f68d8c4bc717abd04b45ebb917d10b507795003306d0dfb9b	12	2	1	decompiled/ffffffffbfc0a3f0_FUN_ffffffffbfc0a3f0.c	assembly/ffffffffbfc0a3f0_FUN_ffffffffbfc0a3f0.asm
ffffffffbfc0a470	FUN_ffffffffbfc0a470	bootloader-support	24	DEFAULT	success	734b61689223598479d9e89b2fbe7fef3c86662af6ddff6b6efc3ef6c7db5179	19	0	0	decompiled/ffffffffbfc0a470_FUN_ffffffffbfc0a470.c	assembly/ffffffffbfc0a470_FUN_ffffffffbfc0a470.asm
ffffffffbfc0a488	FUN_ffffffffbfc0a488	bootloader-support	180	DEFAULT	success	06ae022dfdaeafe92c4fb472593beb84f46a16a45f7b27973aa56099954f9ff5	1	1	0	decompiled/ffffffffbfc0a488_FUN_ffffffffbfc0a488.c	assembly/ffffffffbfc0a488_FUN_ffffffffbfc0a488.asm
ffffffffbfc0a540	FUN_ffffffffbfc0a540	bootloader-support	36	DEFAULT	success	1a2e067af3f4c492c7ab475203c9b18bcfc2fe2db8abd945ae40a853d7de05f9	0	0	0	decompiled/ffffffffbfc0a540_FUN_ffffffffbfc0a540.c	assembly/ffffffffbfc0a540_FUN_ffffffffbfc0a540.asm
ffffffffbfc0a564	FUN_ffffffffbfc0a564	bootloader-support	144	DEFAULT	success	94c6a16465199a182f6b44b29ad338334383818f8c03d70bd59fa05f73e24382	0	0	0	decompiled/ffffffffbfc0a564_FUN_ffffffffbfc0a564.c	assembly/ffffffffbfc0a564_FUN_ffffffffbfc0a564.asm
ffffffffbfc0a670	FUN_ffffffffbfc0a670	bootloader-support	24	DEFAULT	success	a18ca3ab8dcb42ac124ce422722bf70fe921f24977d1b6a110190be3d0f5e06e	4	0	0	decompiled/ffffffffbfc0a670_FUN_ffffffffbfc0a670.c	assembly/ffffffffbfc0a670_FUN_ffffffffbfc0a670.asm
ffffffffbfc0a688	FUN_ffffffffbfc0a688	bootloader-support	288	DEFAULT	success	954c4d5533e5558e39a7fe00b5d2805530ec6ca5413bdf100b123e2c368cc042	1	1	4	decompiled/ffffffffbfc0a688_FUN_ffffffffbfc0a688.c	assembly/ffffffffbfc0a688_FUN_ffffffffbfc0a688.asm
ffffffffbfc0a7c0	FUN_ffffffffbfc0a7c0	bootloader-support	368	DEFAULT	success	8e977b298382a8a49b5ce9959a4c90d71757ca8f20b2fd4d8618fc10fe97abc5	4	1	1	decompiled/ffffffffbfc0a7c0_FUN_ffffffffbfc0a7c0.c	assembly/ffffffffbfc0a7c0_FUN_ffffffffbfc0a7c0.asm
ffffffffbfc0a930	FUN_ffffffffbfc0a930	bootloader-support	24	DEFAULT	success	07f1162113b7d99cd0a9eb3d18ea353debceae8953b376857a6cc365bf56ded3	1	1	0	decompiled/ffffffffbfc0a930_FUN_ffffffffbfc0a930.c	assembly/ffffffffbfc0a930_FUN_ffffffffbfc0a930.asm
ffffffffbfc0a948	FUN_ffffffffbfc0a948	bootloader-support	704	DEFAULT	success	310fb598cf628a68089a3af7577f763ef8663ec190f674c1f980d8b9ff2b56d6	2	1	1	decompiled/ffffffffbfc0a948_FUN_ffffffffbfc0a948.c	assembly/ffffffffbfc0a948_FUN_ffffffffbfc0a948.asm
ffffffffbfc0ac08	FUN_ffffffffbfc0ac08	bootloader-support	204	DEFAULT	success	e24b14633b8404e789e8698687f324a8c52bd47e5f6fb403dcd63f43a745f794	4	3	1	decompiled/ffffffffbfc0ac08_FUN_ffffffffbfc0ac08.c	assembly/ffffffffbfc0ac08_FUN_ffffffffbfc0ac08.asm
ffffffffbfc0acec	FUN_ffffffffbfc0acec	bootloader-support	648	DEFAULT	success	3947f2844148824393c6cb110a1620d03975614245a1a7226f49aacbcbb3335d	7	1	2	decompiled/ffffffffbfc0acec_FUN_ffffffffbfc0acec.c	assembly/ffffffffbfc0acec_FUN_ffffffffbfc0acec.asm
ffffffffbfc0af78	FUN_ffffffffbfc0af78	bootloader-support	460	DEFAULT	success	9ecd73fbc4c656dc9f3a341a9b3f16ed3762ced8063c2c8d29cb0a32a1e2679f	5	3	1	decompiled/ffffffffbfc0af78_FUN_ffffffffbfc0af78.c	assembly/ffffffffbfc0af78_FUN_ffffffffbfc0af78.asm
ffffffffbfc0b144	FUN_ffffffffbfc0b144	bootloader-support	84	DEFAULT	success	d8ac463fe29e28b25a32fa6d5425bae1a6d5f07c5103bb08c314daff6c72285b	1	1	1	decompiled/ffffffffbfc0b144_FUN_ffffffffbfc0b144.c	assembly/ffffffffbfc0b144_FUN_ffffffffbfc0b144.asm
ffffffffbfc0b198	FUN_ffffffffbfc0b198	bootloader-support	88	DEFAULT	success	17db5e5c20368686f9301b8225d3e8698aefadd364dc66c47214e227b07fa762	1	2	0	decompiled/ffffffffbfc0b198_FUN_ffffffffbfc0b198.c	assembly/ffffffffbfc0b198_FUN_ffffffffbfc0b198.asm
ffffffffbfc0b1f0	FUN_ffffffffbfc0b1f0	bootloader-support	36	DEFAULT	success	19272136ca87205d827f15ec6402997d8ea2bcb00059459cabfd2e517ebc3ac8	1	1	0	decompiled/ffffffffbfc0b1f0_FUN_ffffffffbfc0b1f0.c	assembly/ffffffffbfc0b1f0_FUN_ffffffffbfc0b1f0.asm
ffffffffbfc0b234	FUN_ffffffffbfc0b234	bootloader-support	104	DEFAULT	success	a8ada4953a3514bc77fb64b7e683ba0c529abcb5b85aef35d81af09a4c6273fd	0	1	0	decompiled/ffffffffbfc0b234_FUN_ffffffffbfc0b234.c	assembly/ffffffffbfc0b234_FUN_ffffffffbfc0b234.asm
ffffffffbfc0b2dc	FUN_ffffffffbfc0b2dc	bootloader-support	248	DEFAULT	success	8a3d9fb41b449db2ec1378fe9d57bd852d85bfb1c9b7af175cbeff5700f79b20	1	1	6	decompiled/ffffffffbfc0b2dc_FUN_ffffffffbfc0b2dc.c	assembly/ffffffffbfc0b2dc_FUN_ffffffffbfc0b2dc.asm
ffffffffbfc0b3d4	FUN_ffffffffbfc0b3d4	bootloader-support	480	DEFAULT	success	9dc8355755291c957e3034ae6f8d12b42523e0e21ec961658227f035bc850f70	1	4	3	decompiled/ffffffffbfc0b3d4_FUN_ffffffffbfc0b3d4.c	assembly/ffffffffbfc0b3d4_FUN_ffffffffbfc0b3d4.asm
ffffffffbfc0b5c0	FUN_ffffffffbfc0b5c0	bootloader-support	80	DEFAULT	success	ac2a7ec0d35654d672fa881d2777393440bf0d12bf2602caf69ad9df6d44da47	1	0	0	decompiled/ffffffffbfc0b5c0_FUN_ffffffffbfc0b5c0.c	assembly/ffffffffbfc0b5c0_FUN_ffffffffbfc0b5c0.asm
ffffffffbfc0b610	FUN_ffffffffbfc0b610	bootloader-support	736	DEFAULT	success	ce644c8471f6ab1ff439bca81350a1b66b9f3d11d7c5a07c224ec8b8e6c3659a	0	3	2	decompiled/ffffffffbfc0b610_FUN_ffffffffbfc0b610.c	assembly/ffffffffbfc0b610_FUN_ffffffffbfc0b610.asm
ffffffffbfc0bcb4	FUN_ffffffffbfc0bcb4	bootloader-support	24	DEFAULT	success	ef7ff1c6513454ec06134c3c793c0d973fb7b2eaf831f46cf9abd6f0f5911fa6	3	0	1	decompiled/ffffffffbfc0bcb4_FUN_ffffffffbfc0bcb4.c	assembly/ffffffffbfc0bcb4_FUN_ffffffffbfc0bcb4.asm
ffffffffbfc0bccc	FUN_ffffffffbfc0bccc	bootloader-support	56	DEFAULT	success	569ca223d63eb14b4b1886bf4da79a357ff5ad7af1e7ecb7356c28a7bc9ea0b3	2	0	0	decompiled/ffffffffbfc0bccc_FUN_ffffffffbfc0bccc.c	assembly/ffffffffbfc0bccc_FUN_ffffffffbfc0bccc.asm
ffffffffbfc0bd04	FUN_ffffffffbfc0bd04	bootloader-support	64	DEFAULT	success	2f62fdd55377be0e0aeadc3fff1a718b7cf44d81cb88bf1e2ead2eb4280c8fec	1	1	0	decompiled/ffffffffbfc0bd04_FUN_ffffffffbfc0bd04.c	assembly/ffffffffbfc0bd04_FUN_ffffffffbfc0bd04.asm
ffffffffbfc0bd44	FUN_ffffffffbfc0bd44	bootloader-support	60	DEFAULT	success	943522bb62e628a15bcc8acf0bfef3bf23a4fe07e05f241233a0447cc23556d9	1	0	0	decompiled/ffffffffbfc0bd44_FUN_ffffffffbfc0bd44.c	assembly/ffffffffbfc0bd44_FUN_ffffffffbfc0bd44.asm
ffffffffbfc0bd80	FUN_ffffffffbfc0bd80	bootloader-support	80	DEFAULT	success	4eb368df967755944b3d76fbcb22c31b0907d14d5ef26f1a054b4d1134aa2b1a	5	0	0	decompiled/ffffffffbfc0bd80_FUN_ffffffffbfc0bd80.c	assembly/ffffffffbfc0bd80_FUN_ffffffffbfc0bd80.asm
ffffffffbfc0bdd0	FUN_ffffffffbfc0bdd0	bootloader-support	104	DEFAULT	success	4df3d9176b678bc9c367639da55b4275510b594a4dcab24fe944b00c549bd324	0	1	1	decompiled/ffffffffbfc0bdd0_FUN_ffffffffbfc0bdd0.c	assembly/ffffffffbfc0bdd0_FUN_ffffffffbfc0bdd0.asm
ffffffffbfc0be94	FUN_ffffffffbfc0be94	bootloader-support	52	DEFAULT	success	2fae6f35d8840392f36a4dc27983219518b565b94b1741e304cc95c4dbeae848	2	1	1	decompiled/ffffffffbfc0be94_FUN_ffffffffbfc0be94.c	assembly/ffffffffbfc0be94_FUN_ffffffffbfc0be94.asm
ffffffffbfc0bec8	FUN_ffffffffbfc0bec8	bootloader-support	64	DEFAULT	success	2357642c51aa1d5f1801dba82483bcc65f8c0f9837ed6fa8ae832c8e6aa48bc3	2	2	0	decompiled/ffffffffbfc0bec8_FUN_ffffffffbfc0bec8.c	assembly/ffffffffbfc0bec8_FUN_ffffffffbfc0bec8.asm
ffffffffbfc0bf08	FUN_ffffffffbfc0bf08	bootloader-support	96	DEFAULT	success	18f6bbfcefb6fa300725e4fbfe4889422849993a98dad4c7abfbd7cced5909c7	1	1	0	decompiled/ffffffffbfc0bf08_FUN_ffffffffbfc0bf08.c	assembly/ffffffffbfc0bf08_FUN_ffffffffbfc0bf08.asm
ffffffffbfc0bf68	FUN_ffffffffbfc0bf68	bootloader-support	64	DEFAULT	success	d7daa34adedc0014edff18ce938b12c80d3e6d972c2bb8b4c3b86a02e54fc3ff	1	2	0	decompiled/ffffffffbfc0bf68_FUN_ffffffffbfc0bf68.c	assembly/ffffffffbfc0bf68_FUN_ffffffffbfc0bf68.asm
ffffffffbfc0bfa8	FUN_ffffffffbfc0bfa8	bootloader-support	172	DEFAULT	success	3853954c1ff5ba9db96a1d44cfde73820dbdb825fed9701e47aa873db10b5c3d	1	1	0	decompiled/ffffffffbfc0bfa8_FUN_ffffffffbfc0bfa8.c	assembly/ffffffffbfc0bfa8_FUN_ffffffffbfc0bfa8.asm
ffffffffbfc0c054	FUN_ffffffffbfc0c054	bootloader-support	60	DEFAULT	success	d9ce7fc0cf3314b715e115668e2f3a23089accc0a00273b5b9ffbc7b1df9161f	2	2	0	decompiled/ffffffffbfc0c054_FUN_ffffffffbfc0c054.c	assembly/ffffffffbfc0c054_FUN_ffffffffbfc0c054.asm
ffffffffbfc0c090	FUN_ffffffffbfc0c090	bootloader-support	224	DEFAULT	success	eee7185fb8cc7b5b68f79b643e9e343252f5db92b5117d2617758b94da936a3c	5	1	0	decompiled/ffffffffbfc0c090_FUN_ffffffffbfc0c090.c	assembly/ffffffffbfc0c090_FUN_ffffffffbfc0c090.asm
ffffffffbfc0c170	FUN_ffffffffbfc0c170	bootloader-support	24	DEFAULT	success	1ad56f7bbde27d6fe03b3965eb8101cb18b6d3b57f3b1e6fbc5b293253b41cd6	3	1	0	decompiled/ffffffffbfc0c170_FUN_ffffffffbfc0c170.c	assembly/ffffffffbfc0c170_FUN_ffffffffbfc0c170.asm
ffffffffbfc0c188	FUN_ffffffffbfc0c188	bootloader-support	292	DEFAULT	success	e20e91135f49ddbcb99453d27ff85a2476825dd71cca352fecac6d93a7e23573	2	2	0	decompiled/ffffffffbfc0c188_FUN_ffffffffbfc0c188.c	assembly/ffffffffbfc0c188_FUN_ffffffffbfc0c188.asm
ffffffffbfc0c2ac	FUN_ffffffffbfc0c2ac	bootloader-support	60	DEFAULT	success	c0cbb7c40145da5c3d96e0e84a174d5a2b8fcd50fa9ffd593f83b694438bb831	1	1	0	decompiled/ffffffffbfc0c2ac_FUN_ffffffffbfc0c2ac.c	assembly/ffffffffbfc0c2ac_FUN_ffffffffbfc0c2ac.asm
ffffffffbfc0c2e8	FUN_ffffffffbfc0c2e8	bootloader-support	64	DEFAULT	success	0ae6e4a82c21169fb139c283d8c5fe3c9d6d2f3e83ddc284d6875fbb51052874	1	1	0	decompiled/ffffffffbfc0c2e8_FUN_ffffffffbfc0c2e8.c	assembly/ffffffffbfc0c2e8_FUN_ffffffffbfc0c2e8.asm
ffffffffbfc0c328	thunk_FUN_ffffffffbfc0e978	bootloader-support	24	DEFAULT	success	4fa124837ab7a875284bfc940aa2f2416da9831b5286e06da472067e78b5b8fd	2	1	0	decompiled/ffffffffbfc0c328_thunk_FUN_ffffffffbfc0e978.c	assembly/ffffffffbfc0c328_thunk_FUN_ffffffffbfc0e978.asm
ffffffffbfc0c340	FUN_ffffffffbfc0c340	bootloader-support	336	DEFAULT	success	7b92937cfd98dd7e7fadd6f507659a5a838e8748b7b99a333893409da34b6c5f	1	5	1	decompiled/ffffffffbfc0c340_FUN_ffffffffbfc0c340.c	assembly/ffffffffbfc0c340_FUN_ffffffffbfc0c340.asm
ffffffffbfc0c490	FUN_ffffffffbfc0c490	bootloader-support	1364	DEFAULT	success	43a1ce1a09e01daa2020d0c98c9620b682d448d9f1c39d541c6cfb14a5d86bb5	0	10	5	decompiled/ffffffffbfc0c490_FUN_ffffffffbfc0c490.c	assembly/ffffffffbfc0c490_FUN_ffffffffbfc0c490.asm
ffffffffbfc0c9e4	FUN_ffffffffbfc0c9e4	bootloader-support	448	DEFAULT	success	e94b0f4e187806d75ccb974bc7c77a461e2824fbe24ed72b505d582a462c3552	1	7	0	decompiled/ffffffffbfc0c9e4_FUN_ffffffffbfc0c9e4.c	assembly/ffffffffbfc0c9e4_FUN_ffffffffbfc0c9e4.asm
ffffffffbfc0cba4	FUN_ffffffffbfc0cba4	bootloader-support	100	DEFAULT	success	946b32076a5eb0134274b3f555984e01704721ea0740c1a6da13af127c18506c	9	1	1	decompiled/ffffffffbfc0cba4_FUN_ffffffffbfc0cba4.c	assembly/ffffffffbfc0cba4_FUN_ffffffffbfc0cba4.asm
ffffffffbfc0cc08	FUN_ffffffffbfc0cc08	bootloader-support	344	DEFAULT	success	edf73627605629d27b0ec26098a952a004c665e198e9f548a7df80cade72a625	5	5	1	decompiled/ffffffffbfc0cc08_FUN_ffffffffbfc0cc08.c	assembly/ffffffffbfc0cc08_FUN_ffffffffbfc0cc08.asm
ffffffffbfc0cd60	FUN_ffffffffbfc0cd60	bootloader-support	192	DEFAULT	success	ff942c46eb904b523a36415b7d29080155b36374b1d47c733ebb31558e9c9ec2	1	2	1	decompiled/ffffffffbfc0cd60_FUN_ffffffffbfc0cd60.c	assembly/ffffffffbfc0cd60_FUN_ffffffffbfc0cd60.asm
ffffffffbfc0ce20	FUN_ffffffffbfc0ce20	bootloader-support	84	DEFAULT	success	e567ad4fce7b12b2b4e2248c680a5b9c4c93abb225dc923ff4db4a8285a148e6	1	3	0	decompiled/ffffffffbfc0ce20_FUN_ffffffffbfc0ce20.c	assembly/ffffffffbfc0ce20_FUN_ffffffffbfc0ce20.asm
ffffffffbfc0ce74	FUN_ffffffffbfc0ce74	bootloader-support	1432	DEFAULT	success	5428e7b6fa81659247cd3fd36536583711fae8a13e55018456f79401534679ad	1	21	10	decompiled/ffffffffbfc0ce74_FUN_ffffffffbfc0ce74.c	assembly/ffffffffbfc0ce74_FUN_ffffffffbfc0ce74.asm
ffffffffbfc0d590	FUN_ffffffffbfc0d590	bootloader-support	180	DEFAULT	success	f31fab0615489b2aae882acb954ac7306560dfb8c26d770396369dfffa79239a	3	2	0	decompiled/ffffffffbfc0d590_FUN_ffffffffbfc0d590.c	assembly/ffffffffbfc0d590_FUN_ffffffffbfc0d590.asm
ffffffffbfc0d7c0	FUN_ffffffffbfc0d7c0	bootloader-support	676	DEFAULT	success	6c5b8c17ef32b9d42a4de1ab342547a3ee9266317bb66dc8b6362c3674353a71	3	12	9	decompiled/ffffffffbfc0d7c0_FUN_ffffffffbfc0d7c0.c	assembly/ffffffffbfc0d7c0_FUN_ffffffffbfc0d7c0.asm
ffffffffbfc0da64	FUN_ffffffffbfc0da64	bootloader-support	152	DEFAULT	success	af1e0994e67af6fed0c3bb463948eae92b282f8e2abb20cbc4448a03500cd800	0	4	1	decompiled/ffffffffbfc0da64_FUN_ffffffffbfc0da64.c	assembly/ffffffffbfc0da64_FUN_ffffffffbfc0da64.asm
ffffffffbfc0dafc	FUN_ffffffffbfc0dafc	bootloader-support	1000	DEFAULT	success	147813783f22948b088bac70cd5166c81893a187b6b5ffeb48658f1f21f4de96	0	9	7	decompiled/ffffffffbfc0dafc_FUN_ffffffffbfc0dafc.c	assembly/ffffffffbfc0dafc_FUN_ffffffffbfc0dafc.asm
ffffffffbfc0def0	FUN_ffffffffbfc0def0	bootloader-support	100	DEFAULT	success	c09a35810092889a2f3399e81a4b88ae79a6a18ca7dcb4210c533b3f29e2db5b	1	1	1	decompiled/ffffffffbfc0def0_FUN_ffffffffbfc0def0.c	assembly/ffffffffbfc0def0_FUN_ffffffffbfc0def0.asm
ffffffffbfc0df54	FUN_ffffffffbfc0df54	bootloader-support	24	DEFAULT	success	8e6ea24bd33570c1034a6c720fb8c78c5019250239457b90ad2ec0c93a6ba3b8	1	1	0	decompiled/ffffffffbfc0df54_FUN_ffffffffbfc0df54.c	assembly/ffffffffbfc0df54_FUN_ffffffffbfc0df54.asm
ffffffffbfc0df6c	FUN_ffffffffbfc0df6c	bootloader-support	60	DEFAULT	success	09c5de8deeb2727127d37d31dd26aaa98dc644c8ddde79cc1f4c556fdc095064	1	1	0	decompiled/ffffffffbfc0df6c_FUN_ffffffffbfc0df6c.c	assembly/ffffffffbfc0df6c_FUN_ffffffffbfc0df6c.asm
ffffffffbfc0dfa8	FUN_ffffffffbfc0dfa8	bootloader-support	64	DEFAULT	success	71509b338131b771e1702b825af6c94284ea1b743f24ff8c289cf267a05ea563	1	1	0	decompiled/ffffffffbfc0dfa8_FUN_ffffffffbfc0dfa8.c	assembly/ffffffffbfc0dfa8_FUN_ffffffffbfc0dfa8.asm
ffffffffbfc0dfe8	FUN_ffffffffbfc0dfe8	bootloader-support	636	DEFAULT	success	3aa0e0175a8bbf49c11f31ae5946a95b1753634617d607dfb138b9c2f663bf29	2	11	1	decompiled/ffffffffbfc0dfe8_FUN_ffffffffbfc0dfe8.c	assembly/ffffffffbfc0dfe8_FUN_ffffffffbfc0dfe8.asm
ffffffffbfc0e264	FUN_ffffffffbfc0e264	bootloader-support	900	DEFAULT	success	75590a80087ae3f7798939d228ff9aaace6577b06a5c7624876c78d0ecce24af	0	10	5	decompiled/ffffffffbfc0e264_FUN_ffffffffbfc0e264.c	assembly/ffffffffbfc0e264_FUN_ffffffffbfc0e264.asm
ffffffffbfc0e5e8	FUN_ffffffffbfc0e5e8	bootloader-support	160	DEFAULT	success	4d5069e29eb2c62de7e4462609253a67de97b6ce165cff0b7ac1cfcff107bbe4	0	4	1	decompiled/ffffffffbfc0e5e8_FUN_ffffffffbfc0e5e8.c	assembly/ffffffffbfc0e5e8_FUN_ffffffffbfc0e5e8.asm
ffffffffbfc0e690	FUN_ffffffffbfc0e690	bootloader-support	296	DEFAULT	success	6449e395e62937dbf47065bf9f7257ea1bbac50d134a4ffd5c08c3af4a6c4de1	2	6	1	decompiled/ffffffffbfc0e690_FUN_ffffffffbfc0e690.c	assembly/ffffffffbfc0e690_FUN_ffffffffbfc0e690.asm
ffffffffbfc0e7b8	FUN_ffffffffbfc0e7b8	bootloader-support	104	DEFAULT	success	2554e31d5649ee5d4daa6c8253f4de449bfa288b0c7113b757218efe230e08b3	0	2	1	decompiled/ffffffffbfc0e7b8_FUN_ffffffffbfc0e7b8.c	assembly/ffffffffbfc0e7b8_FUN_ffffffffbfc0e7b8.asm
ffffffffbfc0e820	FUN_ffffffffbfc0e820	bootloader-support	136	DEFAULT	success	74aa6366915db3f3dca785b8a2d8970e67f56326b91004ac41dcecfdeaceca73	0	4	1	decompiled/ffffffffbfc0e820_FUN_ffffffffbfc0e820.c	assembly/ffffffffbfc0e820_FUN_ffffffffbfc0e820.asm
ffffffffbfc0e8b0	FUN_ffffffffbfc0e8b0	bootloader-support	24	DEFAULT	success	a27c007799ee93ec1b9dad73e1d6fb9bc413401d6e350e19f20b701703372236	1	0	0	decompiled/ffffffffbfc0e8b0_FUN_ffffffffbfc0e8b0.c	assembly/ffffffffbfc0e8b0_FUN_ffffffffbfc0e8b0.asm
ffffffffbfc0e8c8	FUN_ffffffffbfc0e8c8	bootloader-support	88	DEFAULT	success	79c4bda37ef8c65cc65f86cc13a50a5019e9bae31f4777ec827926dc74168b3e	1	0	0	decompiled/ffffffffbfc0e8c8_FUN_ffffffffbfc0e8c8.c	assembly/ffffffffbfc0e8c8_FUN_ffffffffbfc0e8c8.asm
ffffffffbfc0e920	FUN_ffffffffbfc0e920	bootloader-support	88	DEFAULT	success	c1b2fb69a99df499d119f224aa41fc5efc5f6ddf6f3d070ea20e99102c01e8b4	4	0	0	decompiled/ffffffffbfc0e920_FUN_ffffffffbfc0e920.c	assembly/ffffffffbfc0e920_FUN_ffffffffbfc0e920.asm
ffffffffbfc0e978	FUN_ffffffffbfc0e978	bootloader-support	56	DEFAULT	success	49a5b64e0b219d3ca2c3f608366709fd8c32f01a5a7ce7b28d0f8c9049181bec	4	0	0	decompiled/ffffffffbfc0e978_FUN_ffffffffbfc0e978.c	assembly/ffffffffbfc0e978_FUN_ffffffffbfc0e978.asm
ffffffffbfc0e9b0	FUN_ffffffffbfc0e9b0	bootloader-support	48	DEFAULT	success	2abae31682bf7de3166eb096f4cad8909054cc0d10df262ea26ff8a7e0b97ba8	1	0	0	decompiled/ffffffffbfc0e9b0_FUN_ffffffffbfc0e9b0.c	assembly/ffffffffbfc0e9b0_FUN_ffffffffbfc0e9b0.asm
ffffffffbfc0e9e0	FUN_ffffffffbfc0e9e0	bootloader-support	44	DEFAULT	success	19b996aebd0d7ecd621c5ef8427e5b99168986e0c39742f7bb578c1317b3b676	1	0	1	decompiled/ffffffffbfc0e9e0_FUN_ffffffffbfc0e9e0.c	assembly/ffffffffbfc0e9e0_FUN_ffffffffbfc0e9e0.asm
ffffffffbfc0ea0c	FUN_ffffffffbfc0ea0c	bootloader-support	216	DEFAULT	success	b3a5504c6274bf0f42e855745b2b66ec10a81ffb7f8284c357546f740000ee6c	3	2	2	decompiled/ffffffffbfc0ea0c_FUN_ffffffffbfc0ea0c.c	assembly/ffffffffbfc0ea0c_FUN_ffffffffbfc0ea0c.asm
ffffffffbfc0eae4	FUN_ffffffffbfc0eae4	bootloader-support	168	DEFAULT	success	585925c02eccca07bda1e65a18093c4859ad09fbcda9f08240ad453f8d6f8315	2	2	1	decompiled/ffffffffbfc0eae4_FUN_ffffffffbfc0eae4.c	assembly/ffffffffbfc0eae4_FUN_ffffffffbfc0eae4.asm
ffffffffbfc0eb8c	FUN_ffffffffbfc0eb8c	bootloader-support	160	DEFAULT	success	5c6b8d217c8c43103f51b59f14b24ac303a912e53bd5e0af2eb5b276e9050607	4	1	0	decompiled/ffffffffbfc0eb8c_FUN_ffffffffbfc0eb8c.c	assembly/ffffffffbfc0eb8c_FUN_ffffffffbfc0eb8c.asm
ffffffffbfc0ec2c	FUN_ffffffffbfc0ec2c	bootloader-support	184	DEFAULT	success	ac98b9b0b1c5869df1a722b8e1020dbcae18b98fc81ded2c845790e7e7038868	1	2	1	decompiled/ffffffffbfc0ec2c_FUN_ffffffffbfc0ec2c.c	assembly/ffffffffbfc0ec2c_FUN_ffffffffbfc0ec2c.asm
ffffffffbfc0ece4	FUN_ffffffffbfc0ece4	bootloader-support	44	DEFAULT	success	7888e8c7e358a65268b43804f90aa1f3363540ea5a6ac8b704824553f012ba61	1	0	1	decompiled/ffffffffbfc0ece4_FUN_ffffffffbfc0ece4.c	assembly/ffffffffbfc0ece4_FUN_ffffffffbfc0ece4.asm
ffffffffbfc0ed10	FUN_ffffffffbfc0ed10	bootloader-support	52	DEFAULT	success	ec2b983cdc4199fd577da712592f2a3268fd60463a2d8b854c097b45ad92e71a	1	1	0	decompiled/ffffffffbfc0ed10_FUN_ffffffffbfc0ed10.c	assembly/ffffffffbfc0ed10_FUN_ffffffffbfc0ed10.asm
ffffffffbfc0ed44	FUN_ffffffffbfc0ed44	bootloader-support	216	DEFAULT	success	e7d411062f613905d2ad3dd66f4d20fb4f2eadb43eda71039f799ba64a908707	1	2	0	decompiled/ffffffffbfc0ed44_FUN_ffffffffbfc0ed44.c	assembly/ffffffffbfc0ed44_FUN_ffffffffbfc0ed44.asm
ffffffffbfc0ee1c	FUN_ffffffffbfc0ee1c	bootloader-support	800	DEFAULT	success	cae643652d58f826f21014774f7d2a99f1d2731621867e179121bcc0643c391f	1	10	11	decompiled/ffffffffbfc0ee1c_FUN_ffffffffbfc0ee1c.c	assembly/ffffffffbfc0ee1c_FUN_ffffffffbfc0ee1c.asm
ffffffffbfc0f15c	FUN_ffffffffbfc0f15c	bootloader-support	28	DEFAULT	success	9be9682113c3c5495609367eb9ffaec377ee829f47d36bc5e0bc1b8333a414f9	1	0	0	decompiled/ffffffffbfc0f15c_FUN_ffffffffbfc0f15c.c	assembly/ffffffffbfc0f15c_FUN_ffffffffbfc0f15c.asm
ffffffffbfc0f178	FUN_ffffffffbfc0f178	bootloader-support	96	DEFAULT	success	cacfbd261400d6252e1e3937a6e98caf2fd636bf758fe5f993ee00e6d761575c	1	0	0	decompiled/ffffffffbfc0f178_FUN_ffffffffbfc0f178.c	assembly/ffffffffbfc0f178_FUN_ffffffffbfc0f178.asm
ffffffffbfc0f1f4	FUN_ffffffffbfc0f1f4	bootloader-support	136	DEFAULT	success	54623e6157639080712ae8018118aca03bf3309252ca130758f0b71201e57ede	1	0	0	decompiled/ffffffffbfc0f1f4_FUN_ffffffffbfc0f1f4.c	assembly/ffffffffbfc0f1f4_FUN_ffffffffbfc0f1f4.asm
ffffffffbfc0f27c	FUN_ffffffffbfc0f27c	bootloader-support	68	DEFAULT	success	cb21c814d9098a9ea694a84aa81dca91f0bf13fca173098e116e9d5662be2bbd	4	0	0	decompiled/ffffffffbfc0f27c_FUN_ffffffffbfc0f27c.c	assembly/ffffffffbfc0f27c_FUN_ffffffffbfc0f27c.asm
ffffffffbfc0f2c0	FUN_ffffffffbfc0f2c0	bootloader-support	240	DEFAULT	success	0a62cc12599d1f6a8e66faa12623b1e18faabd684bd0ceb133b20ac153a8dd99	5	1	0	decompiled/ffffffffbfc0f2c0_FUN_ffffffffbfc0f2c0.c	assembly/ffffffffbfc0f2c0_FUN_ffffffffbfc0f2c0.asm
ffffffffbfc0f3b0	FUN_ffffffffbfc0f3b0	bootloader-support	180	DEFAULT	success	913450149ebdfebd78271251855cd59ecfd922c6ccdf266cdd7d1da676f3cd71	2	1	0	decompiled/ffffffffbfc0f3b0_FUN_ffffffffbfc0f3b0.c	assembly/ffffffffbfc0f3b0_FUN_ffffffffbfc0f3b0.asm
ffffffffbfc0f464	FUN_ffffffffbfc0f464	bootloader-support	240	DEFAULT	success	b204aba677786d30367962d131ff0ebe3a1a0b5709b458db19916cfa1f48ef68	2	1	0	decompiled/ffffffffbfc0f464_FUN_ffffffffbfc0f464.c	assembly/ffffffffbfc0f464_FUN_ffffffffbfc0f464.asm
ffffffffbfc0f554	FUN_ffffffffbfc0f554	bootloader-support	236	DEFAULT	success	9359999157651150c03ca02839e812193db9e4c6ed6af78ab3aa36591f62e2aa	2	1	0	decompiled/ffffffffbfc0f554_FUN_ffffffffbfc0f554.c	assembly/ffffffffbfc0f554_FUN_ffffffffbfc0f554.asm
ffffffffbfc0f640	rv220w_flash_probe_ids	nor-environment	264	USER_DEFINED	success	6e8c4fb0923a44da6d06320fa08fb37a4f1799f9e7ef514fa8dac294ec11bf77	1	1	1	decompiled/ffffffffbfc0f640_rv220w_flash_probe_ids.c	assembly/ffffffffbfc0f640_rv220w_flash_probe_ids.asm
ffffffffbfc0f748	FUN_ffffffffbfc0f748	bootloader-support	988	DEFAULT	success	49865bfcdd477929e147019b995193189a8dbb7de407af4a9701f1ce889c2607	2	8	7	decompiled/ffffffffbfc0f748_FUN_ffffffffbfc0f748.c	assembly/ffffffffbfc0f748_FUN_ffffffffbfc0f748.asm
ffffffffbfc0fb24	FUN_ffffffffbfc0fb24	bootloader-support	1096	DEFAULT	success	a802d02b55ec44b77887be259c5ee9f13eb413732f2c26e6f71f9f5e3f5fb06f	1	6	4	decompiled/ffffffffbfc0fb24_FUN_ffffffffbfc0fb24.c	assembly/ffffffffbfc0fb24_FUN_ffffffffbfc0fb24.asm
ffffffffbfc0ff6c	FUN_ffffffffbfc0ff6c	bootloader-support	680	DEFAULT	success	4ad9ddaa205d1b538f07e915921ee09505ae5c1443a874f539d0bf89373e8d07	1	4	2	decompiled/ffffffffbfc0ff6c_FUN_ffffffffbfc0ff6c.c	assembly/ffffffffbfc0ff6c_FUN_ffffffffbfc0ff6c.asm
ffffffffbfc10214	FUN_ffffffffbfc10214	bootloader-support	360	DEFAULT	success	0061088dac44fb0d10f03a583f4913125f15783e0096bc56e1720f31e806b638	1	2	8	decompiled/ffffffffbfc10214_FUN_ffffffffbfc10214.c	assembly/ffffffffbfc10214_FUN_ffffffffbfc10214.asm
ffffffffbfc1037c	FUN_ffffffffbfc1037c	bootloader-support	656	DEFAULT	success	67c4e8305379becbf0ec82d042528eaf247f36351753e98f24e3c116a7d133c0	2	6	6	decompiled/ffffffffbfc1037c_FUN_ffffffffbfc1037c.c	assembly/ffffffffbfc1037c_FUN_ffffffffbfc1037c.asm
ffffffffbfc1060c	FUN_ffffffffbfc1060c	bootloader-support	2224	DEFAULT	success	79fcec4a3190189d32b22d12a1c012d75b008a16470ac3282578ee33ca26f955	1	7	3	decompiled/ffffffffbfc1060c_FUN_ffffffffbfc1060c.c	assembly/ffffffffbfc1060c_FUN_ffffffffbfc1060c.asm
ffffffffbfc10f00	FUN_ffffffffbfc10f00	bootloader-support	12	DEFAULT	success	11604fe5bfafdc1384d0bfde5b135fbfc1ec176f942e5c57b4828e14c639667e	4	0	0	decompiled/ffffffffbfc10f00_FUN_ffffffffbfc10f00.c	assembly/ffffffffbfc10f00_FUN_ffffffffbfc10f00.asm
ffffffffbfc10f0c	FUN_ffffffffbfc10f0c	bootloader-support	12	DEFAULT	success	e698f7f7c9e18c1569cf31c793be0c5328646b8cca65a3d5aa2d99892909307e	3	0	0	decompiled/ffffffffbfc10f0c_FUN_ffffffffbfc10f0c.c	assembly/ffffffffbfc10f0c_FUN_ffffffffbfc10f0c.asm
ffffffffbfc10f18	FUN_ffffffffbfc10f18	bootloader-support	12	DEFAULT	success	75d9d70e9c7d731f7d9000dd017aa11785bf0a7318587aa9e991dcabee9c7cd6	7	0	0	decompiled/ffffffffbfc10f18_FUN_ffffffffbfc10f18.c	assembly/ffffffffbfc10f18_FUN_ffffffffbfc10f18.asm
ffffffffbfc10f24	FUN_ffffffffbfc10f24	bootloader-support	12	DEFAULT	success	8a806611c4860c151e786922ed260a890ae6101a8c0787dd617a9a9f8a3f4564	5	0	0	decompiled/ffffffffbfc10f24_FUN_ffffffffbfc10f24.c	assembly/ffffffffbfc10f24_FUN_ffffffffbfc10f24.asm
ffffffffbfc10f30	FUN_ffffffffbfc10f30	bootloader-support	12	DEFAULT	success	17d15d48c5a24113d4058b2bd3ffa1b672acc409756a77985fb8847f4e32f93b	2	0	0	decompiled/ffffffffbfc10f30_FUN_ffffffffbfc10f30.c	assembly/ffffffffbfc10f30_FUN_ffffffffbfc10f30.asm
ffffffffbfc10f3c	FUN_ffffffffbfc10f3c	bootloader-support	12	DEFAULT	success	411f5f56352c7bd95f2a9d8a85a5185c9466dc05fc78d4858633112c41326fe0	6	0	0	decompiled/ffffffffbfc10f3c_FUN_ffffffffbfc10f3c.c	assembly/ffffffffbfc10f3c_FUN_ffffffffbfc10f3c.asm
ffffffffbfc10fb8	FUN_ffffffffbfc10fb8	bootloader-support	116	DEFAULT	success	44266032bd87215b65bd975c8cf760b8a6538d8e792042bcb3e072d99a1b2920	0	1	0	decompiled/ffffffffbfc10fb8_FUN_ffffffffbfc10fb8.c	assembly/ffffffffbfc10fb8_FUN_ffffffffbfc10fb8.asm
ffffffffbfc1102c	FUN_ffffffffbfc1102c	bootloader-support	196	DEFAULT	success	41fdebdf48c9882ee08fbfa27a2b16fda27077802091dbf12192e5e269083afe	0	2	0	decompiled/ffffffffbfc1102c_FUN_ffffffffbfc1102c.c	assembly/ffffffffbfc1102c_FUN_ffffffffbfc1102c.asm
ffffffffbfc110f0	FUN_ffffffffbfc110f0	bootloader-support	196	DEFAULT	success	52f96c514deb5de6e8bd7864693db304991606597e8baea9284729b99473529d	0	2	0	decompiled/ffffffffbfc110f0_FUN_ffffffffbfc110f0.c	assembly/ffffffffbfc110f0_FUN_ffffffffbfc110f0.asm
ffffffffbfc111b4	FUN_ffffffffbfc111b4	bootloader-support	52	DEFAULT	success	99a98069b02322a184f050adc09e84fd3e8150664f3e3c6328196b56fda093c5	1	0	0	decompiled/ffffffffbfc111b4_FUN_ffffffffbfc111b4.c	assembly/ffffffffbfc111b4_FUN_ffffffffbfc111b4.asm
ffffffffbfc111e8	FUN_ffffffffbfc111e8	bootloader-support	76	DEFAULT	success	97f964a05e31d37d40644a25d4f31a7117c5bda413ab0128c7ae28b17742d8f5	6	0	0	decompiled/ffffffffbfc111e8_FUN_ffffffffbfc111e8.c	assembly/ffffffffbfc111e8_FUN_ffffffffbfc111e8.asm
ffffffffbfc11234	FUN_ffffffffbfc11234	bootloader-support	148	DEFAULT	success	02a567f525c8d903a4059d7a6979c750af167be9e02fc161dbd1cdb7b4b720aa	1	2	0	decompiled/ffffffffbfc11234_FUN_ffffffffbfc11234.c	assembly/ffffffffbfc11234_FUN_ffffffffbfc11234.asm
ffffffffbfc112c8	FUN_ffffffffbfc112c8	bootloader-support	148	DEFAULT	success	ac8afba4e20f59ed335e0cc1c3e36317a30a52d649dffa14da871736ed7ead61	1	2	0	decompiled/ffffffffbfc112c8_FUN_ffffffffbfc112c8.c	assembly/ffffffffbfc112c8_FUN_ffffffffbfc112c8.asm
ffffffffbfc1135c	FUN_ffffffffbfc1135c	bootloader-support	148	DEFAULT	success	bd48572669bd6bf662540ccf3ee94e658e44263cae31dc72188498ec7962e8d5	1	2	0	decompiled/ffffffffbfc1135c_FUN_ffffffffbfc1135c.c	assembly/ffffffffbfc1135c_FUN_ffffffffbfc1135c.asm
ffffffffbfc113f0	FUN_ffffffffbfc113f0	bootloader-support	148	DEFAULT	success	84bcbc2153f13c523192ff94442a15e896dd30223008dcd05e849c30e7c9a642	3	2	0	decompiled/ffffffffbfc113f0_FUN_ffffffffbfc113f0.c	assembly/ffffffffbfc113f0_FUN_ffffffffbfc113f0.asm
ffffffffbfc11484	FUN_ffffffffbfc11484	bootloader-support	152	DEFAULT	success	e74350edb11e240e8d93d996e6f1d5fe76679f3864b3be7a5dd0a45079f7d1ec	6	2	0	decompiled/ffffffffbfc11484_FUN_ffffffffbfc11484.c	assembly/ffffffffbfc11484_FUN_ffffffffbfc11484.asm
ffffffffbfc1151c	FUN_ffffffffbfc1151c	bootloader-support	152	DEFAULT	success	800b7c88b9c0592fa0deb9ca55657146c46e811ef1f2abb776942761b3d3713a	6	2	0	decompiled/ffffffffbfc1151c_FUN_ffffffffbfc1151c.c	assembly/ffffffffbfc1151c_FUN_ffffffffbfc1151c.asm
ffffffffbfc115b4	FUN_ffffffffbfc115b4	bootloader-support	336	DEFAULT	success	22ffd98f0b946286bd0d6b3df2cf9215194a303029e93b1230785090a640455e	0	2	0	decompiled/ffffffffbfc115b4_FUN_ffffffffbfc115b4.c	assembly/ffffffffbfc115b4_FUN_ffffffffbfc115b4.asm
ffffffffbfc11730	FUN_ffffffffbfc11730	bootloader-support	480	DEFAULT	success	0a13efcb77664091965890dc416fae05b6412b0fc0cd53110ae826c210158269	0	4	0	decompiled/ffffffffbfc11730_FUN_ffffffffbfc11730.c	assembly/ffffffffbfc11730_FUN_ffffffffbfc11730.asm
ffffffffbfc1193c	FUN_ffffffffbfc1193c	bootloader-support	164	DEFAULT	success	8f9e94d9158b90fb4164cacee9a46fe8c24a332b540f5f898eb02b878f18bb17	1	0	0	decompiled/ffffffffbfc1193c_FUN_ffffffffbfc1193c.c	assembly/ffffffffbfc1193c_FUN_ffffffffbfc1193c.asm
ffffffffbfc11a0c	thunk_FUN_ffffffffbfc2cc7c	bootloader-support	24	DEFAULT	success	85c432b01b44465e18df3e648afba24b8502d141de21b36dc343a645f8185bd1	1	1	0	decompiled/ffffffffbfc11a0c_thunk_FUN_ffffffffbfc2cc7c.c	assembly/ffffffffbfc11a0c_thunk_FUN_ffffffffbfc2cc7c.asm
ffffffffbfc11b04	FUN_ffffffffbfc11b04	bootloader-support	216	DEFAULT	success	8cb0f74863838227e919ba26d730e8d3128d75964386562c30641e73685ca387	0	1	3	decompiled/ffffffffbfc11b04_FUN_ffffffffbfc11b04.c	assembly/ffffffffbfc11b04_FUN_ffffffffbfc11b04.asm
ffffffffbfc11bdc	FUN_ffffffffbfc11bdc	bootloader-support	524	DEFAULT	success	302b80d5a59e821812931261f0657688a9da32dc5450a0dbebc9a34b4d0fbfc3	2	6	1	decompiled/ffffffffbfc11bdc_FUN_ffffffffbfc11bdc.c	assembly/ffffffffbfc11bdc_FUN_ffffffffbfc11bdc.asm
ffffffffbfc11de8	FUN_ffffffffbfc11de8	bootloader-support	72	DEFAULT	success	63066e545d4aec86a225265ff003e37f59c2ae318d201a18ee37dec96292606f	1	2	0	decompiled/ffffffffbfc11de8_FUN_ffffffffbfc11de8.c	assembly/ffffffffbfc11de8_FUN_ffffffffbfc11de8.asm
ffffffffbfc11e3c	FUN_ffffffffbfc11e3c	bootloader-support	28	DEFAULT	success	0cd92be29c7d1ccbae283057981811b2d0529bfefdcc27e61e88173da9a152a9	1	0	0	decompiled/ffffffffbfc11e3c_FUN_ffffffffbfc11e3c.c	assembly/ffffffffbfc11e3c_FUN_ffffffffbfc11e3c.asm
ffffffffbfc11e58	FUN_ffffffffbfc11e58	bootloader-support	88	DEFAULT	success	e799b3f8b802f0feffd5a764bdcd02d032853614a661b8241175e5372507abee	1	0	0	decompiled/ffffffffbfc11e58_FUN_ffffffffbfc11e58.c	assembly/ffffffffbfc11e58_FUN_ffffffffbfc11e58.asm
ffffffffbfc11eb0	FUN_ffffffffbfc11eb0	bootloader-support	512	DEFAULT	success	6d94336e09dbe56e7f80f7febf4005a0680b06d87fefd615ed2fbafc11040c7a	1	4	0	decompiled/ffffffffbfc11eb0_FUN_ffffffffbfc11eb0.c	assembly/ffffffffbfc11eb0_FUN_ffffffffbfc11eb0.asm
ffffffffbfc120c4	FUN_ffffffffbfc120c4	bootloader-support	860	DEFAULT	success	9976256e3e9e82eff2342e52328a28dd95924cf702271cee710b06a434edda89	1	9	0	decompiled/ffffffffbfc120c4_FUN_ffffffffbfc120c4.c	assembly/ffffffffbfc120c4_FUN_ffffffffbfc120c4.asm
ffffffffbfc12420	FUN_ffffffffbfc12420	bootloader-support	208	DEFAULT	success	251f21b3c1171bd69f66447bb6caa86d240afff1a0c6e6b1ee8169e8b59d6bb4	1	0	0	decompiled/ffffffffbfc12420_FUN_ffffffffbfc12420.c	assembly/ffffffffbfc12420_FUN_ffffffffbfc12420.asm
ffffffffbfc124f0	FUN_ffffffffbfc124f0	bootloader-support	600	DEFAULT	success	0196d21cb1ee180a5ae4d432785dbd5f210b5e959958db2777ef8876854a085f	1	2	0	decompiled/ffffffffbfc124f0_FUN_ffffffffbfc124f0.c	assembly/ffffffffbfc124f0_FUN_ffffffffbfc124f0.asm
ffffffffbfc12748	FUN_ffffffffbfc12748	bootloader-support	896	DEFAULT	success	5a5d5678f5019d53cf96a77bfc8c825c83cf5158a598a1a6951d025a0e7db33d	3	7	5	decompiled/ffffffffbfc12748_FUN_ffffffffbfc12748.c	assembly/ffffffffbfc12748_FUN_ffffffffbfc12748.asm
ffffffffbfc12ac8	do_run	u-boot-command	216	USER_DEFINED	success	0dce20b7b46e3a482749df8b82ba5cde76cf7656d5890d8689065185d9069d39	0	3	2	decompiled/ffffffffbfc12ac8_do_run.c	assembly/ffffffffbfc12ac8_do_run.asm
ffffffffbfc12ba0	FUN_ffffffffbfc12ba0	bootloader-support	344	DEFAULT	success	392bf037d710766596cf37af6db6d529b247ae268539109392f6073f858d5c63	1	2	0	decompiled/ffffffffbfc12ba0_FUN_ffffffffbfc12ba0.c	assembly/ffffffffbfc12ba0_FUN_ffffffffbfc12ba0.asm
ffffffffbfc12cf8	FUN_ffffffffbfc12cf8	bootloader-support	724	DEFAULT	success	c4c714966c1dd2f732749670452488d8f40cf0c9db3f3294c72876f80138bfa0	4	7	0	decompiled/ffffffffbfc12cf8_FUN_ffffffffbfc12cf8.c	assembly/ffffffffbfc12cf8_FUN_ffffffffbfc12cf8.asm
ffffffffbfc12fcc	rv220w_read_base_mac_from_flash	nor-environment	184	USER_DEFINED	success	9cd7fcfe8658ed150a50667289fbaaac02aef5be9f01747fa8118efa0e6a0360	1	3	1	decompiled/ffffffffbfc12fcc_rv220w_read_base_mac_from_flash.c	assembly/ffffffffbfc12fcc_rv220w_read_base_mac_from_flash.asm
ffffffffbfc13084	rv220w_board_late_init	board-init	236	USER_DEFINED	success	0a70e7356cc3aee9f5a63b58a71e161dd64a206f9caacb2892f1ed3f6e0849e5	1	10	6	decompiled/ffffffffbfc13084_rv220w_board_late_init.c	assembly/ffffffffbfc13084_rv220w_board_late_init.asm
ffffffffbfc13170	FUN_ffffffffbfc13170	bootloader-support	672	DEFAULT	success	5cdc57c3536b4977ca20d3ec2cb7391fcfe1dd90d3fd2ecef86be55e991a8cdd	1	14	3	decompiled/ffffffffbfc13170_FUN_ffffffffbfc13170.c	assembly/ffffffffbfc13170_FUN_ffffffffbfc13170.asm
ffffffffbfc13410	FUN_ffffffffbfc13410	bootloader-support	516	DEFAULT	success	22c79673c8f23dfa734c1a308502b782e9458f45b6894acc922b3d0e5ace5dcb	1	7	6	decompiled/ffffffffbfc13410_FUN_ffffffffbfc13410.c	assembly/ffffffffbfc13410_FUN_ffffffffbfc13410.asm
ffffffffbfc13614	do_autoscr	u-boot-command	120	USER_DEFINED	success	428ed1f37f4e42e3f09ca86fb1b8f76333ce6237989eb8d9d49a5abb42a62e7a	0	3	1	decompiled/ffffffffbfc13614_do_autoscr.c	assembly/ffffffffbfc13614_do_autoscr.asm
ffffffffbfc13690	do_go	u-boot-command	208	USER_DEFINED	success	d440b1ce195eb99d71257caba7dc7e77545146c0f20659e797f0debc6311845c	3	2	3	decompiled/ffffffffbfc13690_do_go.c	assembly/ffffffffbfc13690_do_go.asm
ffffffffbfc13760	FUN_ffffffffbfc13760	bootloader-support	588	DEFAULT	success	fe694cad752ef64dcce9725adf773c57a1970536cf9983fb8e85fd54b45ab432	0	5	7	decompiled/ffffffffbfc13760_FUN_ffffffffbfc13760.c	assembly/ffffffffbfc13760_FUN_ffffffffbfc13760.asm
ffffffffbfc139e8	do_gunzip	u-boot-command	512	USER_DEFINED	success	633e5123e3f287244526c61e643e398169029594f28db587751e3e685cb79863	0	0	0	decompiled/ffffffffbfc139e8_do_gunzip.c	assembly/ffffffffbfc139e8_do_gunzip.asm
ffffffffbfc13bf0	do_coninfo	u-boot-command	276	USER_DEFINED	success	74e16841f46778cb7bea0643ba85bff7ec7cc646e225ebe3ee2a2b8e1a0ec4c7	0	4	4	decompiled/ffffffffbfc13bf0_do_coninfo.c	assembly/ffffffffbfc13bf0_do_coninfo.asm
ffffffffbfc13d10	FUN_ffffffffbfc13d10	bootloader-support	216	DEFAULT	success	cdd6bc886c191010baab57a8c439d821ee4760d02802e4f9f219d45b3cf5a023	3	1	5	decompiled/ffffffffbfc13d10_FUN_ffffffffbfc13d10.c	assembly/ffffffffbfc13d10_FUN_ffffffffbfc13d10.asm
ffffffffbfc13de8	FUN_ffffffffbfc13de8	bootloader-support	420	DEFAULT	success	2466999e576c3fab459c7628c60f7a2f7158a51d921a3c49e45967c1c940e479	2	4	2	decompiled/ffffffffbfc13de8_FUN_ffffffffbfc13de8.c	assembly/ffffffffbfc13de8_FUN_ffffffffbfc13de8.asm
ffffffffbfc13f8c	FUN_ffffffffbfc13f8c	bootloader-support	352	DEFAULT	success	dd63e4bbe15c4e143bd90f22ccab01e686c26c16b7d34f7d83aaf7fb99fe4b78	3	4	2	decompiled/ffffffffbfc13f8c_FUN_ffffffffbfc13f8c.c	assembly/ffffffffbfc13f8c_FUN_ffffffffbfc13f8c.asm
ffffffffbfc140ec	do_bootelf	u-boot-command	252	USER_DEFINED	success	721569a47dca82d2771418a510353f183b09f6870a1d9130fd6ce0513580ebc1	0	5	2	decompiled/ffffffffbfc140ec_do_bootelf.c	assembly/ffffffffbfc140ec_do_bootelf.asm
ffffffffbfc141f0	FUN_ffffffffbfc141f0	bootloader-support	96	DEFAULT	success	c053e33540c4aabb1e277ed0b5dde8071c58336722b16386a3cc95bb3f82b941	2	0	0	decompiled/ffffffffbfc141f0_FUN_ffffffffbfc141f0.c	assembly/ffffffffbfc141f0_FUN_ffffffffbfc141f0.asm
ffffffffbfc14250	FUN_ffffffffbfc14250	bootloader-support	364	DEFAULT	success	44447ce58632e90e3efe46f8eb12b00c240c5f2ca36d523d01c5239dbc296fd9	2	1	3	decompiled/ffffffffbfc14250_FUN_ffffffffbfc14250.c	assembly/ffffffffbfc14250_FUN_ffffffffbfc14250.asm
ffffffffbfc143bc	FUN_ffffffffbfc143bc	bootloader-support	276	DEFAULT	success	e8da836dbb1494609d46da513a3da9d1dd52dafa44bbd688af329ef826148c0e	2	3	2	decompiled/ffffffffbfc143bc_FUN_ffffffffbfc143bc.c	assembly/ffffffffbfc143bc_FUN_ffffffffbfc143bc.asm
ffffffffbfc144d0	FUN_ffffffffbfc144d0	bootloader-support	440	DEFAULT	success	172b09b67c0fc3ff16706add681e41b3d1fffdfb182c16cf2e12969d71930aac	2	2	0	decompiled/ffffffffbfc144d0_FUN_ffffffffbfc144d0.c	assembly/ffffffffbfc144d0_FUN_ffffffffbfc144d0.asm
ffffffffbfc14688	FUN_ffffffffbfc14688	bootloader-support	220	DEFAULT	success	07847e999bb4a307dddfb0a0db481fa749a1a5517a4da9f6858d29ad9664e2bf	2	4	2	decompiled/ffffffffbfc14688_FUN_ffffffffbfc14688.c	assembly/ffffffffbfc14688_FUN_ffffffffbfc14688.asm
ffffffffbfc14764	do_flinfo	u-boot-command	168	USER_DEFINED	success	ab90b05dce8cea68d8356fbe898c4f7274db1e02a75a50de9b17cd71942c49a1	0	3	2	decompiled/ffffffffbfc14764_do_flinfo.c	assembly/ffffffffbfc14764_do_flinfo.asm
ffffffffbfc1480c	do_erase	u-boot-command	632	USER_DEFINED	success	7604f5f28f46b9f82132edbd7ef69430cd9921ccb5aca9d169055287d8795176	0	7	5	decompiled/ffffffffbfc1480c_do_erase.c	assembly/ffffffffbfc1480c_do_erase.asm
ffffffffbfc14a84	do_protect	u-boot-command	1012	USER_DEFINED	success	21d85a543ef7f9a5ae6ae9b9c769740b56c27e8da682b5e65e2f9b344305bed2	0	6	6	decompiled/ffffffffbfc14a84_do_protect.c	assembly/ffffffffbfc14a84_do_protect.asm
ffffffffbfc14e80	FUN_ffffffffbfc14e80	bootloader-support	60	DEFAULT	success	4e648c8b6405c2799c43f126eaace1e40db63b0db3ab1bbc539343c10513851b	1	1	0	decompiled/ffffffffbfc14e80_FUN_ffffffffbfc14e80.c	assembly/ffffffffbfc14e80_FUN_ffffffffbfc14e80.asm
ffffffffbfc14ebc	FUN_ffffffffbfc14ebc	bootloader-support	124	DEFAULT	success	e33d0fc2ce76cc6b6d1aa19835690ab7a7cbf79619e9e0ce10c38d9ddf455a7b	1	1	0	decompiled/ffffffffbfc14ebc_FUN_ffffffffbfc14ebc.c	assembly/ffffffffbfc14ebc_FUN_ffffffffbfc14ebc.asm
ffffffffbfc14f38	FUN_ffffffffbfc14f38	bootloader-support	500	DEFAULT	success	1aa299f457f27d37e99c0f1e7b7c2bf917ab95e8b123a28c293aa1e487049b8a	1	4	1	decompiled/ffffffffbfc14f38_FUN_ffffffffbfc14f38.c	assembly/ffffffffbfc14f38_FUN_ffffffffbfc14f38.asm
ffffffffbfc15194	do_itest	u-boot-command	228	USER_DEFINED	success	1284a1855d0f4e1e94adbf2251d7c011f4c2e21e097bafd5cdea226885c99993	0	4	2	decompiled/ffffffffbfc15194_do_itest.c	assembly/ffffffffbfc15194_do_itest.asm
ffffffffbfc15280	FUN_ffffffffbfc15280	bootloader-support	60	DEFAULT	success	e829cb755b77da0c2654b2fecec02ba7d706401f05abea9c0ef274eaa52d23d2	2	0	0	decompiled/ffffffffbfc15280_FUN_ffffffffbfc15280.c	assembly/ffffffffbfc15280_FUN_ffffffffbfc15280.asm
ffffffffbfc152bc	FUN_ffffffffbfc152bc	bootloader-support	40	DEFAULT	success	a54eee86c845170aaf0eebc5f22bb32e03e3d55d3664494d9e1e93e1d291465c	3	0	0	decompiled/ffffffffbfc152bc_FUN_ffffffffbfc152bc.c	assembly/ffffffffbfc152bc_FUN_ffffffffbfc152bc.asm
ffffffffbfc1535c	FUN_ffffffffbfc1535c	bootloader-support	32	DEFAULT	success	4713dffcc7f0d83e55c58c878cacb97e15c30a511333dced3ec9b74a863eb305	1	0	0	decompiled/ffffffffbfc1535c_FUN_ffffffffbfc1535c.c	assembly/ffffffffbfc1535c_FUN_ffffffffbfc1535c.asm
ffffffffbfc1541c	FUN_ffffffffbfc1541c	bootloader-support	160	DEFAULT	success	7d68c06d98bc5cfef65e8500cdd5c0dacc83ea908f26adb2366289e489543f16	1	1	0	decompiled/ffffffffbfc1541c_FUN_ffffffffbfc1541c.c	assembly/ffffffffbfc1541c_FUN_ffffffffbfc1541c.asm
ffffffffbfc154bc	FUN_ffffffffbfc154bc	bootloader-support	84	DEFAULT	success	25cf679be0fb34bc35f1c66b3b4cf99a5dca9d88f8d48daacc8c4b1b4e7e4609	1	1	0	decompiled/ffffffffbfc154bc_FUN_ffffffffbfc154bc.c	assembly/ffffffffbfc154bc_FUN_ffffffffbfc154bc.asm
ffffffffbfc15510	FUN_ffffffffbfc15510	bootloader-support	92	DEFAULT	success	ad1e429f853725dfbecbe32752e6a4e3b47b33205e943a4d8c275310c3d6be09	3	2	0	decompiled/ffffffffbfc15510_FUN_ffffffffbfc15510.c	assembly/ffffffffbfc15510_FUN_ffffffffbfc15510.asm
ffffffffbfc1556c	FUN_ffffffffbfc1556c	bootloader-support	612	DEFAULT	success	038d8a2a2151415908bf7a0e351f1f95641feb7b82d60bff54d299cd8cfe04dd	1	3	0	decompiled/ffffffffbfc1556c_FUN_ffffffffbfc1556c.c	assembly/ffffffffbfc1556c_FUN_ffffffffbfc1556c.asm
ffffffffbfc157d0	FUN_ffffffffbfc157d0	bootloader-support	140	DEFAULT	success	312d3c5146939bf084a0bde1de86f6edda7166d2f71d9d927d916e479a0a88e7	1	2	0	decompiled/ffffffffbfc157d0_FUN_ffffffffbfc157d0.c	assembly/ffffffffbfc157d0_FUN_ffffffffbfc157d0.asm
ffffffffbfc1585c	FUN_ffffffffbfc1585c	bootloader-support	140	DEFAULT	success	57ea53afcca63376381c9721ec82db09f3c6de7ff68f7b91d4a12533be214b83	1	2	0	decompiled/ffffffffbfc1585c_FUN_ffffffffbfc1585c.c	assembly/ffffffffbfc1585c_FUN_ffffffffbfc1585c.asm
ffffffffbfc158e8	do_loadb	u-boot-command	1660	USER_DEFINED	success	eef8c5016e2227c374eb6c7fad47a4b41d755ca7b40102be0ab35bf59bddfac3	0	16	10	decompiled/ffffffffbfc158e8_do_loadb.c	assembly/ffffffffbfc158e8_do_loadb.asm
ffffffffbfc15f64	do_loads	u-boot-command	992	USER_DEFINED	success	45a043e61dbcaced0ef380d7fbfa3ed912fe2cb294684170c981a1189b2ca27d	0	16	8	decompiled/ffffffffbfc15f64_do_loads.c	assembly/ffffffffbfc15f64_do_loads.asm
ffffffffbfc16350	FUN_ffffffffbfc16350	bootloader-support	48	DEFAULT	success	076c8b1aa26d0d5b8aca9dfc0f3e56ed5555f333e1c3550a8f1ce41e8538e048	2	0	0	decompiled/ffffffffbfc16350_FUN_ffffffffbfc16350.c	assembly/ffffffffbfc16350_FUN_ffffffffbfc16350.asm
ffffffffbfc16380	do_read_cmp	u-boot-command	216	USER_DEFINED	success	eb5f91c57d78664c94e2da729f872359173c7f67859ec2bbd32d12336aa53b19	0	2	3	decompiled/ffffffffbfc16380_do_read_cmp.c	assembly/ffffffffbfc16380_do_read_cmp.asm
ffffffffbfc16458	do_gpio	gpio-button	340	USER_DEFINED	success	0a6d73f20e5ee2606f346b78481bfaeb8cbc4c71bf2b3339bfc3577ac905072b	0	6	5	decompiled/ffffffffbfc16458_do_gpio.c	assembly/ffffffffbfc16458_do_gpio.asm
ffffffffbfc165ac	do_freeprint	u-boot-command	56	USER_DEFINED	success	77fad9c83cf505c46e263e1624a2a612d78ec96bad27118b52a8d64df7cda2f8	0	1	0	decompiled/ffffffffbfc165ac_do_freeprint.c	assembly/ffffffffbfc165ac_do_freeprint.asm
ffffffffbfc165e4	do_namedprint	u-boot-command	56	USER_DEFINED	success	25a84bafde7e8fd14512ff38ade73cf82e04f38bbab1a79a942d9295d0e30dae	0	1	0	decompiled/ffffffffbfc165e4_do_namedprint.c	assembly/ffffffffbfc165e4_do_namedprint.asm
ffffffffbfc1661c	do_namedfree	u-boot-command	148	USER_DEFINED	success	cc18a8fda13c6a2ad09f8e4affda18f7e5aeab48afbfc711e12793c35c92ff1f	0	2	2	decompiled/ffffffffbfc1661c_do_namedfree.c	assembly/ffffffffbfc1661c_do_namedfree.asm
ffffffffbfc166b0	do_base	u-boot-command	136	USER_DEFINED	success	867cf9b7a09b10ebdd8f50b8248397134858f01c3e025d19a8ebdcbeaa34c958	0	2	2	decompiled/ffffffffbfc166b0_do_base.c	assembly/ffffffffbfc166b0_do_base.asm
ffffffffbfc16738	do_write64l	u-boot-command	196	USER_DEFINED	success	a5195e6fe82a8dd5f6c99a2fde1610035ac3cfdb8634cdc149c8ce12800e95ff	0	2	2	decompiled/ffffffffbfc16738_do_write64l.c	assembly/ffffffffbfc16738_do_write64l.asm
ffffffffbfc167fc	do_write64s	u-boot-command	200	USER_DEFINED	success	7ac811e7d779fa883e40cd6d473966fe0948b7d1d0a223c9c04d4746f666cbc0	0	2	2	decompiled/ffffffffbfc167fc_do_write64s.c	assembly/ffffffffbfc167fc_do_write64s.asm
ffffffffbfc168c4	do_write64	u-boot-command	212	USER_DEFINED	success	e6462ea8c3b65234377de36dd1a507c2680be6db899cbfbb1396edd96270e0a8	0	3	2	decompiled/ffffffffbfc168c4_do_write64.c	assembly/ffffffffbfc168c4_do_write64.asm
ffffffffbfc16998	do_read64s	u-boot-command	180	USER_DEFINED	success	a7e4115acf559cebbe85ba2eb17ab3741ed727d8d8fd1dd2d2041da29cfc9c44	0	2	3	decompiled/ffffffffbfc16998_do_read64s.c	assembly/ffffffffbfc16998_do_read64s.asm
ffffffffbfc16a4c	do_read64l	u-boot-command	176	USER_DEFINED	success	73eba569995023012cb19e52a4abc7635f0dc1d5996bcc43261c687063a55008	0	2	3	decompiled/ffffffffbfc16a4c_do_read64l.c	assembly/ffffffffbfc16a4c_do_read64l.asm
ffffffffbfc16afc	do_read64	u-boot-command	176	USER_DEFINED	success	f75a0e844cea2cae6fd0051ca3b8a25ed55af6ca043a0e89bd2a236463a7e369	0	2	3	decompiled/ffffffffbfc16afc_do_read64.c	assembly/ffffffffbfc16afc_do_read64.asm
ffffffffbfc16bac	do_namedalloc	u-boot-command	420	USER_DEFINED	success	4e2f70ac1fc5c80a8efbc8914bc0ae4a5e1e3f76a65d5b6837988c3c4db5c70f	0	5	6	decompiled/ffffffffbfc16bac_do_namedalloc.c	assembly/ffffffffbfc16bac_do_namedalloc.asm
ffffffffbfc16d50	do_crc32	u-boot-command	292	USER_DEFINED	success	3bc2477d73c9d44bd0bf5f68b04e8cce9aa331da7d972720bb0cccd2ea6eda47	0	3	2	decompiled/ffffffffbfc16d50_do_crc32.c	assembly/ffffffffbfc16d50_do_crc32.asm
ffffffffbfc16e74	do_mtest	u-boot-command	508	USER_DEFINED	success	373bfca3bf45c67c929c65d5336cb0fd7b0242c664e0e33fda96792434909ac1	0	6	3	decompiled/ffffffffbfc16e74_do_mtest.c	assembly/ffffffffbfc16e74_do_mtest.asm
ffffffffbfc17070	do_write64b	u-boot-command	208	USER_DEFINED	success	a0dcda50b0d4ce795edba95b2a74bcdd485e0cfa658a203cfc19273bcb765bf8	0	3	2	decompiled/ffffffffbfc17070_do_write64b.c	assembly/ffffffffbfc17070_do_write64b.asm
ffffffffbfc17140	do_read64b	u-boot-command	188	USER_DEFINED	success	be2e48f9282a6d00aad99d72169cd850e474fe501924bd2298211e2ea8475987	0	3	3	decompiled/ffffffffbfc17140_do_read64b.c	assembly/ffffffffbfc17140_do_read64b.asm
ffffffffbfc171fc	FUN_ffffffffbfc171fc	bootloader-support	220	DEFAULT	success	a03fcfd5f7a326c878d3d368ac296d554df6e0987539282dc4c78406c28ddbcc	6	1	0	decompiled/ffffffffbfc171fc_FUN_ffffffffbfc171fc.c	assembly/ffffffffbfc171fc_FUN_ffffffffbfc171fc.asm
ffffffffbfc172d8	FUN_ffffffffbfc172d8	bootloader-support	436	DEFAULT	success	d9ed6503bc8b9a4d2fb51f12b8091c1b37ccfc37c56acc27cf56d0c8818afc82	0	3	5	decompiled/ffffffffbfc172d8_FUN_ffffffffbfc172d8.c	assembly/ffffffffbfc172d8_FUN_ffffffffbfc172d8.asm
ffffffffbfc174cc	do_nm	u-boot-command	44	USER_DEFINED	success	e4d510a9aa1fad4178fc06ce5365e4c18205d0860e9e41164b1f8eac5711fe12	0	0	0	decompiled/ffffffffbfc174cc_do_nm.c	assembly/ffffffffbfc174cc_do_nm.asm
ffffffffbfc174f8	do_mm	u-boot-command	44	USER_DEFINED	success	0a011e71d73ed328b64ce9cd66aae724bfbbaf1e43f31c2bc20be121d2826425	0	0	0	decompiled/ffffffffbfc174f8_do_mm.c	assembly/ffffffffbfc174f8_do_mm.asm
ffffffffbfc17524	do_loop	u-boot-command	392	USER_DEFINED	success	23a489d5b9ab76e72aed3fe73c273f672642c561da380e8e1e06e756c28787e5	0	0	0	decompiled/ffffffffbfc17524_do_loop.c	assembly/ffffffffbfc17524_do_loop.asm
ffffffffbfc176ac	do_cp	u-boot-command	476	USER_DEFINED	success	81d9758f00ac205dc49d90c9d35ff9cc99af4534b4a6653d45d704f67967bad8	0	8	4	decompiled/ffffffffbfc176ac_do_cp.c	assembly/ffffffffbfc176ac_do_cp.asm
ffffffffbfc17888	do_cmp	u-boot-command	540	USER_DEFINED	success	7b46ebd7554a8ba7fadd2882a18ca6a3f09c87745773ec949b0c653358914bfa	0	3	6	decompiled/ffffffffbfc17888_do_cmp.c	assembly/ffffffffbfc17888_do_cmp.asm
ffffffffbfc17aa4	do_mw	u-boot-command	484	USER_DEFINED	success	9bbb612825963dfe6e8a51fae0fb5da66d227c941ffcfef835c2748838407d7a	0	5	1	decompiled/ffffffffbfc17aa4_do_mw.c	assembly/ffffffffbfc17aa4_do_mw.asm
ffffffffbfc17c88	do_md	u-boot-command	672	USER_DEFINED	success	5f87a62ea34951583af63a24056e0c587ba1a79758da499a647fa1ff9b324fe0	0	6	5	decompiled/ffffffffbfc17c88_do_md.c	assembly/ffffffffbfc17c88_do_md.asm
ffffffffbfc17f30	FUN_ffffffffbfc17f30	bootloader-support	844	DEFAULT	success	3464b27bf09a2d314ead365d22a1c243d3e2b0c078ab303fda728e55844f2cf9	1	1	15	decompiled/ffffffffbfc17f30_FUN_ffffffffbfc17f30.c	assembly/ffffffffbfc17f30_FUN_ffffffffbfc17f30.asm
ffffffffbfc1827c	rv220w_bcm53115_set_enabled	bcm53115-switch	208	USER_DEFINED	success	5447ff085266a16c2e6fe5ed532f9d532f2e9ca9f0e6493e81db0e409e0597e8	5	3	3	decompiled/ffffffffbfc1827c_rv220w_bcm53115_set_enabled.c	assembly/ffffffffbfc1827c_rv220w_bcm53115_set_enabled.asm
ffffffffbfc1834c	FUN_ffffffffbfc1834c	bootloader-support	144	DEFAULT	success	2715b1dc7190e9ebdf4407ae896dccf72dede6a6eb16987d15bd43d4f782c63a	0	1	0	decompiled/ffffffffbfc1834c_FUN_ffffffffbfc1834c.c	assembly/ffffffffbfc1834c_FUN_ffffffffbfc1834c.asm
ffffffffbfc183dc	do_bcmmii	bcm53115-switch	384	USER_DEFINED	success	512f898eee2f45397650e221d2a52ccdfeb2892edd10bf9bed4325e7e24749a1	0	4	4	decompiled/ffffffffbfc183dc_do_bcmmii.c	assembly/ffffffffbfc183dc_do_bcmmii.asm
ffffffffbfc1855c	do_mii	mdio	1076	USER_DEFINED	success	ec93aaba0ef7dcd646d6b13207be7e49cb352c5cede2377e13ef03e134b85bf5	0	7	8	decompiled/ffffffffbfc1855c_do_mii.c	assembly/ffffffffbfc1855c_do_mii.asm
ffffffffbfc18a00	do_sleep	u-boot-command	188	USER_DEFINED	success	228991e9bb1ce70545e8303ee46d2546e439bc22383261213c7cf46aaf9fdd5e	0	4	1	decompiled/ffffffffbfc18a00_do_sleep.c	assembly/ffffffffbfc18a00_do_sleep.asm
ffffffffbfc18ac0	FUN_ffffffffbfc18ac0	bootloader-support	652	DEFAULT	success	691feb6527489cf2f5f5f1e6a063b43ebc0eef14a1f8e6a605e71a47d6ee23ad	1	7	9	decompiled/ffffffffbfc18ac0_FUN_ffffffffbfc18ac0.c	assembly/ffffffffbfc18ac0_FUN_ffffffffbfc18ac0.asm
ffffffffbfc18d4c	do_rarpboot	u-boot-command	32	USER_DEFINED	success	c3ebc6a21aba3fa24e391f265c3d9f1c6e6767d42c44bbf76043be7a5a7acd59	0	0	0	decompiled/ffffffffbfc18d4c_do_rarpboot.c	assembly/ffffffffbfc18d4c_do_rarpboot.asm
ffffffffbfc18d6c	do_bootp	u-boot-command	32	USER_DEFINED	success	2527bef1f3c57bf32f51428ebcf581e4c3cede9c1c3de9f39aed52ce89179a2d	0	0	0	decompiled/ffffffffbfc18d6c_do_bootp.c	assembly/ffffffffbfc18d6c_do_bootp.asm
ffffffffbfc18d8c	do_tftpboot	u-boot-command	132	USER_DEFINED	success	329f131fb60696fdc2e712f437a1545c6a27669d9429496515062f9d94ac60c3	0	3	0	decompiled/ffffffffbfc18d8c_do_tftpboot.c	assembly/ffffffffbfc18d8c_do_tftpboot.asm
ffffffffbfc18e10	FUN_ffffffffbfc18e10	bootloader-support	180	DEFAULT	success	7e37d25d0f175a398958de2bed2ca18fcdf603c4e9426f4df617dcee9f3746b5	4	1	0	decompiled/ffffffffbfc18e10_FUN_ffffffffbfc18e10.c	assembly/ffffffffbfc18e10_FUN_ffffffffbfc18e10.asm
ffffffffbfc18ec4	FUN_ffffffffbfc18ec4	bootloader-support	272	DEFAULT	success	f39aefbc27c364498dd9c61aa24cbb066504060ef05653f8f9d052f4f587911d	1	2	0	decompiled/ffffffffbfc18ec4_FUN_ffffffffbfc18ec4.c	assembly/ffffffffbfc18ec4_FUN_ffffffffbfc18ec4.asm
ffffffffbfc18fd4	do_saveenv	nor-environment	80	USER_DEFINED	success	620edc44a035d5c03b61ddac18174bb9e738cdd047163477afa9f36b5c14a8e2	0	2	2	decompiled/ffffffffbfc18fd4_do_saveenv.c	assembly/ffffffffbfc18fd4_do_saveenv.asm
ffffffffbfc19024	FUN_ffffffffbfc19024	bootloader-support	208	DEFAULT	success	2be488c20f30a92fd550f627eb2fce76ce56c100f435993954cd93df5ffaaaf2	28	3	0	decompiled/ffffffffbfc19024_FUN_ffffffffbfc19024.c	assembly/ffffffffbfc19024_FUN_ffffffffbfc19024.asm
ffffffffbfc190f4	FUN_ffffffffbfc190f4	bootloader-support	2048	DEFAULT	success	2ffb9eac508c0b01d8bc1d1261ed27017c9477c2952d79b3d5e160a08946683d	3	13	15	decompiled/ffffffffbfc190f4_FUN_ffffffffbfc190f4.c	assembly/ffffffffbfc190f4_FUN_ffffffffbfc190f4.asm
ffffffffbfc198f4	do_askenv	nor-environment	508	USER_DEFINED	success	d5b091381137040f29e062541aede286670401657c7cd3ec400fcaf5969c4285	0	6	2	decompiled/ffffffffbfc198f4_do_askenv.c	assembly/ffffffffbfc198f4_do_askenv.asm
ffffffffbfc19af0	do_setenv	nor-environment	112	USER_DEFINED	success	ac07d761c4aff8eef4fc91d7288fcde00f01ba58f73e70338ee51249376139de	0	2	1	decompiled/ffffffffbfc19af0_do_setenv.c	assembly/ffffffffbfc19af0_do_setenv.asm
ffffffffbfc19b60	FUN_ffffffffbfc19b60	bootloader-support	84	DEFAULT	success	4903ea159d8dc7625f539bd9988e5e76fe3f8f13ed5ab94dd39c99b14f1c0e9b	12	1	0	decompiled/ffffffffbfc19b60_FUN_ffffffffbfc19b60.c	assembly/ffffffffbfc19b60_FUN_ffffffffbfc19b60.asm
ffffffffbfc19bb4	do_printenv	nor-environment	576	USER_DEFINED	success	61a55b7e01994da852b3fe205cbeaedc2a177ef53a6329e6106ac2d6b2adb824	0	6	3	decompiled/ffffffffbfc19bb4_do_printenv.c	assembly/ffffffffbfc19bb4_do_printenv.asm
ffffffffbfc19e00	FUN_ffffffffbfc19e00	bootloader-support	3352	DEFAULT	success	65b38a84d15032958d5957ac8d283b7e0fcdd934237e12bbf7e28671e3cfe0b2	2	4	78	decompiled/ffffffffbfc19e00_FUN_ffffffffbfc19e00.c	assembly/ffffffffbfc19e00_FUN_ffffffffbfc19e00.asm
ffffffffbfc1ab18	FUN_ffffffffbfc1ab18	bootloader-support	548	DEFAULT	success	1e9a9242996eb534f0e57c594aeaf21efba6537b23003e87fdaea9a1384e6613	1	3	18	decompiled/ffffffffbfc1ab18_FUN_ffffffffbfc1ab18.c	assembly/ffffffffbfc1ab18_FUN_ffffffffbfc1ab18.asm
ffffffffbfc1ad3c	FUN_ffffffffbfc1ad3c	bootloader-support	384	DEFAULT	success	9c3e0c95cbeb63382d03d93e09daa3cc13981588bf792c3ad1bf15077707a4e5	1	5	5	decompiled/ffffffffbfc1ad3c_FUN_ffffffffbfc1ad3c.c	assembly/ffffffffbfc1ad3c_FUN_ffffffffbfc1ad3c.asm
ffffffffbfc1aebc	FUN_ffffffffbfc1aebc	bootloader-support	112	DEFAULT	success	2e3965982ba0fd19915c8cc5c933a6eede0842fac63f1047ed38cad5834e3ce2	2	3	0	decompiled/ffffffffbfc1aebc_FUN_ffffffffbfc1aebc.c	assembly/ffffffffbfc1aebc_FUN_ffffffffbfc1aebc.asm
ffffffffbfc1af2c	FUN_ffffffffbfc1af2c	bootloader-support	408	DEFAULT	success	8a67e100157ab6732e33a13e1fb3894cbf29452f73760870dacd181279f5f782	1	7	4	decompiled/ffffffffbfc1af2c_FUN_ffffffffbfc1af2c.c	assembly/ffffffffbfc1af2c_FUN_ffffffffbfc1af2c.asm
ffffffffbfc1b0c4	do_pci	u-boot-command	1260	USER_DEFINED	success	c74da4501b9cbb58439a9fffb2566a41892742d5b2a8350c235c5ffefd2e0d93	0	13	6	decompiled/ffffffffbfc1b0c4_do_pci.c	assembly/ffffffffbfc1b0c4_do_pci.asm
ffffffffbfc1b5c0	FUN_ffffffffbfc1b5c0	bootloader-support	372	DEFAULT	success	21089a839d1eb092290afa01143241c66bbbf573c3656f25fd7a975ef090110d	2	0	0	decompiled/ffffffffbfc1b5c0_FUN_ffffffffbfc1b5c0.c	assembly/ffffffffbfc1b5c0_FUN_ffffffffbfc1b5c0.asm
ffffffffbfc1b738	FUN_ffffffffbfc1b738	bootloader-support	100	DEFAULT	success	58862f125f62fc91d81df9b0d2320beb487e21ca91dc0dfd405e47d4552832fd	2	0	0	decompiled/ffffffffbfc1b738_FUN_ffffffffbfc1b738.c	assembly/ffffffffbfc1b738_FUN_ffffffffbfc1b738.asm
ffffffffbfc1b79c	FUN_ffffffffbfc1b79c	bootloader-support	192	DEFAULT	success	0f3b3f87c806518ed63409bc6ec48d11bdb10c876f4f9920f59dfe9238e794bc	1	0	0	decompiled/ffffffffbfc1b79c_FUN_ffffffffbfc1b79c.c	assembly/ffffffffbfc1b79c_FUN_ffffffffbfc1b79c.asm
ffffffffbfc1b85c	FUN_ffffffffbfc1b85c	bootloader-support	116	DEFAULT	success	a90b62f9a96544bb5e7427a222dcf0e4a319c90379603780b1b6b3b7ee3a52cf	0	0	0	decompiled/ffffffffbfc1b85c_FUN_ffffffffbfc1b85c.c	assembly/ffffffffbfc1b85c_FUN_ffffffffbfc1b85c.asm
ffffffffbfc1b8d0	FUN_ffffffffbfc1b8d0	bootloader-support	108	DEFAULT	success	a3ad532c357819a0d7e9089bf5a9bdc5962f9e6850ec599f94d0ff52ee12a920	1	0	0	decompiled/ffffffffbfc1b8d0_FUN_ffffffffbfc1b8d0.c	assembly/ffffffffbfc1b8d0_FUN_ffffffffbfc1b8d0.asm
ffffffffbfc1b93c	FUN_ffffffffbfc1b93c	bootloader-support	84	DEFAULT	success	f84e5b00de3851e7ddb7a7fe859e718ed6c0c81ee4dc2100343b71b67bd3cd9b	1	0	0	decompiled/ffffffffbfc1b93c_FUN_ffffffffbfc1b93c.c	assembly/ffffffffbfc1b93c_FUN_ffffffffbfc1b93c.asm
ffffffffbfc1b990	FUN_ffffffffbfc1b990	bootloader-support	68	DEFAULT	success	b56db83c867288de259f354538ae506683c141b83cf79e17932406df72328867	1	0	0	decompiled/ffffffffbfc1b990_FUN_ffffffffbfc1b990.c	assembly/ffffffffbfc1b990_FUN_ffffffffbfc1b990.asm
ffffffffbfc1b9d4	FUN_ffffffffbfc1b9d4	bootloader-support	640	DEFAULT	success	6787772e7837a9186c2dce257e7ba3d1e72d2f7a2ebfe4eb68373173aaf1a32f	0	11	0	decompiled/ffffffffbfc1b9d4_FUN_ffffffffbfc1b9d4.c	assembly/ffffffffbfc1b9d4_FUN_ffffffffbfc1b9d4.asm
ffffffffbfc1bc74	FUN_ffffffffbfc1bc74	bootloader-support	384	DEFAULT	success	7f18f92d19c1baa1ca3e8381bf48341d030e553adb2a3e9f94cac95246c87502	1	2	1	decompiled/ffffffffbfc1bc74_FUN_ffffffffbfc1bc74.c	assembly/ffffffffbfc1bc74_FUN_ffffffffbfc1bc74.asm
ffffffffbfc1bdf4	FUN_ffffffffbfc1bdf4	bootloader-support	248	DEFAULT	success	266242fb3cca105d895ab429320fc3ecba3f4fc2ec65e6cf3f217271cee7afdb	0	1	5	decompiled/ffffffffbfc1bdf4_FUN_ffffffffbfc1bdf4.c	assembly/ffffffffbfc1bdf4_FUN_ffffffffbfc1bdf4.asm
ffffffffbfc1beec	FUN_ffffffffbfc1beec	bootloader-support	128	DEFAULT	success	1c87475ab1d9e919915e3cf44a77729206f28da5d8e1dfb568c06839a5e5a2d2	1	1	0	decompiled/ffffffffbfc1beec_FUN_ffffffffbfc1beec.c	assembly/ffffffffbfc1beec_FUN_ffffffffbfc1beec.asm
ffffffffbfc1bf6c	FUN_ffffffffbfc1bf6c	bootloader-support	944	DEFAULT	success	4d283c214d7382d9f632d2dc68f8118da296d45096bc127db971189f35e06cd4	1	4	4	decompiled/ffffffffbfc1bf6c_FUN_ffffffffbfc1bf6c.c	assembly/ffffffffbfc1bf6c_FUN_ffffffffbfc1bf6c.asm
ffffffffbfc1c31c	FUN_ffffffffbfc1c31c	bootloader-support	64	DEFAULT	success	50a6b392cde119371ea477767530e973175c4b69fec5cb72e5fd23c7af17693f	0	1	0	decompiled/ffffffffbfc1c31c_FUN_ffffffffbfc1c31c.c	assembly/ffffffffbfc1c31c_FUN_ffffffffbfc1c31c.asm
ffffffffbfc1c35c	do_bootoct	u-boot-command	4600	USER_DEFINED	success	2114852a667a44af650a566da718b5fe93500f1a07a4fb3cc708f42c1b99c914	0	27	35	decompiled/ffffffffbfc1c35c_do_bootoct.c	assembly/ffffffffbfc1c35c_do_bootoct.asm
ffffffffbfc1d580	FUN_ffffffffbfc1d580	bootloader-support	372	DEFAULT	success	795a600ac2276a2208b73da70576cee99190ae91b83cb473a47ed68f5216daf9	1	0	0	decompiled/ffffffffbfc1d580_FUN_ffffffffbfc1d580.c	assembly/ffffffffbfc1d580_FUN_ffffffffbfc1d580.asm
ffffffffbfc1d700	FUN_ffffffffbfc1d700	bootloader-support	332	DEFAULT	success	2e558aae06707f35c77b722f08ec7404cea06a6d3b17eb9d5bb09b358c06b2ac	2	10	0	decompiled/ffffffffbfc1d700_FUN_ffffffffbfc1d700.c	assembly/ffffffffbfc1d700_FUN_ffffffffbfc1d700.asm
ffffffffbfc1d84c	FUN_ffffffffbfc1d84c	bootloader-support	120	DEFAULT	success	a7725ba12872802c6ac453630e0116357130f9236d99691bf78050d662037218	0	2	0	decompiled/ffffffffbfc1d84c_FUN_ffffffffbfc1d84c.c	assembly/ffffffffbfc1d84c_FUN_ffffffffbfc1d84c.asm
ffffffffbfc1d8c4	FUN_ffffffffbfc1d8c4	bootloader-support	140	DEFAULT	success	5bb49b6c2eef3e3db31a67a35e007b4f8f270aa0a54662fbbfd593ac7254c9af	0	3	0	decompiled/ffffffffbfc1d8c4_FUN_ffffffffbfc1d8c4.c	assembly/ffffffffbfc1d8c4_FUN_ffffffffbfc1d8c4.asm
ffffffffbfc1d950	do_bootoctlinux	u-boot-command	1860	USER_DEFINED	success	6fbfb102622e5e4d3338d2f448f2bafb0f8051e115f35981f4aacb93ba08f0f6	0	17	22	decompiled/ffffffffbfc1d950_do_bootoctlinux.c	assembly/ffffffffbfc1d950_do_bootoctlinux.asm
ffffffffbfc1e094	do_bootoctelf	u-boot-command	1588	USER_DEFINED	success	7ab9934ae80fe33e082a2c619b0f415ab6a5353413270dd1c082d123c93dc54b	0	15	19	decompiled/ffffffffbfc1e094_do_bootoctelf.c	assembly/ffffffffbfc1e094_do_bootoctelf.asm
ffffffffbfc1e6d0	do_echo	u-boot-command	224	USER_DEFINED	success	52fdcb222224fbaffd159d5ebe74c36df304f68c62b2751196c8adba51ac034a	0	1	0	decompiled/ffffffffbfc1e6d0_do_echo.c	assembly/ffffffffbfc1e6d0_do_echo.asm
ffffffffbfc1e7b0	FUN_ffffffffbfc1e7b0	bootloader-support	240	DEFAULT	success	81ef2898aa760357d7a5aae643727119e35880801f6a43d0f3f97af23c5c842d	4	2	1	decompiled/ffffffffbfc1e7b0_FUN_ffffffffbfc1e7b0.c	assembly/ffffffffbfc1e7b0_FUN_ffffffffbfc1e7b0.asm
ffffffffbfc1e8a0	FUN_ffffffffbfc1e8a0	bootloader-support	72	DEFAULT	success	ba1b5a7e0e1f4aa0e7d045758df734ce29c61547ed893aba94f3098ce7387436	1	1	0	decompiled/ffffffffbfc1e8a0_FUN_ffffffffbfc1e8a0.c	assembly/ffffffffbfc1e8a0_FUN_ffffffffbfc1e8a0.asm
ffffffffbfc1e8e8	FUN_ffffffffbfc1e8e8	bootloader-support	112	DEFAULT	success	c3f0318d8bc5a8565dc3aeeae1797c034d6957e1f6822ac70647003d5174f709	1	1	2	decompiled/ffffffffbfc1e8e8_FUN_ffffffffbfc1e8e8.c	assembly/ffffffffbfc1e8e8_FUN_ffffffffbfc1e8e8.asm
ffffffffbfc1e958	FUN_ffffffffbfc1e958	bootloader-support	1476	DEFAULT	success	00c92cc4abd94e01d598988571ca953e62bf83f5c3b31fc6cacc470c43cc300d	1	7	4	decompiled/ffffffffbfc1e958_FUN_ffffffffbfc1e958.c	assembly/ffffffffbfc1e958_FUN_ffffffffbfc1e958.asm
ffffffffbfc1ef1c	do_version	u-boot-command	64	USER_DEFINED	success	fb0d00538c0df44b8e8b2c393b82449d127578e2ed8a5d9c04fff7fcba5b88ec	0	1	1	decompiled/ffffffffbfc1ef1c_do_version.c	assembly/ffffffffbfc1ef1c_do_version.asm
ffffffffbfc1ef5c	FUN_ffffffffbfc1ef5c	bootloader-support	156	DEFAULT	success	ed5d5035071a5c4a39335f0fed3639571a18a0cb95010b6d8f2107e3d803ac75	0	0	0	decompiled/ffffffffbfc1ef5c_FUN_ffffffffbfc1ef5c.c	assembly/ffffffffbfc1ef5c_FUN_ffffffffbfc1ef5c.asm
ffffffffbfc1eff8	do_qmark	u-boot-command	580	USER_DEFINED	success	cade5f6be7e0973e6133a2859a01587bf165ea1119a362964cb200d6ac9b38b8	0	5	2	decompiled/ffffffffbfc1eff8_do_qmark.c	assembly/ffffffffbfc1eff8_do_qmark.asm
ffffffffbfc1f240	FUN_ffffffffbfc1f240	bootloader-support	224	DEFAULT	success	8d735f52a3b6e50de949712be82d26fc0ed44d1c156120942586e17def28a323	2	0	0	decompiled/ffffffffbfc1f240_FUN_ffffffffbfc1f240.c	assembly/ffffffffbfc1f240_FUN_ffffffffbfc1f240.asm
ffffffffbfc1f320	FUN_ffffffffbfc1f320	bootloader-support	60	DEFAULT	success	8a0cb6c4a95651a456a74102437958a256fa62fcc7d33c3e0eb3ab6399fa5ac5	1	0	0	decompiled/ffffffffbfc1f320_FUN_ffffffffbfc1f320.c	assembly/ffffffffbfc1f320_FUN_ffffffffbfc1f320.asm
ffffffffbfc1f35c	FUN_ffffffffbfc1f35c	bootloader-support	60	DEFAULT	success	d66a6a20a58d0173892e2ff2ebd9ba77049ac4aab452438032be9ac0260b5f2b	1	0	0	decompiled/ffffffffbfc1f35c_FUN_ffffffffbfc1f35c.c	assembly/ffffffffbfc1f35c_FUN_ffffffffbfc1f35c.asm
ffffffffbfc1f398	FUN_ffffffffbfc1f398	bootloader-support	60	DEFAULT	success	fe2919b839eb22f1515e2fe420024f71bc459424343e60f54add197b7988f7a1	1	0	0	decompiled/ffffffffbfc1f398_FUN_ffffffffbfc1f398.c	assembly/ffffffffbfc1f398_FUN_ffffffffbfc1f398.asm
ffffffffbfc1f3d4	FUN_ffffffffbfc1f3d4	bootloader-support	56	DEFAULT	success	77b59e1d87f7a3e1a9d03d97bbe94ab2d370c393e38bd5f4d48edb2c3cd73b48	3	0	0	decompiled/ffffffffbfc1f3d4_FUN_ffffffffbfc1f3d4.c	assembly/ffffffffbfc1f3d4_FUN_ffffffffbfc1f3d4.asm
ffffffffbfc1f428	FUN_ffffffffbfc1f428	bootloader-support	24	DEFAULT	success	7c8881577b36808083ba49a21281c8afc8cbca2033ff1c3f66efd6722c156fb3	1	0	0	decompiled/ffffffffbfc1f428_FUN_ffffffffbfc1f428.c	assembly/ffffffffbfc1f428_FUN_ffffffffbfc1f428.asm
ffffffffbfc1f440	FUN_ffffffffbfc1f440	bootloader-support	24	DEFAULT	success	7bd7508c153060ec209a2ea3ea031636439c87ec5110ec55f6df162408bc7c85	1	0	1	decompiled/ffffffffbfc1f440_FUN_ffffffffbfc1f440.c	assembly/ffffffffbfc1f440_FUN_ffffffffbfc1f440.asm
ffffffffbfc1f458	FUN_ffffffffbfc1f458	bootloader-support	40	DEFAULT	success	1aeea5b8eab1b6959cbf93abb901a8546aa9f09a7de285bfe6b6dc03592bcbdf	0	0	0	decompiled/ffffffffbfc1f458_FUN_ffffffffbfc1f458.c	assembly/ffffffffbfc1f458_FUN_ffffffffbfc1f458.asm
ffffffffbfc1f494	FUN_ffffffffbfc1f494	bootloader-support	288	DEFAULT	success	4c6ee635cb2c1de3c7c4fcf21d0b43c8104c30a0d5032b68001ee4a2ca6cf64d	1	3	0	decompiled/ffffffffbfc1f494_FUN_ffffffffbfc1f494.c	assembly/ffffffffbfc1f494_FUN_ffffffffbfc1f494.asm
ffffffffbfc1f5b4	FUN_ffffffffbfc1f5b4	bootloader-support	320	DEFAULT	success	9eec73e38b1e5b34b171c173c04b6019e2a738f39ea94b35253eba5effd38336	1	4	2	decompiled/ffffffffbfc1f5b4_FUN_ffffffffbfc1f5b4.c	assembly/ffffffffbfc1f5b4_FUN_ffffffffbfc1f5b4.asm
ffffffffbfc1f6f4	FUN_ffffffffbfc1f6f4	bootloader-support	128	DEFAULT	success	e9ee31fcdc2f69b326093862766a8381554866b066fa6f9135437b09850e7984	1	2	0	decompiled/ffffffffbfc1f6f4_FUN_ffffffffbfc1f6f4.c	assembly/ffffffffbfc1f6f4_FUN_ffffffffbfc1f6f4.asm
ffffffffbfc1f774	FUN_ffffffffbfc1f774	bootloader-support	36	DEFAULT	success	1e20c3b07f4b4d9b79eef365ceed957654cfb7351854f4b08478dbdeadf62206	43	1	0	decompiled/ffffffffbfc1f774_FUN_ffffffffbfc1f774.c	assembly/ffffffffbfc1f774_FUN_ffffffffbfc1f774.asm
ffffffffbfc1f7a4	FUN_ffffffffbfc1f7a4	bootloader-support	72	DEFAULT	success	99ebea7c3f83f0699ff0a1addba66f626bf867599bc578d0d0ab76fc44454a1a	3	2	0	decompiled/ffffffffbfc1f7a4_FUN_ffffffffbfc1f7a4.c	assembly/ffffffffbfc1f7a4_FUN_ffffffffbfc1f7a4.asm
ffffffffbfc1f7ec	FUN_ffffffffbfc1f7ec	bootloader-support	124	DEFAULT	success	0b17695b06c40f17cfae19efb41eb66b00af58d55a4a23078c32353d09713b21	162	2	0	decompiled/ffffffffbfc1f7ec_FUN_ffffffffbfc1f7ec.c	assembly/ffffffffbfc1f7ec_FUN_ffffffffbfc1f7ec.asm
ffffffffbfc1f868	FUN_ffffffffbfc1f868	bootloader-support	124	DEFAULT	success	41cf0832f9dc71f11505c07c2bda8099f7b83de43208ce54eb3b56c6d1674290	0	2	0	decompiled/ffffffffbfc1f868_FUN_ffffffffbfc1f868.c	assembly/ffffffffbfc1f868_FUN_ffffffffbfc1f868.asm
ffffffffbfc1f8e4	FUN_ffffffffbfc1f8e4	bootloader-support	40	DEFAULT	success	cd6e71f6eb1b0d788d5ba82c4d0a4de4f66e8ad2f01f8f157bc9afa780283f93	19	1	0	decompiled/ffffffffbfc1f8e4_FUN_ffffffffbfc1f8e4.c	assembly/ffffffffbfc1f8e4_FUN_ffffffffbfc1f8e4.asm
ffffffffbfc1f918	FUN_ffffffffbfc1f918	bootloader-support	36	DEFAULT	success	d787ca8906b0567e7998d0f5f6a8dac9cbeeffba65e19bca5ddb586115f62c3e	4	1	0	decompiled/ffffffffbfc1f918_FUN_ffffffffbfc1f918.c	assembly/ffffffffbfc1f918_FUN_ffffffffbfc1f918.asm
ffffffffbfc1f948	FUN_ffffffffbfc1f948	bootloader-support	36	DEFAULT	success	81fae061b5c85b91894aef7c45f734ef9923cc667df405379da64b0418a81040	6	1	0	decompiled/ffffffffbfc1f948_FUN_ffffffffbfc1f948.c	assembly/ffffffffbfc1f948_FUN_ffffffffbfc1f948.asm
ffffffffbfc1f978	FUN_ffffffffbfc1f978	bootloader-support	124	DEFAULT	success	aa73a26b5e2b2b70255caacf55a268f5368c86ec506f41513bb07abbc1b3f337	9	2	0	decompiled/ffffffffbfc1f978_FUN_ffffffffbfc1f978.c	assembly/ffffffffbfc1f978_FUN_ffffffffbfc1f978.asm
ffffffffbfc1fa00	FUN_ffffffffbfc1fa00	bootloader-support	60	DEFAULT	success	f8167d278ecb7437016b07cf5efcde4d2bcabeb7defb4fc441d48a35c0c2bc64	0	1	0	decompiled/ffffffffbfc1fa00_FUN_ffffffffbfc1fa00.c	assembly/ffffffffbfc1fa00_FUN_ffffffffbfc1fa00.asm
ffffffffbfc1fa3c	FUN_ffffffffbfc1fa3c	bootloader-support	68	DEFAULT	success	a1506ee622531bbcebea132a4a7bbaa4b30837e059386c17c0efa3cd2471edc5	1	1	0	decompiled/ffffffffbfc1fa3c_FUN_ffffffffbfc1fa3c.c	assembly/ffffffffbfc1fa3c_FUN_ffffffffbfc1fa3c.asm
ffffffffbfc1fa80	FUN_ffffffffbfc1fa80	bootloader-support	260	DEFAULT	success	3f436238559e83bdfe48d20797839b6e84c02bad0ea206679eec5940ba4fa654	1	4	2	decompiled/ffffffffbfc1fa80_FUN_ffffffffbfc1fa80.c	assembly/ffffffffbfc1fa80_FUN_ffffffffbfc1fa80.asm
ffffffffbfc1fb90	FUN_ffffffffbfc1fb90	bootloader-support	68	DEFAULT	success	aad12014a8174223f6360f14d62da748dd627e3285cedbd5340383c3903dd213	1	0	0	decompiled/ffffffffbfc1fb90_FUN_ffffffffbfc1fb90.c	assembly/ffffffffbfc1fb90_FUN_ffffffffbfc1fb90.asm
ffffffffbfc1fc20	FUN_ffffffffbfc1fc20	bootloader-support	144	DEFAULT	success	6ecd456740d9d784bcb8a154c207ac1f791158a5859f7712a8e943e7f569f5b9	0	0	0	decompiled/ffffffffbfc1fc20_FUN_ffffffffbfc1fc20.c	assembly/ffffffffbfc1fc20_FUN_ffffffffbfc1fc20.asm
ffffffffbfc1fcb0	FUN_ffffffffbfc1fcb0	bootloader-support	288	DEFAULT	success	6c3c88bb29755735ee3c49bcd88391015f71f5f5fbc8f190250e61a584c14f9e	1	1	1	decompiled/ffffffffbfc1fcb0_FUN_ffffffffbfc1fcb0.c	assembly/ffffffffbfc1fcb0_FUN_ffffffffbfc1fcb0.asm
ffffffffbfc1fdd0	FUN_ffffffffbfc1fdd0	bootloader-support	644	DEFAULT	success	359744ba50df548372fb376a72d46c677b1d54f8188c4ddf0f7eee3089fd613f	6	1	0	decompiled/ffffffffbfc1fdd0_FUN_ffffffffbfc1fdd0.c	assembly/ffffffffbfc1fdd0_FUN_ffffffffbfc1fdd0.asm
ffffffffbfc2006c	FUN_ffffffffbfc2006c	bootloader-support	1808	DEFAULT	success	32c481552c9ee8ef770ee02b1c2e5ea669d6aadcef28939eb01204c7786e461d	12	2	0	decompiled/ffffffffbfc2006c_FUN_ffffffffbfc2006c.c	assembly/ffffffffbfc2006c_FUN_ffffffffbfc2006c.asm
ffffffffbfc2077c	FUN_ffffffffbfc2077c	bootloader-support	384	DEFAULT	success	96fba5238df37bfd198f71111dce598a946531e2e015c538d83b1a1331ca03c3	0	2	0	decompiled/ffffffffbfc2077c_FUN_ffffffffbfc2077c.c	assembly/ffffffffbfc2077c_FUN_ffffffffbfc2077c.asm
ffffffffbfc20a44	FUN_ffffffffbfc20a44	bootloader-support	1268	DEFAULT	success	4aea43d16f7bd779d76773c0e273934db19946a08f556301de58c484d1682302	1	3	0	decompiled/ffffffffbfc20a44_FUN_ffffffffbfc20a44.c	assembly/ffffffffbfc20a44_FUN_ffffffffbfc20a44.asm
ffffffffbfc20f70	FUN_ffffffffbfc20f70	bootloader-support	52	DEFAULT	success	f018b5c4f315050c4617d35fa89a4bfb99d9aac0990174bc2a3021692509cebc	0	0	0	decompiled/ffffffffbfc20f70_FUN_ffffffffbfc20f70.c	assembly/ffffffffbfc20f70_FUN_ffffffffbfc20f70.asm
ffffffffbfc20fa4	FUN_ffffffffbfc20fa4	bootloader-support	44	DEFAULT	success	2fc76fad1e99c598c375772cd6b4a3e8d96647f41aa06d5125a06c29ba383290	3	0	1	decompiled/ffffffffbfc20fa4_FUN_ffffffffbfc20fa4.c	assembly/ffffffffbfc20fa4_FUN_ffffffffbfc20fa4.asm
ffffffffbfc20fd0	FUN_ffffffffbfc20fd0	bootloader-support	84	DEFAULT	success	cfbbf270a2c35d0fb454d4f21d8752ae797a7a1a113f19abe7a546a836933a34	5	1	0	decompiled/ffffffffbfc20fd0_FUN_ffffffffbfc20fd0.c	assembly/ffffffffbfc20fd0_FUN_ffffffffbfc20fd0.asm
ffffffffbfc21024	FUN_ffffffffbfc21024	bootloader-support	440	DEFAULT	success	1837811b296eb862e4b4d15791edac4cd4018f4744cbc7428fbf9a51a0ac3385	0	6	0	decompiled/ffffffffbfc21024_FUN_ffffffffbfc21024.c	assembly/ffffffffbfc21024_FUN_ffffffffbfc21024.asm
ffffffffbfc211dc	FUN_ffffffffbfc211dc	bootloader-support	84	DEFAULT	success	0f2c386391472d2440fe431e5d10e2f26495c2fa5fc6785d051fdb1c048f6c27	2	1	0	decompiled/ffffffffbfc211dc_FUN_ffffffffbfc211dc.c	assembly/ffffffffbfc211dc_FUN_ffffffffbfc211dc.asm
ffffffffbfc21230	FUN_ffffffffbfc21230	bootloader-support	228	DEFAULT	success	4d88653d4429d9dd904b3782415196f15118678a58567c68939806660be6df8b	1	6	2	decompiled/ffffffffbfc21230_FUN_ffffffffbfc21230.c	assembly/ffffffffbfc21230_FUN_ffffffffbfc21230.asm
ffffffffbfc21320	FUN_ffffffffbfc21320	bootloader-support	16	DEFAULT	success	97734d873e19a4c67801e39a8fce26f4f2896c9624905ff0cdf3854869df8cbf	1	0	0	decompiled/ffffffffbfc21320_FUN_ffffffffbfc21320.c	assembly/ffffffffbfc21320_FUN_ffffffffbfc21320.asm
ffffffffbfc21330	FUN_ffffffffbfc21330	bootloader-support	36	DEFAULT	success	e8503abc186025b455f86b7f0ca3ebd1a91e0994b4aa54b9a838a15e39f3b77a	1	1	0	decompiled/ffffffffbfc21330_FUN_ffffffffbfc21330.c	assembly/ffffffffbfc21330_FUN_ffffffffbfc21330.asm
ffffffffbfc21354	FUN_ffffffffbfc21354	bootloader-support	252	DEFAULT	success	317cf563f1d036ad39395109c64e5dbc987e2ca5385e067b99b78e9435df07ed	1	5	3	decompiled/ffffffffbfc21354_FUN_ffffffffbfc21354.c	assembly/ffffffffbfc21354_FUN_ffffffffbfc21354.asm
ffffffffbfc21450	FUN_ffffffffbfc21450	bootloader-support	132	DEFAULT	success	d7785b018918c0305f1739db0abaccc032af36d31ae181475ef6c99426682465	0	1	0	decompiled/ffffffffbfc21450_FUN_ffffffffbfc21450.c	assembly/ffffffffbfc21450_FUN_ffffffffbfc21450.asm
ffffffffbfc214e8	FUN_ffffffffbfc214e8	bootloader-support	8	DEFAULT	success	f2bbec115f2edb9925e24807cd3ad1285dc1421f044524a681996b45c9b452c5	0	0	0	decompiled/ffffffffbfc214e8_FUN_ffffffffbfc214e8.c	assembly/ffffffffbfc214e8_FUN_ffffffffbfc214e8.asm
ffffffffbfc214f0	FUN_ffffffffbfc214f0	bootloader-support	448	DEFAULT	success	76db8f0c5b7ebc7d56b1370446bbd7a92c98119586bce261cac547dbcd15f11d	1	1	0	decompiled/ffffffffbfc214f0_FUN_ffffffffbfc214f0.c	assembly/ffffffffbfc214f0_FUN_ffffffffbfc214f0.asm
ffffffffbfc216b0	FUN_ffffffffbfc216b0	bootloader-support	204	DEFAULT	success	f80fb6efd654cd19f87a60ef60ba49ed2620e29da4ea487e008eec383b6b5911	1	0	0	decompiled/ffffffffbfc216b0_FUN_ffffffffbfc216b0.c	assembly/ffffffffbfc216b0_FUN_ffffffffbfc216b0.asm
ffffffffbfc2177c	FUN_ffffffffbfc2177c	bootloader-support	84	DEFAULT	success	c93a4d0a4031ac73837c60cd443eb2182d1b54482dfb119a641a9a8867360055	3	0	0	decompiled/ffffffffbfc2177c_FUN_ffffffffbfc2177c.c	assembly/ffffffffbfc2177c_FUN_ffffffffbfc2177c.asm
ffffffffbfc217d0	FUN_ffffffffbfc217d0	bootloader-support	280	DEFAULT	success	79d48c2e0850f07d9efa142799277950a6dc9cd191f1adb10f87391718fbe252	3	2	11	decompiled/ffffffffbfc217d0_FUN_ffffffffbfc217d0.c	assembly/ffffffffbfc217d0_FUN_ffffffffbfc217d0.asm
ffffffffbfc218e8	FUN_ffffffffbfc218e8	bootloader-support	392	DEFAULT	success	ea4d546d5433bcfd2584330f0f88857f344bd5061b3926b754275a0f3cdda6a2	3	2	0	decompiled/ffffffffbfc218e8_FUN_ffffffffbfc218e8.c	assembly/ffffffffbfc218e8_FUN_ffffffffbfc218e8.asm
ffffffffbfc21a88	FUN_ffffffffbfc21a88	bootloader-support	64	DEFAULT	success	430aec127a6e9ff6a604c02d17d54f13e73629dcbe36fdc3bafa92953e562ee4	3	0	0	decompiled/ffffffffbfc21a88_FUN_ffffffffbfc21a88.c	assembly/ffffffffbfc21a88_FUN_ffffffffbfc21a88.asm
ffffffffbfc21ae0	FUN_ffffffffbfc21ae0	bootloader-support	12	DEFAULT	success	f16dc445dc59da99dab703fa56272da5bdca0f6349fb95b88aa681661a21164e	3	0	0	decompiled/ffffffffbfc21ae0_FUN_ffffffffbfc21ae0.c	assembly/ffffffffbfc21ae0_FUN_ffffffffbfc21ae0.asm
ffffffffbfc21b44	FUN_ffffffffbfc21b44	bootloader-support	200	DEFAULT	success	f52a38fa6208718caaaaffc12b8920b7853a0d6675f4fcff6298e45aa5a4d6d0	1	3	0	decompiled/ffffffffbfc21b44_FUN_ffffffffbfc21b44.c	assembly/ffffffffbfc21b44_FUN_ffffffffbfc21b44.asm
ffffffffbfc21c0c	FUN_ffffffffbfc21c0c	bootloader-support	568	DEFAULT	success	6f45664592845dcc3291be1535f00f16669fdfe10f4175986588750252483604	1	4	0	decompiled/ffffffffbfc21c0c_FUN_ffffffffbfc21c0c.c	assembly/ffffffffbfc21c0c_FUN_ffffffffbfc21c0c.asm
ffffffffbfc21e44	FUN_ffffffffbfc21e44	bootloader-support	24	DEFAULT	success	6e6d248d88d41f84b2b21a96395e0b2a54c42b9597b889e8a3de862d221d3cd3	1	1	0	decompiled/ffffffffbfc21e44_FUN_ffffffffbfc21e44.c	assembly/ffffffffbfc21e44_FUN_ffffffffbfc21e44.asm
ffffffffbfc21e5c	FUN_ffffffffbfc21e5c	bootloader-support	96	DEFAULT	success	df5ccc70bea961d146b4c5c9fa3dee16f7177edab09c17f7b51002f747dbd699	1	1	0	decompiled/ffffffffbfc21e5c_FUN_ffffffffbfc21e5c.c	assembly/ffffffffbfc21e5c_FUN_ffffffffbfc21e5c.asm
ffffffffbfc21ebc	thunk_FUN_ffffffffbfc21e5c	bootloader-support	24	DEFAULT	success	fd799f9b324dd5e42b0f6af274f74fa5371bf117f4ee9e2a34c18c1949294766	1	1	0	decompiled/ffffffffbfc21ebc_thunk_FUN_ffffffffbfc21e5c.c	assembly/ffffffffbfc21ebc_thunk_FUN_ffffffffbfc21e5c.asm
ffffffffbfc21ed4	FUN_ffffffffbfc21ed4	bootloader-support	164	DEFAULT	success	c79830b3c4898f1760524fac335da98c2906bc760a297a41da05323a96457799	1	2	0	decompiled/ffffffffbfc21ed4_FUN_ffffffffbfc21ed4.c	assembly/ffffffffbfc21ed4_FUN_ffffffffbfc21ed4.asm
ffffffffbfc21f78	FUN_ffffffffbfc21f78	bootloader-support	112	DEFAULT	success	aa1ba0920ab8636e28bb7402dda3d66d0af8929db913752e9787e63ad02218eb	1	1	0	decompiled/ffffffffbfc21f78_FUN_ffffffffbfc21f78.c	assembly/ffffffffbfc21f78_FUN_ffffffffbfc21f78.asm
ffffffffbfc21ff0	FUN_ffffffffbfc21ff0	bootloader-support	208	DEFAULT	success	83ccd22ae35024baf0d32a8e2356ce505f2e4427a2d3f5f0da078ce0ce3d6d43	1	1	0	decompiled/ffffffffbfc21ff0_FUN_ffffffffbfc21ff0.c	assembly/ffffffffbfc21ff0_FUN_ffffffffbfc21ff0.asm
ffffffffbfc220c0	FUN_ffffffffbfc220c0	bootloader-support	216	DEFAULT	success	b19955294b03f3cb347f767268dfcffa266a68b11525fb2f8fe81d0f509f2050	1	3	2	decompiled/ffffffffbfc220c0_FUN_ffffffffbfc220c0.c	assembly/ffffffffbfc220c0_FUN_ffffffffbfc220c0.asm
ffffffffbfc22198	FUN_ffffffffbfc22198	bootloader-support	196	DEFAULT	success	d0832c9185f86cfdeeae66530d043582c79ec9b4e3142379765d01cba774a47a	1	3	2	decompiled/ffffffffbfc22198_FUN_ffffffffbfc22198.c	assembly/ffffffffbfc22198_FUN_ffffffffbfc22198.asm
ffffffffbfc2225c	FUN_ffffffffbfc2225c	bootloader-support	180	DEFAULT	success	dd0b56b1e029c59e37218f27ef07277926ae22c96001a926b6934587697d9d1a	0	3	1	decompiled/ffffffffbfc2225c_FUN_ffffffffbfc2225c.c	assembly/ffffffffbfc2225c_FUN_ffffffffbfc2225c.asm
ffffffffbfc22310	FUN_ffffffffbfc22310	bootloader-support	80	DEFAULT	success	a53db3bf3f78c2fb07fb10591626d41ce85d551f280fba10f118318f828658a2	1	0	0	decompiled/ffffffffbfc22310_FUN_ffffffffbfc22310.c	assembly/ffffffffbfc22310_FUN_ffffffffbfc22310.asm
ffffffffbfc22360	FUN_ffffffffbfc22360	bootloader-support	132	DEFAULT	success	62886f9b5497dfc7ac9c09ddbe0b9d31d167a8ad5353655ac03c816e06b6e31e	1	1	0	decompiled/ffffffffbfc22360_FUN_ffffffffbfc22360.c	assembly/ffffffffbfc22360_FUN_ffffffffbfc22360.asm
ffffffffbfc223e4	FUN_ffffffffbfc223e4	bootloader-support	284	DEFAULT	success	9a5310e58000b0c7701efa0fd4cb64c4b8dc5f694f7e4c2dfc1643add443eaed	1	1	0	decompiled/ffffffffbfc223e4_FUN_ffffffffbfc223e4.c	assembly/ffffffffbfc223e4_FUN_ffffffffbfc223e4.asm
ffffffffbfc226a0	FUN_ffffffffbfc226a0	bootloader-support	48	DEFAULT	success	3df3c6fce543125a035c33d19882dbbb87969adfc9a81b68df2202de07fd3ff8	1	0	0	decompiled/ffffffffbfc226a0_FUN_ffffffffbfc226a0.c	assembly/ffffffffbfc226a0_FUN_ffffffffbfc226a0.asm
ffffffffbfc226d0	FUN_ffffffffbfc226d0	bootloader-support	8	DEFAULT	success	9be61118ffdaa5882fc3eff294969354459cea4608d171128d70690ad7a8d16d	0	0	0	decompiled/ffffffffbfc226d0_FUN_ffffffffbfc226d0.c	assembly/ffffffffbfc226d0_FUN_ffffffffbfc226d0.asm
ffffffffbfc226d8	FUN_ffffffffbfc226d8	bootloader-support	44	DEFAULT	success	cdc756d345b546742f8d03bad53acb5a92920f1add396010caa8bcd84880c6ce	0	0	0	decompiled/ffffffffbfc226d8_FUN_ffffffffbfc226d8.c	assembly/ffffffffbfc226d8_FUN_ffffffffbfc226d8.asm
ffffffffbfc22704	FUN_ffffffffbfc22704	bootloader-support	84	DEFAULT	success	4b7774e2aa675e195807d6bb7a9624bd2c348ed80c9988e5a800bdac5ef65737	0	0	0	decompiled/ffffffffbfc22704_FUN_ffffffffbfc22704.c	assembly/ffffffffbfc22704_FUN_ffffffffbfc22704.asm
ffffffffbfc22758	FUN_ffffffffbfc22758	bootloader-support	88	DEFAULT	success	81dc85e39ae9a360d91237afe6c633ef7ff03e8b383de2392960d0e790fada97	1	0	0	decompiled/ffffffffbfc22758_FUN_ffffffffbfc22758.c	assembly/ffffffffbfc22758_FUN_ffffffffbfc22758.asm
ffffffffbfc227b0	FUN_ffffffffbfc227b0	bootloader-support	64	DEFAULT	success	cf5d3e13139b37675742d64069ed4d298c2a10aa27d6d3ffe1fd23ecfa097818	0	1	1	decompiled/ffffffffbfc227b0_FUN_ffffffffbfc227b0.c	assembly/ffffffffbfc227b0_FUN_ffffffffbfc227b0.asm
ffffffffbfc227f0	FUN_ffffffffbfc227f0	bootloader-support	68	DEFAULT	success	2b3a874f4c09d85f8628d31e0e130502eb979a359e80c980df7a871f1f43ea23	0	1	1	decompiled/ffffffffbfc227f0_FUN_ffffffffbfc227f0.c	assembly/ffffffffbfc227f0_FUN_ffffffffbfc227f0.asm
ffffffffbfc22834	FUN_ffffffffbfc22834	bootloader-support	424	DEFAULT	success	16efb22c489688b50a2886113c8bbfa8954591c8f08c869f58939fb9d9f5fb3f	1	5	5	decompiled/ffffffffbfc22834_FUN_ffffffffbfc22834.c	assembly/ffffffffbfc22834_FUN_ffffffffbfc22834.asm
ffffffffbfc229dc	FUN_ffffffffbfc229dc	bootloader-support	36	DEFAULT	success	f17a74caf31f894354b8971db8e77f638ef942439ce00db3f0680ef4a66d40df	0	0	0	decompiled/ffffffffbfc229dc_FUN_ffffffffbfc229dc.c	assembly/ffffffffbfc229dc_FUN_ffffffffbfc229dc.asm
ffffffffbfc22a00	FUN_ffffffffbfc22a00	bootloader-support	44	DEFAULT	success	a0de58b03934e4809eb3396681d6fab77d5372fb01e6ef2b50106a83b6e11c88	0	0	0	decompiled/ffffffffbfc22a00_FUN_ffffffffbfc22a00.c	assembly/ffffffffbfc22a00_FUN_ffffffffbfc22a00.asm
ffffffffbfc22a2c	FUN_ffffffffbfc22a2c	bootloader-support	116	DEFAULT	success	efc6cf095216e53de8bca880b80808567a6d057e6b532200631c8fad0546aa73	0	4	0	decompiled/ffffffffbfc22a2c_FUN_ffffffffbfc22a2c.c	assembly/ffffffffbfc22a2c_FUN_ffffffffbfc22a2c.asm
ffffffffbfc22aa0	FUN_ffffffffbfc22aa0	bootloader-support	84	DEFAULT	success	ed11493d5c66fa4da985eecb3603aa661c40e5de28a744de2aee2aa2c07fa807	0	1	0	decompiled/ffffffffbfc22aa0_FUN_ffffffffbfc22aa0.c	assembly/ffffffffbfc22aa0_FUN_ffffffffbfc22aa0.asm
ffffffffbfc22af4	thunk_FUN_ffffffffbfc0e978	bootloader-support	24	DEFAULT	success	4b6b0b54671300db1443b3d880401c57980ea924b8122a873f337d6e58e8cdda	0	0	0	decompiled/ffffffffbfc22af4_thunk_FUN_ffffffffbfc0e978.c	assembly/ffffffffbfc22af4_thunk_FUN_ffffffffbfc0e978.asm
ffffffffbfc22b0c	octeon_gpio_read_pin	gpio-button	24	DEFAULT	success	203b1b06875d3c23dfe52f4133aab61f5f4916c832a4951a18461c36968986e7	1	1	0	decompiled/ffffffffbfc22b0c_octeon_gpio_read_pin.c	assembly/ffffffffbfc22b0c_octeon_gpio_read_pin.asm
ffffffffbfc22b24	FUN_ffffffffbfc22b24	bootloader-support	80	DEFAULT	success	f1c0087f8ee8195cee60ee79930f9d85258a8df11146833dd1af01449b76d8a3	2	1	0	decompiled/ffffffffbfc22b24_FUN_ffffffffbfc22b24.c	assembly/ffffffffbfc22b24_FUN_ffffffffbfc22b24.asm
ffffffffbfc22b74	FUN_ffffffffbfc22b74	bootloader-support	96	DEFAULT	success	a5439d1a23e631f54e67f49720e782d5d0a775b188c6f6154a96c0127d4e35ec	2	1	0	decompiled/ffffffffbfc22b74_FUN_ffffffffbfc22b74.c	assembly/ffffffffbfc22b74_FUN_ffffffffbfc22b74.asm
ffffffffbfc22bd4	do_http	u-boot-command	180	USER_DEFINED	success	4ca893d1704631c01f3b579464845cbd11552b3a1c4f21266d37f780d2cf5394	1	5	2	decompiled/ffffffffbfc22bd4_do_http.c	assembly/ffffffffbfc22bd4_do_http.asm
ffffffffbfc22c88	do_assign	u-boot-command	148	USER_DEFINED	success	fc141ec6fcff100aed454585ca36c8da20215f0f2f21af634fa81791b3d2d764	0	4	1	decompiled/ffffffffbfc22c88_do_assign.c	assembly/ffffffffbfc22c88_do_assign.asm
ffffffffbfc22d1c	do_download	u-boot-command	168	USER_DEFINED	success	fd24c56a74f9e3d58b471c77cf53377ad9e7a0000250eabb27883b83a2a7c401	1	4	2	decompiled/ffffffffbfc22d1c_do_download.c	assembly/ffffffffbfc22d1c_do_download.asm
ffffffffbfc22dc4	FUN_ffffffffbfc22dc4	bootloader-support	188	DEFAULT	success	d64569ecba1bce12fa356fbfd1ede287cdd208fc2f229b009822314a92a607d3	1	2	1	decompiled/ffffffffbfc22dc4_FUN_ffffffffbfc22dc4.c	assembly/ffffffffbfc22dc4_FUN_ffffffffbfc22dc4.asm
ffffffffbfc22e80	FUN_ffffffffbfc22e80	bootloader-support	376	DEFAULT	success	f439a8781c81b1ee6e1107fc6c54bf621292f5dc10155ef70ad642523f80a0fb	4	0	0	decompiled/ffffffffbfc22e80_FUN_ffffffffbfc22e80.c	assembly/ffffffffbfc22e80_FUN_ffffffffbfc22e80.asm
ffffffffbfc23000	FUN_ffffffffbfc23000	bootloader-support	244	DEFAULT	success	673282813b08ef4850431c6b3fdeeba8a78d6354ee8bf1e49c8327915a9937eb	2	1	1	decompiled/ffffffffbfc23000_FUN_ffffffffbfc23000.c	assembly/ffffffffbfc23000_FUN_ffffffffbfc23000.asm
ffffffffbfc230f4	FUN_ffffffffbfc230f4	bootloader-support	64	DEFAULT	success	c02db05292e15503b148bdba7552abc3598dc3199208ee87aadb56a5f9639609	0	1	2	decompiled/ffffffffbfc230f4_FUN_ffffffffbfc230f4.c	assembly/ffffffffbfc230f4_FUN_ffffffffbfc230f4.asm
ffffffffbfc23140	FUN_ffffffffbfc23140	bootloader-support	48	DEFAULT	success	e6c4126aa7a08fc101e9147154742d043aebfbe24e109c18811a884cc0894a29	1	0	0	decompiled/ffffffffbfc23140_FUN_ffffffffbfc23140.c	assembly/ffffffffbfc23140_FUN_ffffffffbfc23140.asm
ffffffffbfc23170	FUN_ffffffffbfc23170	bootloader-support	80	DEFAULT	success	d12be458c635b1247be7db9d1e1d7442ae6ed436633da0f5dfcb191e993e9921	3	0	0	decompiled/ffffffffbfc23170_FUN_ffffffffbfc23170.c	assembly/ffffffffbfc23170_FUN_ffffffffbfc23170.asm
ffffffffbfc231c0	FUN_ffffffffbfc231c0	bootloader-support	52	DEFAULT	success	e02680de833f7f2e3ea80a07217f7c842d2b5f952dcf669b31e5dcaafeecf294	4	0	0	decompiled/ffffffffbfc231c0_FUN_ffffffffbfc231c0.c	assembly/ffffffffbfc231c0_FUN_ffffffffbfc231c0.asm
ffffffffbfc231f4	FUN_ffffffffbfc231f4	bootloader-support	28	DEFAULT	success	7cdcbdfe629768ca830e9885972fdca1bc36aa4de1961daa881469a19124eabe	20	0	0	decompiled/ffffffffbfc231f4_FUN_ffffffffbfc231f4.c	assembly/ffffffffbfc231f4_FUN_ffffffffbfc231f4.asm
ffffffffbfc23210	FUN_ffffffffbfc23210	bootloader-support	116	DEFAULT	success	2ddb9aba0ed0eff15a6d33307866c8f2ccee2cf911ef29dbf9422b19e0b0cc4a	0	1	0	decompiled/ffffffffbfc23210_FUN_ffffffffbfc23210.c	assembly/ffffffffbfc23210_FUN_ffffffffbfc23210.asm
ffffffffbfc23284	FUN_ffffffffbfc23284	bootloader-support	44	DEFAULT	success	2fbbb9cea350dff3432d824562b7c565b4eee18c4f1e20db1c737a78214958d9	1	0	0	decompiled/ffffffffbfc23284_FUN_ffffffffbfc23284.c	assembly/ffffffffbfc23284_FUN_ffffffffbfc23284.asm
ffffffffbfc232b0	FUN_ffffffffbfc232b0	bootloader-support	64	DEFAULT	success	c9d00647332fa50bcc470bce97896255bc7294a23dc07be93f458d9035e70572	1	0	0	decompiled/ffffffffbfc232b0_FUN_ffffffffbfc232b0.c	assembly/ffffffffbfc232b0_FUN_ffffffffbfc232b0.asm
ffffffffbfc232f0	FUN_ffffffffbfc232f0	bootloader-support	56	DEFAULT	success	7bccabf7a642926cb5a38dc00e4588c451915c9c46fed3859243874fb734253f	2	0	0	decompiled/ffffffffbfc232f0_FUN_ffffffffbfc232f0.c	assembly/ffffffffbfc232f0_FUN_ffffffffbfc232f0.asm
ffffffffbfc23328	FUN_ffffffffbfc23328	bootloader-support	188	DEFAULT	success	df038433d806032ea0b0dc834acea0c3e2df9ff56a7e6d7dd16ed6dd6f242bfd	0	2	0	decompiled/ffffffffbfc23328_FUN_ffffffffbfc23328.c	assembly/ffffffffbfc23328_FUN_ffffffffbfc23328.asm
ffffffffbfc233e4	FUN_ffffffffbfc233e4	bootloader-support	104	DEFAULT	success	270044c255f237a332b0aaae456ae6ccb51825026f2ec32b3d2d3eb18cd2c7d4	0	1	0	decompiled/ffffffffbfc233e4_FUN_ffffffffbfc233e4.c	assembly/ffffffffbfc233e4_FUN_ffffffffbfc233e4.asm
ffffffffbfc234e4	FUN_ffffffffbfc234e4	bootloader-support	48	DEFAULT	success	0415e699ab38e93eb6dd8a13f336d77aad0fc406cfe0a782b767ec2d0f03aed6	1	0	0	decompiled/ffffffffbfc234e4_FUN_ffffffffbfc234e4.c	assembly/ffffffffbfc234e4_FUN_ffffffffbfc234e4.asm
ffffffffbfc23534	FUN_ffffffffbfc23534	bootloader-support	112	DEFAULT	success	570890f9694810de24cb918c324be64aa89278611226a9399f4dd815de134636	2	0	0	decompiled/ffffffffbfc23534_FUN_ffffffffbfc23534.c	assembly/ffffffffbfc23534_FUN_ffffffffbfc23534.asm
ffffffffbfc235a4	thunk_FUN_ffffffffbfc235c8	bootloader-support	8	DEFAULT	success	6848e679c77e5ee195429e45056644fe7a39ef3a5e5fc2f7ccd31a4d3588ec87	9	0	0	decompiled/ffffffffbfc235a4_thunk_FUN_ffffffffbfc235c8.c	assembly/ffffffffbfc235a4_thunk_FUN_ffffffffbfc235c8.asm
ffffffffbfc235c8	FUN_ffffffffbfc235c8	bootloader-support	44	DEFAULT	success	64f091832d38c3e25738966fc7693a5c410cfa10b418e37d0c54357b7639aa9a	0	0	0	decompiled/ffffffffbfc235c8_FUN_ffffffffbfc235c8.c	assembly/ffffffffbfc235c8_FUN_ffffffffbfc235c8.asm
ffffffffbfc235d8	FUN_ffffffffbfc235d8	bootloader-support	180	DEFAULT	success	a991182b53d27bfd13e5d2328c19449ae6b4c8b5b7006d8e68dee8648e876c8c	0	2	0	decompiled/ffffffffbfc235d8_FUN_ffffffffbfc235d8.c	assembly/ffffffffbfc235d8_FUN_ffffffffbfc235d8.asm
ffffffffbfc236c0	FUN_ffffffffbfc236c0	bootloader-support	128	DEFAULT	success	8a4271e61c555dbc63c849e11436ba9126c598f2518081afd9c3f598e1ea825c	0	2	0	decompiled/ffffffffbfc236c0_FUN_ffffffffbfc236c0.c	assembly/ffffffffbfc236c0_FUN_ffffffffbfc236c0.asm
ffffffffbfc237e4	FUN_ffffffffbfc237e4	bootloader-support	164	DEFAULT	success	d41b8af3502b055590f5bd9d2f0ef93b42f1accf30e358875f51fb8a1c2f63ed	21	0	0	decompiled/ffffffffbfc237e4_FUN_ffffffffbfc237e4.c	assembly/ffffffffbfc237e4_FUN_ffffffffbfc237e4.asm
ffffffffbfc23888	FUN_ffffffffbfc23888	bootloader-support	236	DEFAULT	success	cab4fdc75ede0e447fe8f112309dc40b847010ae1e81fb9f95abe62e97b429c8	43	1	0	decompiled/ffffffffbfc23888_FUN_ffffffffbfc23888.c	assembly/ffffffffbfc23888_FUN_ffffffffbfc23888.asm
ffffffffbfc23980	FUN_ffffffffbfc23980	bootloader-support	240	DEFAULT	success	daf3687d9a4ff10f38aa9aa92737877c79a13beeaa732c55e4df5a42e4cd421b	42	0	0	decompiled/ffffffffbfc23980_FUN_ffffffffbfc23980.c	assembly/ffffffffbfc23980_FUN_ffffffffbfc23980.asm
ffffffffbfc23a70	FUN_ffffffffbfc23a70	bootloader-support	88	DEFAULT	success	a877c8cc92a5e8d10b4f0e065a4ba3f7529a7954c2caf14bede6ac0a9802014c	4	1	0	decompiled/ffffffffbfc23a70_FUN_ffffffffbfc23a70.c	assembly/ffffffffbfc23a70_FUN_ffffffffbfc23a70.asm
ffffffffbfc23ac8	FUN_ffffffffbfc23ac8	bootloader-support	248	DEFAULT	success	58e900fea39e6e9bc57e84a2cc50321037e45e15079b7c3f9dea2e68f16d9d69	11	0	0	decompiled/ffffffffbfc23ac8_FUN_ffffffffbfc23ac8.c	assembly/ffffffffbfc23ac8_FUN_ffffffffbfc23ac8.asm
ffffffffbfc23bc0	FUN_ffffffffbfc23bc0	bootloader-support	72	DEFAULT	success	0bed11331cea5a594040402038f473b0e902f3308e3c01e7808211dbedd4d830	1	0	0	decompiled/ffffffffbfc23bc0_FUN_ffffffffbfc23bc0.c	assembly/ffffffffbfc23bc0_FUN_ffffffffbfc23bc0.asm
ffffffffbfc23c08	FUN_ffffffffbfc23c08	bootloader-support	492	DEFAULT	success	369d0dd310497bd0e2d11441e71337a7ff0ee5ff56cc050e1319fffd3c16511b	1	0	1	decompiled/ffffffffbfc23c08_FUN_ffffffffbfc23c08.c	assembly/ffffffffbfc23c08_FUN_ffffffffbfc23c08.asm
ffffffffbfc23e10	FUN_ffffffffbfc23e10	bootloader-support	140	DEFAULT	success	e7edd73c7dd4d7c1b4e3b3fd5f8df25e5efa2a9eebb3a0edfb3d6de29d400d5d	0	4	0	decompiled/ffffffffbfc23e10_FUN_ffffffffbfc23e10.c	assembly/ffffffffbfc23e10_FUN_ffffffffbfc23e10.asm
ffffffffbfc23e9c	FUN_ffffffffbfc23e9c	bootloader-support	1344	DEFAULT	success	a6c208bad261804faef79acb5ae03bb676d40c93ce2fb6b0fa37072b8e7574a9	5	3	1	decompiled/ffffffffbfc23e9c_FUN_ffffffffbfc23e9c.c	assembly/ffffffffbfc23e9c_FUN_ffffffffbfc23e9c.asm
ffffffffbfc243f4	FUN_ffffffffbfc243f4	bootloader-support	84	DEFAULT	success	55712d4216a1deea69b54218180a7601b50ad3b19a4555f33fa3459e5e7615dc	12	1	0	decompiled/ffffffffbfc243f4_FUN_ffffffffbfc243f4.c	assembly/ffffffffbfc243f4_FUN_ffffffffbfc243f4.asm
ffffffffbfc24488	FUN_ffffffffbfc24488	bootloader-support	84	DEFAULT	success	6c8d7955279d85e9d3aaabd96ba717d2613a7f11c63a5cc61df6eae3b51fbc0a	2	0	0	decompiled/ffffffffbfc24488_FUN_ffffffffbfc24488.c	assembly/ffffffffbfc24488_FUN_ffffffffbfc24488.asm
ffffffffbfc244dc	FUN_ffffffffbfc244dc	bootloader-support	1472	DEFAULT	success	dcc22dc142ad6b6e24bb5aa991e2aa06e661fc9b23284695b9b8ba5b1e952131	0	1	0	decompiled/ffffffffbfc244dc_FUN_ffffffffbfc244dc.c	assembly/ffffffffbfc244dc_FUN_ffffffffbfc244dc.asm
ffffffffbfc24a9c	FUN_ffffffffbfc24a9c	bootloader-support	116	DEFAULT	success	3c5e976f028b18cf0936115ae6c051eed7b16f3da3e19566766cd014b517799e	0	0	0	decompiled/ffffffffbfc24a9c_FUN_ffffffffbfc24a9c.c	assembly/ffffffffbfc24a9c_FUN_ffffffffbfc24a9c.asm
ffffffffbfc24b10	FUN_ffffffffbfc24b10	bootloader-support	24	DEFAULT	success	2cafb7fd50cbc3caf1af2db7c7466a95262911c821e86b08aab1689087ae65ca	1	0	0	decompiled/ffffffffbfc24b10_FUN_ffffffffbfc24b10.c	assembly/ffffffffbfc24b10_FUN_ffffffffbfc24b10.asm
ffffffffbfc24b28	FUN_ffffffffbfc24b28	bootloader-support	296	DEFAULT	success	051131217f9ac5229e0b861b3edfea617b1413dac6d2fe4bb8de46fc5c473d93	3	2	0	decompiled/ffffffffbfc24b28_FUN_ffffffffbfc24b28.c	assembly/ffffffffbfc24b28_FUN_ffffffffbfc24b28.asm
ffffffffbfc24c50	FUN_ffffffffbfc24c50	bootloader-support	200	DEFAULT	success	2d68cd7aa128f1fb4e18eb2fa644227d08075bc6b97c634d1e54c33482a10a3b	2	1	0	decompiled/ffffffffbfc24c50_FUN_ffffffffbfc24c50.c	assembly/ffffffffbfc24c50_FUN_ffffffffbfc24c50.asm
ffffffffbfc24d18	FUN_ffffffffbfc24d18	bootloader-support	116	DEFAULT	success	3ea703cfacc79356809d61ef252ee80bba663f677d970c655c3130ca7a911bc8	2	1	0	decompiled/ffffffffbfc24d18_FUN_ffffffffbfc24d18.c	assembly/ffffffffbfc24d18_FUN_ffffffffbfc24d18.asm
ffffffffbfc24d8c	FUN_ffffffffbfc24d8c	bootloader-support	328	DEFAULT	success	b369717ee1ece930804ec3133f8e73ce636de6f72160f3412d87dcc962c9efd1	0	1	0	decompiled/ffffffffbfc24d8c_FUN_ffffffffbfc24d8c.c	assembly/ffffffffbfc24d8c_FUN_ffffffffbfc24d8c.asm
ffffffffbfc24ed4	FUN_ffffffffbfc24ed4	bootloader-support	380	DEFAULT	success	d8fce5ebd7ac98c7b27b40ba8ec0cbf4e1cf370dea5f3cceacc8c2ae7ae7a0e3	1	3	0	decompiled/ffffffffbfc24ed4_FUN_ffffffffbfc24ed4.c	assembly/ffffffffbfc24ed4_FUN_ffffffffbfc24ed4.asm
ffffffffbfc25068	FUN_ffffffffbfc25068	bootloader-support	396	DEFAULT	success	801791d601cb39562b6cd1e28897ea801299f9a72ea147b835e546a59df8fe80	0	0	0	decompiled/ffffffffbfc25068_FUN_ffffffffbfc25068.c	assembly/ffffffffbfc25068_FUN_ffffffffbfc25068.asm
ffffffffbfc251f4	FUN_ffffffffbfc251f4	bootloader-support	428	DEFAULT	success	0b9b48861569b92f4b24986cf3335365c8fa814e7d59b4169c3001c2633be51e	0	1	0	decompiled/ffffffffbfc251f4_FUN_ffffffffbfc251f4.c	assembly/ffffffffbfc251f4_FUN_ffffffffbfc251f4.asm
ffffffffbfc253a0	FUN_ffffffffbfc253a0	bootloader-support	384	DEFAULT	success	1ba49f206f71b7e8e0b5dec6d9e0b0f9a62f216dedb7e250fd72f006c992b4ff	0	1	0	decompiled/ffffffffbfc253a0_FUN_ffffffffbfc253a0.c	assembly/ffffffffbfc253a0_FUN_ffffffffbfc253a0.asm
ffffffffbfc25520	FUN_ffffffffbfc25520	bootloader-support	200	DEFAULT	success	cf9670b8b873f55a3ee70a5e13e09579708d8290d3f758bd8761148002049c81	1	0	0	decompiled/ffffffffbfc25520_FUN_ffffffffbfc25520.c	assembly/ffffffffbfc25520_FUN_ffffffffbfc25520.asm
ffffffffbfc27210	FUN_ffffffffbfc27210	bootloader-support	48	DEFAULT	success	ae8020522566e8f670444036d4471d2224f39b6178ebb3798e6e5d8536935981	3	0	0	decompiled/ffffffffbfc27210_FUN_ffffffffbfc27210.c	assembly/ffffffffbfc27210_FUN_ffffffffbfc27210.asm
ffffffffbfc27240	FUN_ffffffffbfc27240	bootloader-support	48	DEFAULT	success	744d7cfe33fefec0dabeb3158379c771e6a92f65f1ddd3a2310f92bb703e7a95	1	1	0	decompiled/ffffffffbfc27240_FUN_ffffffffbfc27240.c	assembly/ffffffffbfc27240_FUN_ffffffffbfc27240.asm
ffffffffbfc27270	FUN_ffffffffbfc27270	bootloader-support	48	DEFAULT	success	6bb9ba93dc4f96af59c6b7fadb254e45dda0d35ea32febd3614e8241887f8562	1	1	0	decompiled/ffffffffbfc27270_FUN_ffffffffbfc27270.c	assembly/ffffffffbfc27270_FUN_ffffffffbfc27270.asm
ffffffffbfc272a0	FUN_ffffffffbfc272a0	bootloader-support	56	DEFAULT	success	160d6e0f2bc7e171c648bd06a8b75de5445e43aca748362ffa5663738b4473ac	1	0	0	decompiled/ffffffffbfc272a0_FUN_ffffffffbfc272a0.c	assembly/ffffffffbfc272a0_FUN_ffffffffbfc272a0.asm
ffffffffbfc272f0	thunk_FUN_ffffffffbfc04f74	bootloader-support	24	DEFAULT	success	d59e04a314c75c74d0f7bfd0b984a4785951c64c99a10cb51c6f433336ee5f68	1	1	0	decompiled/ffffffffbfc272f0_thunk_FUN_ffffffffbfc04f74.c	assembly/ffffffffbfc272f0_thunk_FUN_ffffffffbfc04f74.asm
ffffffffbfc2744c	FUN_ffffffffbfc2744c	bootloader-support	604	DEFAULT	success	097e9ff8a28257171030e7ebf05ae8aef9a23d7c218cba53906e6804ee7026b3	1	3	1	decompiled/ffffffffbfc2744c_FUN_ffffffffbfc2744c.c	assembly/ffffffffbfc2744c_FUN_ffffffffbfc2744c.asm
ffffffffbfc276a8	FUN_ffffffffbfc276a8	bootloader-support	220	DEFAULT	success	fae280d6e5440c4970694ec97bd213c311b903e34d49ef028d45bc43daf3a643	1	5	0	decompiled/ffffffffbfc276a8_FUN_ffffffffbfc276a8.c	assembly/ffffffffbfc276a8_FUN_ffffffffbfc276a8.asm
ffffffffbfc27784	thunk_FUN_ffffffffbfc2cc7c	bootloader-support	24	DEFAULT	success	6093a4ecc2cff45fa206db384c586082de6ede3495e387522f32ad94036b609f	1	1	0	decompiled/ffffffffbfc27784_thunk_FUN_ffffffffbfc2cc7c.c	assembly/ffffffffbfc27784_thunk_FUN_ffffffffbfc2cc7c.asm
ffffffffbfc27a90	FUN_ffffffffbfc27a90	bootloader-support	8	DEFAULT	success	aab3047e0fac5dd1785d396c3948eb36ec27beaccc65d0c5379c169bfedd3b02	5	0	0	decompiled/ffffffffbfc27a90_FUN_ffffffffbfc27a90.c	assembly/ffffffffbfc27a90_FUN_ffffffffbfc27a90.asm
ffffffffbfc27acc	do_reset	u-boot-command	88	USER_DEFINED	success	d4580b00e92445eb5c30d9c0321d87dced4561eab286220a0258e7ce4ab04215	1	1	1	decompiled/ffffffffbfc27acc_do_reset.c	assembly/ffffffffbfc27acc_do_reset.asm
ffffffffbfc27b30	FUN_ffffffffbfc27b30	bootloader-support	8	DEFAULT	success	edbcfa6368dff7b72e5647629c8c25295f1f039dfdb242709f0567a39744a693	1	0	0	decompiled/ffffffffbfc27b30_FUN_ffffffffbfc27b30.c	assembly/ffffffffbfc27b30_FUN_ffffffffbfc27b30.asm
ffffffffbfc27b38	FUN_ffffffffbfc27b38	bootloader-support	8	DEFAULT	success	754bc89f4c1ce78977c73cc0dcf3533953cab985592f83e0383fde2b4571f197	1	0	0	decompiled/ffffffffbfc27b38_FUN_ffffffffbfc27b38.c	assembly/ffffffffbfc27b38_FUN_ffffffffbfc27b38.asm
ffffffffbfc27b40	FUN_ffffffffbfc27b40	bootloader-support	48	DEFAULT	success	3c5838c76feba2cedc8c1292cdbfbf761add3c1a9c32a7226a858ad40adece6a	3	0	0	decompiled/ffffffffbfc27b40_FUN_ffffffffbfc27b40.c	assembly/ffffffffbfc27b40_FUN_ffffffffbfc27b40.asm
ffffffffbfc27b70	FUN_ffffffffbfc27b70	bootloader-support	32	DEFAULT	success	d8b2b6952abf15451725e6b9f56704578905bdf5deb701982626684d3b035572	1	0	0	decompiled/ffffffffbfc27b70_FUN_ffffffffbfc27b70.c	assembly/ffffffffbfc27b70_FUN_ffffffffbfc27b70.asm
ffffffffbfc27b90	FUN_ffffffffbfc27b90	bootloader-support	32	DEFAULT	success	34854cc66899a5cf0cf847b8060fef68d7e2e17d30c636f8dea4b2fa2ad078e3	2	0	0	decompiled/ffffffffbfc27b90_FUN_ffffffffbfc27b90.c	assembly/ffffffffbfc27b90_FUN_ffffffffbfc27b90.asm
ffffffffbfc27bb0	FUN_ffffffffbfc27bb0	bootloader-support	84	DEFAULT	success	f07fb3ab0d204b483176cc72e52bdf6b8603e6a7bfb9d60830a88b3a372650e1	0	0	0	decompiled/ffffffffbfc27bb0_FUN_ffffffffbfc27bb0.c	assembly/ffffffffbfc27bb0_FUN_ffffffffbfc27bb0.asm
ffffffffbfc27c04	FUN_ffffffffbfc27c04	bootloader-support	88	DEFAULT	success	1777f4fd68fff79638aa73a27dc26b08b283b8fecc250fe6b1ad15bc3e16eca4	1	1	0	decompiled/ffffffffbfc27c04_FUN_ffffffffbfc27c04.c	assembly/ffffffffbfc27c04_FUN_ffffffffbfc27c04.asm
ffffffffbfc27c5c	FUN_ffffffffbfc27c5c	bootloader-support	100	DEFAULT	success	6a404f27215feb22118d77701d0bae320c8cde49f1cb8ae62f95387b887ca286	1	1	0	decompiled/ffffffffbfc27c5c_FUN_ffffffffbfc27c5c.c	assembly/ffffffffbfc27c5c_FUN_ffffffffbfc27c5c.asm
ffffffffbfc27cc0	FUN_ffffffffbfc27cc0	bootloader-support	80	DEFAULT	success	481a5a6ef12dc369b1ccad2a406a72cf8b0fc357b58ebc13ab1a60b36b94f1e7	1	1	0	decompiled/ffffffffbfc27cc0_FUN_ffffffffbfc27cc0.c	assembly/ffffffffbfc27cc0_FUN_ffffffffbfc27cc0.asm
ffffffffbfc27d10	FUN_ffffffffbfc27d10	bootloader-support	72	DEFAULT	success	546fec7397703fb27565055b7dace4c4ec10361c8a00567e4557d7dc772432a4	0	0	0	decompiled/ffffffffbfc27d10_FUN_ffffffffbfc27d10.c	assembly/ffffffffbfc27d10_FUN_ffffffffbfc27d10.asm
ffffffffbfc27d58	FUN_ffffffffbfc27d58	bootloader-support	44	DEFAULT	success	9faa0f1150911b97f7141843e1f6ab18d0a5cf4aeb22823ecb23834fcd597ae7	0	0	0	decompiled/ffffffffbfc27d58_FUN_ffffffffbfc27d58.c	assembly/ffffffffbfc27d58_FUN_ffffffffbfc27d58.asm
ffffffffbfc27d84	FUN_ffffffffbfc27d84	bootloader-support	304	DEFAULT	success	96b902321631bba9e8ab0a147ee9e87755a7ca300a894e8c7a6bcdca1a1dfa70	1	4	0	decompiled/ffffffffbfc27d84_FUN_ffffffffbfc27d84.c	assembly/ffffffffbfc27d84_FUN_ffffffffbfc27d84.asm
ffffffffbfc27eb4	FUN_ffffffffbfc27eb4	bootloader-support	32	DEFAULT	success	1b3436aeeec622df83e0f3478ffbaedd8cff4f4fcb35e45fc84a4c0dd8c72503	2	1	0	decompiled/ffffffffbfc27eb4_FUN_ffffffffbfc27eb4.c	assembly/ffffffffbfc27eb4_FUN_ffffffffbfc27eb4.asm
ffffffffbfc27ed4	FUN_ffffffffbfc27ed4	bootloader-support	340	DEFAULT	success	cdb1c1b5bd22afb65aa0cb24c783dcd58b90347726e0cfa72f4cadd888de0cc0	2	3	0	decompiled/ffffffffbfc27ed4_FUN_ffffffffbfc27ed4.c	assembly/ffffffffbfc27ed4_FUN_ffffffffbfc27ed4.asm
ffffffffbfc280c0	FUN_ffffffffbfc280c0	bootloader-support	48	DEFAULT	success	861bb85e854481e6e02c612a2159e0259b60a1d5c1f4fff8d7eea8352ccdbab6	2	0	0	decompiled/ffffffffbfc280c0_FUN_ffffffffbfc280c0.c	assembly/ffffffffbfc280c0_FUN_ffffffffbfc280c0.asm
ffffffffbfc280f0	FUN_ffffffffbfc280f0	bootloader-support	80	DEFAULT	success	ebfc5923892613a06c08e9ffc2bf269761b8daba581e7cfdbe04736e6bb8845c	1	0	0	decompiled/ffffffffbfc280f0_FUN_ffffffffbfc280f0.c	assembly/ffffffffbfc280f0_FUN_ffffffffbfc280f0.asm
ffffffffbfc282d8	FUN_ffffffffbfc282d8	bootloader-support	92	DEFAULT	success	6d92fc5d355fd0a092a8c8f9fe132b0f6c810252119634842c519667fd10c04e	1	1	0	decompiled/ffffffffbfc282d8_FUN_ffffffffbfc282d8.c	assembly/ffffffffbfc282d8_FUN_ffffffffbfc282d8.asm
ffffffffbfc28334	FUN_ffffffffbfc28334	bootloader-support	32	DEFAULT	success	aaadd4b86e93192c5ce4c2c69f7d80ae6e08cd4144abaa65564479db9dbd9132	1	0	1	decompiled/ffffffffbfc28334_FUN_ffffffffbfc28334.c	assembly/ffffffffbfc28334_FUN_ffffffffbfc28334.asm
ffffffffbfc28354	FUN_ffffffffbfc28354	bootloader-support	68	DEFAULT	success	5de15f79f704890e41f28ff85498d604e5573e4db32c6a4ce74d4bf9f1fe2513	4	1	0	decompiled/ffffffffbfc28354_FUN_ffffffffbfc28354.c	assembly/ffffffffbfc28354_FUN_ffffffffbfc28354.asm
ffffffffbfc28398	FUN_ffffffffbfc28398	bootloader-support	124	DEFAULT	success	9cca401d879a30f5cd026c8eaa57518392a161bfe249dbe5289c03b490356fc2	0	1	0	decompiled/ffffffffbfc28398_FUN_ffffffffbfc28398.c	assembly/ffffffffbfc28398_FUN_ffffffffbfc28398.asm
ffffffffbfc28414	FUN_ffffffffbfc28414	bootloader-support	224	DEFAULT	success	298199dae3d6a6c0f7975aa99fcd69971736afd7fb2af81863d659af316d195b	0	2	0	decompiled/ffffffffbfc28414_FUN_ffffffffbfc28414.c	assembly/ffffffffbfc28414_FUN_ffffffffbfc28414.asm
ffffffffbfc284f4	FUN_ffffffffbfc284f4	bootloader-support	196	DEFAULT	success	8637dc9b8371eae927036989214b4416b139b40a12d8a7e68b7fec05c9e65e41	1	1	0	decompiled/ffffffffbfc284f4_FUN_ffffffffbfc284f4.c	assembly/ffffffffbfc284f4_FUN_ffffffffbfc284f4.asm
ffffffffbfc285b8	thunk_FUN_ffffffffbfc284f4	bootloader-support	28	DEFAULT	success	78cb8857dff2c0a9b1e9b721540a4abb406bfc63389d0568689a965e36a53ae6	1	1	0	decompiled/ffffffffbfc285b8_thunk_FUN_ffffffffbfc284f4.c	assembly/ffffffffbfc285b8_thunk_FUN_ffffffffbfc284f4.asm
ffffffffbfc285d4	FUN_ffffffffbfc285d4	bootloader-support	232	DEFAULT	success	5829054971312fda02fa8f2f54d22e7b3cf3794abc6d8ef9a117b8866718f66c	3	2	2	decompiled/ffffffffbfc285d4_FUN_ffffffffbfc285d4.c	assembly/ffffffffbfc285d4_FUN_ffffffffbfc285d4.asm
ffffffffbfc286bc	FUN_ffffffffbfc286bc	bootloader-support	316	DEFAULT	success	831547e509c38c685b5dadb278584fc6f217013543567668a56653a6ab3e7069	1	3	1	decompiled/ffffffffbfc286bc_FUN_ffffffffbfc286bc.c	assembly/ffffffffbfc286bc_FUN_ffffffffbfc286bc.asm
ffffffffbfc2883c	FUN_ffffffffbfc2883c	bootloader-support	100	DEFAULT	success	e7ba48aa5142dd4c8c8526f00afa7d2f4a81f7b7562201121f6e2cc6d02b97ff	0	2	0	decompiled/ffffffffbfc2883c_FUN_ffffffffbfc2883c.c	assembly/ffffffffbfc2883c_FUN_ffffffffbfc2883c.asm
ffffffffbfc288a0	FUN_ffffffffbfc288a0	bootloader-support	164	DEFAULT	success	2607503f790907d45b657730993b7715f77fb2d70df6e6fbc47a1658b37522c9	0	2	1	decompiled/ffffffffbfc288a0_FUN_ffffffffbfc288a0.c	assembly/ffffffffbfc288a0_FUN_ffffffffbfc288a0.asm
ffffffffbfc28944	FUN_ffffffffbfc28944	bootloader-support	264	DEFAULT	success	f64500fcae6ab62d2c3c77521d6eb015cbcc554841dddd67be6c50ad0c6e96c6	0	3	0	decompiled/ffffffffbfc28944_FUN_ffffffffbfc28944.c	assembly/ffffffffbfc28944_FUN_ffffffffbfc28944.asm
ffffffffbfc297f0	FUN_ffffffffbfc297f0	bootloader-support	272	DEFAULT	success	a4335bcd897c712e352511bb48a6cae798c4276e827120ec420acc6161d5cf31	2	3	0	decompiled/ffffffffbfc297f0_FUN_ffffffffbfc297f0.c	assembly/ffffffffbfc297f0_FUN_ffffffffbfc297f0.asm
ffffffffbfc29900	FUN_ffffffffbfc29900	bootloader-support	372	DEFAULT	success	e201bdaea488412bad39dd42c8e90e961e4ac0ddfaebe9678d2224b9c12692d4	2	0	0	decompiled/ffffffffbfc29900_FUN_ffffffffbfc29900.c	assembly/ffffffffbfc29900_FUN_ffffffffbfc29900.asm
ffffffffbfc29a78	FUN_ffffffffbfc29a78	bootloader-support	44	DEFAULT	success	d96b104d41de31e224952c752f89c078e86b9eea2ff1d4169aa667a9dca60368	3	0	0	decompiled/ffffffffbfc29a78_FUN_ffffffffbfc29a78.c	assembly/ffffffffbfc29a78_FUN_ffffffffbfc29a78.asm
ffffffffbfc29aa4	FUN_ffffffffbfc29aa4	bootloader-support	44	DEFAULT	success	c7dad779c877eb06e70c875df7284123f02841b35b26375d33172ce055473acf	3	0	0	decompiled/ffffffffbfc29aa4_FUN_ffffffffbfc29aa4.c	assembly/ffffffffbfc29aa4_FUN_ffffffffbfc29aa4.asm
ffffffffbfc29ad0	FUN_ffffffffbfc29ad0	bootloader-support	44	DEFAULT	success	01777f518695731f7c3fd768673a329403654f2f10dce56dbd3fd25e0da1ad9f	3	0	0	decompiled/ffffffffbfc29ad0_FUN_ffffffffbfc29ad0.c	assembly/ffffffffbfc29ad0_FUN_ffffffffbfc29ad0.asm
ffffffffbfc29afc	FUN_ffffffffbfc29afc	bootloader-support	48	DEFAULT	success	bdb1e87a937b5b3ebbd9155d31e7474c192b5118ccd80121c6011b741b9acb2f	6	0	0	decompiled/ffffffffbfc29afc_FUN_ffffffffbfc29afc.c	assembly/ffffffffbfc29afc_FUN_ffffffffbfc29afc.asm
ffffffffbfc29b2c	FUN_ffffffffbfc29b2c	bootloader-support	32	DEFAULT	success	36bf0f1e3b811a9b80eab63218794f24f6842be2116195cbaabc1a753516e0c3	2	0	0	decompiled/ffffffffbfc29b2c_FUN_ffffffffbfc29b2c.c	assembly/ffffffffbfc29b2c_FUN_ffffffffbfc29b2c.asm
ffffffffbfc29b4c	FUN_ffffffffbfc29b4c	bootloader-support	32	DEFAULT	success	4bdd584db1db3fecb6380286de51e630465336e3d7cbad109f33a7c1722cece0	1	0	0	decompiled/ffffffffbfc29b4c_FUN_ffffffffbfc29b4c.c	assembly/ffffffffbfc29b4c_FUN_ffffffffbfc29b4c.asm
ffffffffbfc29b6c	FUN_ffffffffbfc29b6c	bootloader-support	56	DEFAULT	success	22475b846dbd0e4aff7f9261623a07226287cbc9fa199701416bc217a10c6e89	2	0	0	decompiled/ffffffffbfc29b6c_FUN_ffffffffbfc29b6c.c	assembly/ffffffffbfc29b6c_FUN_ffffffffbfc29b6c.asm
ffffffffbfc29ba4	FUN_ffffffffbfc29ba4	bootloader-support	212	DEFAULT	success	1f1d80bfc60fe7ed15c1098a5dab05f2214866904e6276d0a7c19c3e0f25fc82	8	2	0	decompiled/ffffffffbfc29ba4_FUN_ffffffffbfc29ba4.c	assembly/ffffffffbfc29ba4_FUN_ffffffffbfc29ba4.asm
ffffffffbfc29c78	octeon_mdio_write_c22	mdio	220	USER_DEFINED	success	a97e8c5b683aa180991c141892d93f7b92914f39e3a2bc867013af6aa0c80aa8	6	2	0	decompiled/ffffffffbfc29c78_octeon_mdio_write_c22.c	assembly/ffffffffbfc29c78_octeon_mdio_write_c22.asm
ffffffffbfc29d5c	octeon_mdio_read_c22	mdio	124	USER_DEFINED	success	bdbb0dc45a30c7072d43657735137741642bf75f334ea8a59212061238072064	2	2	1	decompiled/ffffffffbfc29d5c_octeon_mdio_read_c22.c	assembly/ffffffffbfc29d5c_octeon_mdio_read_c22.asm
ffffffffbfc29dd8	bcm53115_pseudophy_write64	bcm53115-switch	384	USER_DEFINED	success	b19cb368b6322fde2503aaa94b911522d5cbeb55b986636a94312231713e9be6	2	4	1	decompiled/ffffffffbfc29dd8_bcm53115_pseudophy_write64.c	assembly/ffffffffbfc29dd8_bcm53115_pseudophy_write64.asm
ffffffffbfc29f58	bcm53115_pseudophy_read	bcm53115-switch	376	USER_DEFINED	success	97907dc9d9c1f25f279312a65d9d6752c2f61262360ed44e39a8bf8d623e49de	1	4	1	decompiled/ffffffffbfc29f58_bcm53115_pseudophy_read.c	assembly/ffffffffbfc29f58_bcm53115_pseudophy_read.asm
ffffffffbfc2a0d0	FUN_ffffffffbfc2a0d0	bootloader-support	348	DEFAULT	success	625ef1504a7aea6ff023c3db91523f5d41035d807c07525ca7bbb83e08dad39d	1	3	0	decompiled/ffffffffbfc2a0d0_FUN_ffffffffbfc2a0d0.c	assembly/ffffffffbfc2a0d0_FUN_ffffffffbfc2a0d0.asm
ffffffffbfc2a22c	FUN_ffffffffbfc2a22c	bootloader-support	292	DEFAULT	success	2794d075721addcd5f1a7ecc5cc8c1582bf7e1893af924d0186739ca887c2864	1	3	0	decompiled/ffffffffbfc2a22c_FUN_ffffffffbfc2a22c.c	assembly/ffffffffbfc2a22c_FUN_ffffffffbfc2a22c.asm
ffffffffbfc2a350	FUN_ffffffffbfc2a350	bootloader-support	260	DEFAULT	success	877d1fac571a9744e1cf61f6ea1c8d122f18b03230b3156d1610d2c2d428c94d	1	2	0	decompiled/ffffffffbfc2a350_FUN_ffffffffbfc2a350.c	assembly/ffffffffbfc2a350_FUN_ffffffffbfc2a350.asm
ffffffffbfc2a454	FUN_ffffffffbfc2a454	bootloader-support	864	DEFAULT	success	b21795dcb8d1fa3c1db1a4519ea7e3ac2a8f5c4eed4149fe86e205f7c84ffbb2	1	13	10	decompiled/ffffffffbfc2a454_FUN_ffffffffbfc2a454.c	assembly/ffffffffbfc2a454_FUN_ffffffffbfc2a454.asm
ffffffffbfc2a7b4	FUN_ffffffffbfc2a7b4	bootloader-support	48	DEFAULT	success	c9e3332dd51a6ab01944f3865a1ccb2ebe7fd103ed7c22c8bb4a88e0c73cb409	1	1	1	decompiled/ffffffffbfc2a7b4_FUN_ffffffffbfc2a7b4.c	assembly/ffffffffbfc2a7b4_FUN_ffffffffbfc2a7b4.asm
ffffffffbfc2a7e4	FUN_ffffffffbfc2a7e4	bootloader-support	84	DEFAULT	success	00f473f640bf05eabcb218a8a876c8a69f8e2e465422532b8c48828b0829f994	5	1	1	decompiled/ffffffffbfc2a7e4_FUN_ffffffffbfc2a7e4.c	assembly/ffffffffbfc2a7e4_FUN_ffffffffbfc2a7e4.asm
ffffffffbfc2a838	FUN_ffffffffbfc2a838	bootloader-support	64	DEFAULT	success	a4558cb080255f06c698c4b3bf8ff57781030f44a7c8e105edeebd933d99a13a	2	1	0	decompiled/ffffffffbfc2a838_FUN_ffffffffbfc2a838.c	assembly/ffffffffbfc2a838_FUN_ffffffffbfc2a838.asm
ffffffffbfc2a8b0	FUN_ffffffffbfc2a8b0	bootloader-support	76	DEFAULT	success	6e77904439677facaf26855419c4d6b8951fb6fe4f296a7b8b6d92b6ea27e73b	2	1	1	decompiled/ffffffffbfc2a8b0_FUN_ffffffffbfc2a8b0.c	assembly/ffffffffbfc2a8b0_FUN_ffffffffbfc2a8b0.asm
ffffffffbfc2a8fc	FUN_ffffffffbfc2a8fc	bootloader-support	104	DEFAULT	success	3a394fa8a3cd605c56007b7399ae7bd4f09dcb913be1be22ee5693da23fae630	6	1	0	decompiled/ffffffffbfc2a8fc_FUN_ffffffffbfc2a8fc.c	assembly/ffffffffbfc2a8fc_FUN_ffffffffbfc2a8fc.asm
ffffffffbfc2a964	FUN_ffffffffbfc2a964	bootloader-support	192	DEFAULT	success	3bde7f8db64f52f75a1cb31d7120799099ac43eeabd15ba3bb57f2cef19a4741	4	2	0	decompiled/ffffffffbfc2a964_FUN_ffffffffbfc2a964.c	assembly/ffffffffbfc2a964_FUN_ffffffffbfc2a964.asm
ffffffffbfc2aa24	FUN_ffffffffbfc2aa24	bootloader-support	116	DEFAULT	success	014ab4886e8b2dcf1b2a73637f7e28c1d202e8e9b73f4edeb32e7489f6b06fea	0	2	0	decompiled/ffffffffbfc2aa24_FUN_ffffffffbfc2aa24.c	assembly/ffffffffbfc2aa24_FUN_ffffffffbfc2aa24.asm
ffffffffbfc2aa98	FUN_ffffffffbfc2aa98	bootloader-support	104	DEFAULT	success	d1fde5cc0a3961ecc61c63f664ae6a193735b694da43873f506306e929d08c89	1	1	1	decompiled/ffffffffbfc2aa98_FUN_ffffffffbfc2aa98.c	assembly/ffffffffbfc2aa98_FUN_ffffffffbfc2aa98.asm
ffffffffbfc2ab00	FUN_ffffffffbfc2ab00	bootloader-support	180	DEFAULT	success	df1a3f0299c13f137a7734203402164852466a0ee7bf204011b2fb30c2f6e687	3	3	2	decompiled/ffffffffbfc2ab00_FUN_ffffffffbfc2ab00.c	assembly/ffffffffbfc2ab00_FUN_ffffffffbfc2ab00.asm
ffffffffbfc2abb4	FUN_ffffffffbfc2abb4	bootloader-support	240	DEFAULT	success	df6e2162f7524b080108c6d125a2080558feba301ab7279ded5fd4e2e3edfaac	3	3	2	decompiled/ffffffffbfc2abb4_FUN_ffffffffbfc2abb4.c	assembly/ffffffffbfc2abb4_FUN_ffffffffbfc2abb4.asm
ffffffffbfc2acd8	FUN_ffffffffbfc2acd8	bootloader-support	212	DEFAULT	success	7444731a6737eda9d550953296a91436cd1463b023d2439a0c902b0a8f1cc484	0	5	1	decompiled/ffffffffbfc2acd8_FUN_ffffffffbfc2acd8.c	assembly/ffffffffbfc2acd8_FUN_ffffffffbfc2acd8.asm
ffffffffbfc2add8	FUN_ffffffffbfc2add8	bootloader-support	708	DEFAULT	success	def053d6c00b80b6ebd904f9fe731b6f8942ee18deac180ca257381f54781722	1	8	2	decompiled/ffffffffbfc2add8_FUN_ffffffffbfc2add8.c	assembly/ffffffffbfc2add8_FUN_ffffffffbfc2add8.asm
ffffffffbfc2b09c	FUN_ffffffffbfc2b09c	bootloader-support	296	DEFAULT	success	4bad86278d7f33de0781a3f4d46b75fe17421d9b83ccff1a871b8eef0fe70fca	1	7	1	decompiled/ffffffffbfc2b09c_FUN_ffffffffbfc2b09c.c	assembly/ffffffffbfc2b09c_FUN_ffffffffbfc2b09c.asm
ffffffffbfc2b1c4	FUN_ffffffffbfc2b1c4	bootloader-support	272	DEFAULT	success	18ffba4ad6d8baa2b867eab158d405817f9db35d9e20a7f4a093d41ee346a158	1	4	2	decompiled/ffffffffbfc2b1c4_FUN_ffffffffbfc2b1c4.c	assembly/ffffffffbfc2b1c4_FUN_ffffffffbfc2b1c4.asm
ffffffffbfc2b2d4	FUN_ffffffffbfc2b2d4	bootloader-support	896	DEFAULT	success	96d1e86ad80a17798ebfe2e1ca9d213dc3ad1e4a4c36bd25491a991c982156b9	0	12	3	decompiled/ffffffffbfc2b2d4_FUN_ffffffffbfc2b2d4.c	assembly/ffffffffbfc2b2d4_FUN_ffffffffbfc2b2d4.asm
ffffffffbfc2b654	FUN_ffffffffbfc2b654	bootloader-support	1600	DEFAULT	success	760e78c057b4380ab680679449b8d3cd626d1547d472f79a861c173b45d770be	1	18	5	decompiled/ffffffffbfc2b654_FUN_ffffffffbfc2b654.c	assembly/ffffffffbfc2b654_FUN_ffffffffbfc2b654.asm
ffffffffbfc2bc94	FUN_ffffffffbfc2bc94	bootloader-support	116	DEFAULT	success	604a5c031229a7af25d524b6f2a1c33e6f7d300423a77ae96a182a761c0bd5ca	3	3	2	decompiled/ffffffffbfc2bc94_FUN_ffffffffbfc2bc94.c	assembly/ffffffffbfc2bc94_FUN_ffffffffbfc2bc94.asm
ffffffffbfc2bd08	FUN_ffffffffbfc2bd08	bootloader-support	436	DEFAULT	success	026b021b8c1d7b45b0e294e06b10e3c722ceb1f1c3cbb9fad7a83f950c19a27d	0	5	0	decompiled/ffffffffbfc2bd08_FUN_ffffffffbfc2bd08.c	assembly/ffffffffbfc2bd08_FUN_ffffffffbfc2bd08.asm
ffffffffbfc2bec0	FUN_ffffffffbfc2bec0	bootloader-support	24	DEFAULT	success	cc3d175795e0fb75cdfea86c4153aba4ca3e564fb21ce40ee5cf33bd4b7a7081	6	0	0	decompiled/ffffffffbfc2bec0_FUN_ffffffffbfc2bec0.c	assembly/ffffffffbfc2bec0_FUN_ffffffffbfc2bec0.asm
ffffffffbfc2bed8	FUN_ffffffffbfc2bed8	bootloader-support	40	DEFAULT	success	9af48d466df3a404ca073a2924e6e868b532342c971031412c31c30f9ebcf315	6	0	0	decompiled/ffffffffbfc2bed8_FUN_ffffffffbfc2bed8.c	assembly/ffffffffbfc2bed8_FUN_ffffffffbfc2bed8.asm
ffffffffbfc2bf00	FUN_ffffffffbfc2bf00	bootloader-support	372	DEFAULT	success	ddbb37015729b244247bf33f1bb4ab738b896d613c8a4201a088c1e5f5d03394	1	0	0	decompiled/ffffffffbfc2bf00_FUN_ffffffffbfc2bf00.c	assembly/ffffffffbfc2bf00_FUN_ffffffffbfc2bf00.asm
ffffffffbfc2c078	FUN_ffffffffbfc2c078	bootloader-support	48	DEFAULT	success	2e3cc5d0d2903baf99f2a32876b8c351d697f81fd94cf384d988bfe089349616	2	0	0	decompiled/ffffffffbfc2c078_FUN_ffffffffbfc2c078.c	assembly/ffffffffbfc2c078_FUN_ffffffffbfc2c078.asm
ffffffffbfc2c0a8	FUN_ffffffffbfc2c0a8	bootloader-support	196	DEFAULT	success	46f690c668f6245e69aadc36c7669379fa66f6f4a41b3373c92e0ad1331f32b5	3	2	0	decompiled/ffffffffbfc2c0a8_FUN_ffffffffbfc2c0a8.c	assembly/ffffffffbfc2c0a8_FUN_ffffffffbfc2c0a8.asm
ffffffffbfc2c16c	FUN_ffffffffbfc2c16c	bootloader-support	92	DEFAULT	success	2401753859362616a8506492a95bf1442034cfd080c3ecb0e8343b9f8000795c	0	1	0	decompiled/ffffffffbfc2c16c_FUN_ffffffffbfc2c16c.c	assembly/ffffffffbfc2c16c_FUN_ffffffffbfc2c16c.asm
ffffffffbfc2c1c8	FUN_ffffffffbfc2c1c8	bootloader-support	92	DEFAULT	success	700d9efd745818e7adaacefba1c589979f1b6d4f5b077245810821b163e6bde8	0	1	0	decompiled/ffffffffbfc2c1c8_FUN_ffffffffbfc2c1c8.c	assembly/ffffffffbfc2c1c8_FUN_ffffffffbfc2c1c8.asm
ffffffffbfc2c224	FUN_ffffffffbfc2c224	bootloader-support	92	DEFAULT	success	34b98e4e58e627cc3a5018f272f4e508bcc0644bde96cf7e91d635963746fd9c	0	1	0	decompiled/ffffffffbfc2c224_FUN_ffffffffbfc2c224.c	assembly/ffffffffbfc2c224_FUN_ffffffffbfc2c224.asm
ffffffffbfc2c280	FUN_ffffffffbfc2c280	bootloader-support	172	DEFAULT	success	058b81ecbda9a954cd9084711cc0d2873d2d6ff576f0cdcae8c3591a567a18b2	0	2	0	decompiled/ffffffffbfc2c280_FUN_ffffffffbfc2c280.c	assembly/ffffffffbfc2c280_FUN_ffffffffbfc2c280.asm
ffffffffbfc2c32c	FUN_ffffffffbfc2c32c	bootloader-support	24	DEFAULT	success	3db0d1bfd4d55989a607c72f941ee93c43b7253ea5b52958180cbdc0e272961a	0	0	0	decompiled/ffffffffbfc2c32c_FUN_ffffffffbfc2c32c.c	assembly/ffffffffbfc2c32c_FUN_ffffffffbfc2c32c.asm
ffffffffbfc2c344	FUN_ffffffffbfc2c344	bootloader-support	24	DEFAULT	success	d841ed1953f7afb1c1c1cfc5742fbb87ecb060b2b88699c43091f637a52ee2c1	0	0	0	decompiled/ffffffffbfc2c344_FUN_ffffffffbfc2c344.c	assembly/ffffffffbfc2c344_FUN_ffffffffbfc2c344.asm
ffffffffbfc2c374	FUN_ffffffffbfc2c374	bootloader-support	56	DEFAULT	success	ef15e7b91fc17e53ab9be169d108b792b9de0e948ddf53b6e3d18af32ad016b9	1	1	0	decompiled/ffffffffbfc2c374_FUN_ffffffffbfc2c374.c	assembly/ffffffffbfc2c374_FUN_ffffffffbfc2c374.asm
ffffffffbfc2c3ac	FUN_ffffffffbfc2c3ac	bootloader-support	84	DEFAULT	success	f85659100a6c2c19a36eccabe934d8a0a9e96a90d9f36adb546965878e4b21c2	0	1	0	decompiled/ffffffffbfc2c3ac_FUN_ffffffffbfc2c3ac.c	assembly/ffffffffbfc2c3ac_FUN_ffffffffbfc2c3ac.asm
ffffffffbfc2c46c	FUN_ffffffffbfc2c46c	bootloader-support	112	DEFAULT	success	ac136f75137823834cca70d5a452e9b185c1bedc849cf45efd67045571f87c52	0	1	0	decompiled/ffffffffbfc2c46c_FUN_ffffffffbfc2c46c.c	assembly/ffffffffbfc2c46c_FUN_ffffffffbfc2c46c.asm
ffffffffbfc2c4dc	FUN_ffffffffbfc2c4dc	bootloader-support	108	DEFAULT	success	f25f4293b226781ea22a701437c5cc93433d2b80b5a2b1f75f68b7f0a017966e	0	1	0	decompiled/ffffffffbfc2c4dc_FUN_ffffffffbfc2c4dc.c	assembly/ffffffffbfc2c4dc_FUN_ffffffffbfc2c4dc.asm
ffffffffbfc2c548	FUN_ffffffffbfc2c548	bootloader-support	192	DEFAULT	success	7882b437c8c1dbb3a936e8126a1862c1c4cf0619002b61de31671e9b536e461f	0	2	0	decompiled/ffffffffbfc2c548_FUN_ffffffffbfc2c548.c	assembly/ffffffffbfc2c548_FUN_ffffffffbfc2c548.asm
ffffffffbfc2c628	FUN_ffffffffbfc2c628	bootloader-support	32	DEFAULT	success	9d6d5bfd20a9ec6825f52d0918e3e4e34fa611e30894c0cc0741b8b0f3d47165	0	0	0	decompiled/ffffffffbfc2c628_FUN_ffffffffbfc2c628.c	assembly/ffffffffbfc2c628_FUN_ffffffffbfc2c628.asm
ffffffffbfc2c648	FUN_ffffffffbfc2c648	bootloader-support	32	DEFAULT	success	54afe6a9163c998b311383686da2dca5ceac69dd6165ecd2d6f53f734717ace3	0	0	0	decompiled/ffffffffbfc2c648_FUN_ffffffffbfc2c648.c	assembly/ffffffffbfc2c648_FUN_ffffffffbfc2c648.asm
ffffffffbfc2c668	FUN_ffffffffbfc2c668	bootloader-support	200	DEFAULT	success	31dfaf93e4d5a8aaf3c6caeb2d83d56e730d046daa2b8b34aabceb43838fd7de	3	2	0	decompiled/ffffffffbfc2c668_FUN_ffffffffbfc2c668.c	assembly/ffffffffbfc2c668_FUN_ffffffffbfc2c668.asm
ffffffffbfc2c730	FUN_ffffffffbfc2c730	bootloader-support	68	DEFAULT	success	df47390f1f2ea3260146f53035e6c746a7b714cd0ead142c6e99f9db7f1712a9	0	1	0	decompiled/ffffffffbfc2c730_FUN_ffffffffbfc2c730.c	assembly/ffffffffbfc2c730_FUN_ffffffffbfc2c730.asm
ffffffffbfc2c774	FUN_ffffffffbfc2c774	bootloader-support	72	DEFAULT	success	1e3553e88a04e145754dba982f4ec30827400c1c38df6bba678dc525a63948d1	0	1	0	decompiled/ffffffffbfc2c774_FUN_ffffffffbfc2c774.c	assembly/ffffffffbfc2c774_FUN_ffffffffbfc2c774.asm
ffffffffbfc2c7bc	FUN_ffffffffbfc2c7bc	bootloader-support	72	DEFAULT	success	683755e4bdaf241b4589e5024f706a2a8d8af75646ed59210f554ed5cf86b1f3	0	1	0	decompiled/ffffffffbfc2c7bc_FUN_ffffffffbfc2c7bc.c	assembly/ffffffffbfc2c7bc_FUN_ffffffffbfc2c7bc.asm
ffffffffbfc2c804	FUN_ffffffffbfc2c804	bootloader-support	1136	DEFAULT	success	e79b8cbdda40fa6f0506d4259256b73c9f876756751b3fdbcf4464dbd2cf8381	1	4	4	decompiled/ffffffffbfc2c804_FUN_ffffffffbfc2c804.c	assembly/ffffffffbfc2c804_FUN_ffffffffbfc2c804.asm
ffffffffbfc2cc7c	FUN_ffffffffbfc2cc7c	bootloader-support	576	DEFAULT	success	a381f650bb03ffedc52860e3830780a46f728a747be9a5ad409aaf7b33fd58e4	1	6	2	decompiled/ffffffffbfc2cc7c_FUN_ffffffffbfc2cc7c.c	assembly/ffffffffbfc2cc7c_FUN_ffffffffbfc2cc7c.asm
ffffffffbfc2cec0	FUN_ffffffffbfc2cec0	bootloader-support	48	DEFAULT	success	ed14d48bd174b1bfae27374ff0336c1cb2379fee6fa2b36db55518f73c060ab3	1	0	0	decompiled/ffffffffbfc2cec0_FUN_ffffffffbfc2cec0.c	assembly/ffffffffbfc2cec0_FUN_ffffffffbfc2cec0.asm
ffffffffbfc2cef0	FUN_ffffffffbfc2cef0	bootloader-support	432	DEFAULT	success	0fc896fac259543995c2fa1ec6756749122d69932401a4b374aa0e5e51e49f94	1	1	0	decompiled/ffffffffbfc2cef0_FUN_ffffffffbfc2cef0.c	assembly/ffffffffbfc2cef0_FUN_ffffffffbfc2cef0.asm
ffffffffbfc2d0b0	FUN_ffffffffbfc2d0b0	bootloader-support	732	DEFAULT	success	792d72e368014e4c2bca4e34053b96d75a76b08236b670a748b1787f1834a9c9	0	0	0	decompiled/ffffffffbfc2d0b0_FUN_ffffffffbfc2d0b0.c	assembly/ffffffffbfc2d0b0_FUN_ffffffffbfc2d0b0.asm
ffffffffbfc2d390	FUN_ffffffffbfc2d390	bootloader-support	3372	DEFAULT	success	3a781a0491fd4411574e8bccf6bf25f9857a003ae3f84f7e6d5641c296a28f57	0	0	0	decompiled/ffffffffbfc2d390_FUN_ffffffffbfc2d390.c	assembly/ffffffffbfc2d390_FUN_ffffffffbfc2d390.asm
ffffffffbfc2e0c0	FUN_ffffffffbfc2e0c0	bootloader-support	104	DEFAULT	success	39535c0b660c80c9ba072c274197f45afb6544cb289660fa9edbf0c4fa3cb05e	0	0	0	decompiled/ffffffffbfc2e0c0_FUN_ffffffffbfc2e0c0.c	assembly/ffffffffbfc2e0c0_FUN_ffffffffbfc2e0c0.asm
ffffffffbfc2e180	FUN_ffffffffbfc2e180	bootloader-support	212	DEFAULT	success	cc5fb93650221c9ceea409afd67fb89b70895902264aca38fb4e9b994d807423	1	0	0	decompiled/ffffffffbfc2e180_FUN_ffffffffbfc2e180.c	assembly/ffffffffbfc2e180_FUN_ffffffffbfc2e180.asm
ffffffffbfc2e280	FUN_ffffffffbfc2e280	bootloader-support	32	DEFAULT	success	85f97ceb39f5cc882a71243b51e26d6aee5514a3e572e3eb255019259532414b	3	0	0	decompiled/ffffffffbfc2e280_FUN_ffffffffbfc2e280.c	assembly/ffffffffbfc2e280_FUN_ffffffffbfc2e280.asm
ffffffffbfc2e2a0	FUN_ffffffffbfc2e2a0	bootloader-support	112	DEFAULT	success	189ffe67b8fbe6c2889bfcf33c30759f6bcba9b7e095e28237fc1379d944636e	4	1	0	decompiled/ffffffffbfc2e2a0_FUN_ffffffffbfc2e2a0.c	assembly/ffffffffbfc2e2a0_FUN_ffffffffbfc2e2a0.asm
ffffffffbfc2e310	FUN_ffffffffbfc2e310	bootloader-support	332	DEFAULT	success	11805f3d85cbb126ef3cfb11c9d3241a8a5ae73b01da6c817470f355466bfe1e	2	1	0	decompiled/ffffffffbfc2e310_FUN_ffffffffbfc2e310.c	assembly/ffffffffbfc2e310_FUN_ffffffffbfc2e310.asm
ffffffffbfc2e45c	FUN_ffffffffbfc2e45c	bootloader-support	84	DEFAULT	success	8eb6b8ce5c8995079da3663ad5076138eb8cd9d121a9070b857e490661b2d077	3	1	1	decompiled/ffffffffbfc2e45c_FUN_ffffffffbfc2e45c.c	assembly/ffffffffbfc2e45c_FUN_ffffffffbfc2e45c.asm
ffffffffbfc2e4b0	FUN_ffffffffbfc2e4b0	bootloader-support	104	DEFAULT	success	3c5d4859f811b2f19722f0c056dc73eef7039fc338301187c03db5448b892bdb	1	2	0	decompiled/ffffffffbfc2e4b0_FUN_ffffffffbfc2e4b0.c	assembly/ffffffffbfc2e4b0_FUN_ffffffffbfc2e4b0.asm
ffffffffbfc2e518	FUN_ffffffffbfc2e518	bootloader-support	76	DEFAULT	success	6634ff3ef3b102af2048bc49c50b5191fd75282ced5694bb4ded6cd12db5c8b0	2	1	1	decompiled/ffffffffbfc2e518_FUN_ffffffffbfc2e518.c	assembly/ffffffffbfc2e518_FUN_ffffffffbfc2e518.asm
ffffffffbfc2e564	FUN_ffffffffbfc2e564	bootloader-support	372	DEFAULT	success	ff3c00ae66fff16d0661acd0a68cc8e98f18a30d5ca5309e85aea3182b5d785d	1	6	2	decompiled/ffffffffbfc2e564_FUN_ffffffffbfc2e564.c	assembly/ffffffffbfc2e564_FUN_ffffffffbfc2e564.asm
ffffffffbfc2e6d8	FUN_ffffffffbfc2e6d8	bootloader-support	672	DEFAULT	success	ddf47cb31fc23e3fcb25ef82cf3a292ccd6a2c75ebb8791b2cba56a6307d125e	1	8	6	decompiled/ffffffffbfc2e6d8_FUN_ffffffffbfc2e6d8.c	assembly/ffffffffbfc2e6d8_FUN_ffffffffbfc2e6d8.asm
ffffffffbfc2e980	FUN_ffffffffbfc2e980	bootloader-support	372	DEFAULT	success	0d3cb355bf23238ef06a9806a906446510e4d5d9816ffadda9006d969ce4089c	3	0	0	decompiled/ffffffffbfc2e980_FUN_ffffffffbfc2e980.c	assembly/ffffffffbfc2e980_FUN_ffffffffbfc2e980.asm
ffffffffbfc2eaf8	FUN_ffffffffbfc2eaf8	bootloader-support	48	DEFAULT	success	6ef87f02202a0b531a16687437f0a43cc59ef70404001edf4d3e54277a7fd44e	2	0	0	decompiled/ffffffffbfc2eaf8_FUN_ffffffffbfc2eaf8.c	assembly/ffffffffbfc2eaf8_FUN_ffffffffbfc2eaf8.asm
ffffffffbfc2eb28	FUN_ffffffffbfc2eb28	bootloader-support	116	DEFAULT	success	844d257e1b8fb4247de1fced867d92db9f77b1f43e3b2959ac4caf0ebc4ef320	4	1	0	decompiled/ffffffffbfc2eb28_FUN_ffffffffbfc2eb28.c	assembly/ffffffffbfc2eb28_FUN_ffffffffbfc2eb28.asm
ffffffffbfc2eb9c	FUN_ffffffffbfc2eb9c	bootloader-support	36	DEFAULT	success	fe66b13c039cf00dc294e3267644a5acbf03cfa55eb667500cc0330f7dd40ddf	6	0	0	decompiled/ffffffffbfc2eb9c_FUN_ffffffffbfc2eb9c.c	assembly/ffffffffbfc2eb9c_FUN_ffffffffbfc2eb9c.asm
ffffffffbfc2ebc0	thunk_FUN_ffffffffbfc352b8	bootloader-support	24	DEFAULT	success	75d68266823efc2a6a5dc243e314339e874e238c8c8dd8c09e63af5e7c723c66	1	1	0	decompiled/ffffffffbfc2ebc0_thunk_FUN_ffffffffbfc352b8.c	assembly/ffffffffbfc2ebc0_thunk_FUN_ffffffffbfc352b8.asm
ffffffffbfc2ebd8	FUN_ffffffffbfc2ebd8	bootloader-support	544	DEFAULT	success	869f51203767f61e82dcff342333027b05d92b17b360daa187656babe03db68e	10	2	0	decompiled/ffffffffbfc2ebd8_FUN_ffffffffbfc2ebd8.c	assembly/ffffffffbfc2ebd8_FUN_ffffffffbfc2ebd8.asm
ffffffffbfc2edf8	FUN_ffffffffbfc2edf8	bootloader-support	208	DEFAULT	success	62db3f19dd1aa985253d970885c3cce4f423bef856fd5c5c339c24956a1b1ae4	3	3	0	decompiled/ffffffffbfc2edf8_FUN_ffffffffbfc2edf8.c	assembly/ffffffffbfc2edf8_FUN_ffffffffbfc2edf8.asm
ffffffffbfc2ef24	FUN_ffffffffbfc2ef24	bootloader-support	200	DEFAULT	success	8016d7902929ec6d0d8aaf70e86e561be4aecf17a24d55136ffe646c6e4f2d62	2	3	0	decompiled/ffffffffbfc2ef24_FUN_ffffffffbfc2ef24.c	assembly/ffffffffbfc2ef24_FUN_ffffffffbfc2ef24.asm
ffffffffbfc2f02c	FUN_ffffffffbfc2f02c	bootloader-support	172	DEFAULT	success	8254d744eb519f45a8f435b33f340472f3e7cd5822a44dd72e6d6365c5c2a4b2	2	2	0	decompiled/ffffffffbfc2f02c_FUN_ffffffffbfc2f02c.c	assembly/ffffffffbfc2f02c_FUN_ffffffffbfc2f02c.asm
ffffffffbfc2f12c	FUN_ffffffffbfc2f12c	bootloader-support	356	DEFAULT	success	713ffe5e466c23becbc18128d311e5220b98a2d899e8b84571a7766f6a7c5ef1	1	9	1	decompiled/ffffffffbfc2f12c_FUN_ffffffffbfc2f12c.c	assembly/ffffffffbfc2f12c_FUN_ffffffffbfc2f12c.asm
ffffffffbfc2f2c8	FUN_ffffffffbfc2f2c8	bootloader-support	188	DEFAULT	success	c154b063a2e4de50e22fc928c8ebdcd87e12daf6acdf90bb14b526527c4ad22d	3	4	0	decompiled/ffffffffbfc2f2c8_FUN_ffffffffbfc2f2c8.c	assembly/ffffffffbfc2f2c8_FUN_ffffffffbfc2f2c8.asm
ffffffffbfc2f384	FUN_ffffffffbfc2f384	bootloader-support	1084	DEFAULT	success	4e18d4ee4d034c37bb6c278c14b606e4fda56356c6ce5d616b4d4418915a5e07	1	9	1	decompiled/ffffffffbfc2f384_FUN_ffffffffbfc2f384.c	assembly/ffffffffbfc2f384_FUN_ffffffffbfc2f384.asm
ffffffffbfc2f7ec	FUN_ffffffffbfc2f7ec	bootloader-support	44	DEFAULT	success	71f18436a56f9a7364d6dd955f4fe509b2ac710157f268341fcd9cf96de06169	1	0	0	decompiled/ffffffffbfc2f7ec_FUN_ffffffffbfc2f7ec.c	assembly/ffffffffbfc2f7ec_FUN_ffffffffbfc2f7ec.asm
ffffffffbfc2f818	FUN_ffffffffbfc2f818	bootloader-support	44	DEFAULT	success	7e6915bf32d3b540ab9d615f8976ca297af0794175878a1f1ba849bcaeb71b3f	1	0	0	decompiled/ffffffffbfc2f818_FUN_ffffffffbfc2f818.c	assembly/ffffffffbfc2f818_FUN_ffffffffbfc2f818.asm
ffffffffbfc2f844	FUN_ffffffffbfc2f844	bootloader-support	48	DEFAULT	success	5ee6c5f8a9e9718490984225bdd441cc21a719ec8664f3ae2a517a85477e63b6	1	0	0	decompiled/ffffffffbfc2f844_FUN_ffffffffbfc2f844.c	assembly/ffffffffbfc2f844_FUN_ffffffffbfc2f844.asm
ffffffffbfc2f874	FUN_ffffffffbfc2f874	bootloader-support	32	DEFAULT	success	b589e73422aa2fcf235df98ef5bdafff80bdaee0e25d5579ae690312040c0045	1	0	0	decompiled/ffffffffbfc2f874_FUN_ffffffffbfc2f874.c	assembly/ffffffffbfc2f874_FUN_ffffffffbfc2f874.asm
ffffffffbfc2f894	FUN_ffffffffbfc2f894	bootloader-support	56	DEFAULT	success	26582a9fa45bbf0137a2a96c10ee5c4acd4917f5c767693d78271ad888faacba	1	0	0	decompiled/ffffffffbfc2f894_FUN_ffffffffbfc2f894.c	assembly/ffffffffbfc2f894_FUN_ffffffffbfc2f894.asm
ffffffffbfc2f8cc	FUN_ffffffffbfc2f8cc	bootloader-support	48	DEFAULT	success	b9bf157b30bf5afe7a9f4f158e85cb3982f7e57556d30fd394a24c66d5d78eb6	1	1	1	decompiled/ffffffffbfc2f8cc_FUN_ffffffffbfc2f8cc.c	assembly/ffffffffbfc2f8cc_FUN_ffffffffbfc2f8cc.asm
ffffffffbfc2f8fc	FUN_ffffffffbfc2f8fc	bootloader-support	84	DEFAULT	success	51ff430d4d2621299bb567e7d3d1df229e09a505d48470679087732ec0c53533	3	1	1	decompiled/ffffffffbfc2f8fc_FUN_ffffffffbfc2f8fc.c	assembly/ffffffffbfc2f8fc_FUN_ffffffffbfc2f8fc.asm
ffffffffbfc2f950	FUN_ffffffffbfc2f950	bootloader-support	204	DEFAULT	success	ff690c52455e6ea40dbc3e3f6c000004d484a0ba25ac8a732e22a0a3b0ca973e	0	1	0	decompiled/ffffffffbfc2f950_FUN_ffffffffbfc2f950.c	assembly/ffffffffbfc2f950_FUN_ffffffffbfc2f950.asm
ffffffffbfc2fa54	FUN_ffffffffbfc2fa54	bootloader-support	64	DEFAULT	success	fb0dcf70d54860e722111487ddf26355e984033a3e3fa778209c37fd3bd6a2fd	1	1	0	decompiled/ffffffffbfc2fa54_FUN_ffffffffbfc2fa54.c	assembly/ffffffffbfc2fa54_FUN_ffffffffbfc2fa54.asm
ffffffffbfc2fa94	FUN_ffffffffbfc2fa94	bootloader-support	76	DEFAULT	success	40a209e4e94135d0fc50b7a1b5f1e40f546c422245c2ca17f40233e7dc1ad988	1	1	1	decompiled/ffffffffbfc2fa94_FUN_ffffffffbfc2fa94.c	assembly/ffffffffbfc2fa94_FUN_ffffffffbfc2fa94.asm
ffffffffbfc2fc38	FUN_ffffffffbfc2fc38	bootloader-support	104	DEFAULT	success	18e2f3a77da9965371b26c036c162ea54bd4ab2e2b2b19b41bb39affbc4da4e2	1	1	1	decompiled/ffffffffbfc2fc38_FUN_ffffffffbfc2fc38.c	assembly/ffffffffbfc2fc38_FUN_ffffffffbfc2fc38.asm
ffffffffbfc2fca0	FUN_ffffffffbfc2fca0	bootloader-support	1872	DEFAULT	success	09b43038b6e33cf17edb65528de4ac92ac238a7ca1ddbf663f642630570f13a2	1	14	5	decompiled/ffffffffbfc2fca0_FUN_ffffffffbfc2fca0.c	assembly/ffffffffbfc2fca0_FUN_ffffffffbfc2fca0.asm
ffffffffbfc303f0	FUN_ffffffffbfc303f0	bootloader-support	8	DEFAULT	success	c292433f8bdc3b4c864bcb49a5233d7f4c22c41f363df413ec8de8033ed7d9cf	0	0	0	decompiled/ffffffffbfc303f0_FUN_ffffffffbfc303f0.c	assembly/ffffffffbfc303f0_FUN_ffffffffbfc303f0.asm
ffffffffbfc303f8	FUN_ffffffffbfc303f8	bootloader-support	8	DEFAULT	success	7beda1f79b0aa3ebc4b041098bba7992e46ea234580f711f92c301b0db03ea02	0	0	0	decompiled/ffffffffbfc303f8_FUN_ffffffffbfc303f8.c	assembly/ffffffffbfc303f8_FUN_ffffffffbfc303f8.asm
ffffffffbfc30400	FUN_ffffffffbfc30400	bootloader-support	8	DEFAULT	success	5a795970c053169a5bf99522a8d8224f3d51904909c1a6b27cc28281723d1b7f	0	0	0	decompiled/ffffffffbfc30400_FUN_ffffffffbfc30400.c	assembly/ffffffffbfc30400_FUN_ffffffffbfc30400.asm
ffffffffbfc30408	FUN_ffffffffbfc30408	bootloader-support	8	DEFAULT	success	c9050dab73df25d8b0718ee6ac9f9aec4a1a8179bdee108532b7a39620e9d4c0	0	0	0	decompiled/ffffffffbfc30408_FUN_ffffffffbfc30408.c	assembly/ffffffffbfc30408_FUN_ffffffffbfc30408.asm
ffffffffbfc30410	FUN_ffffffffbfc30410	bootloader-support	372	DEFAULT	success	c0e319df4f0660f6e360405a17f671cf61a80fcbeb4f49554307bc1083350585	2	0	0	decompiled/ffffffffbfc30410_FUN_ffffffffbfc30410.c	assembly/ffffffffbfc30410_FUN_ffffffffbfc30410.asm
ffffffffbfc30588	FUN_ffffffffbfc30588	bootloader-support	44	DEFAULT	success	2cd0ba3d99bba878e7b18dd86b6d2993077bc9bcbd9e8878b1c1c23b3297bde5	1	0	0	decompiled/ffffffffbfc30588_FUN_ffffffffbfc30588.c	assembly/ffffffffbfc30588_FUN_ffffffffbfc30588.asm
ffffffffbfc305b4	FUN_ffffffffbfc305b4	bootloader-support	44	DEFAULT	success	108bdd24a194ed07eb08aaddb15accc04dbeb83d26b2d87416986fb86805b0d0	1	0	0	decompiled/ffffffffbfc305b4_FUN_ffffffffbfc305b4.c	assembly/ffffffffbfc305b4_FUN_ffffffffbfc305b4.asm
ffffffffbfc305e0	FUN_ffffffffbfc305e0	bootloader-support	44	DEFAULT	success	93f2aca073c73dc7ffe08eefbf89d186e930caeb597e2b72ae5a07b39fa4de13	3	0	0	decompiled/ffffffffbfc305e0_FUN_ffffffffbfc305e0.c	assembly/ffffffffbfc305e0_FUN_ffffffffbfc305e0.asm
ffffffffbfc3060c	FUN_ffffffffbfc3060c	bootloader-support	44	DEFAULT	success	51a32ac7cfff057b1700c650022008bd177315f855e1aea663b65400adbf6783	1	0	0	decompiled/ffffffffbfc3060c_FUN_ffffffffbfc3060c.c	assembly/ffffffffbfc3060c_FUN_ffffffffbfc3060c.asm
ffffffffbfc30638	FUN_ffffffffbfc30638	bootloader-support	44	DEFAULT	success	784742f62b77bedb9c178684419c48a14176106c420a75d754aef5212d11f6c7	2	0	0	decompiled/ffffffffbfc30638_FUN_ffffffffbfc30638.c	assembly/ffffffffbfc30638_FUN_ffffffffbfc30638.asm
ffffffffbfc30664	FUN_ffffffffbfc30664	bootloader-support	44	DEFAULT	success	705c4963703b35262cfc3774c24baa24edc8f37493495b4e8e44005943993011	2	0	0	decompiled/ffffffffbfc30664_FUN_ffffffffbfc30664.c	assembly/ffffffffbfc30664_FUN_ffffffffbfc30664.asm
ffffffffbfc30690	FUN_ffffffffbfc30690	bootloader-support	44	DEFAULT	success	a243429a1ba92a9249d0b8e5e1a2a0d18a170856c5c429c5c4efcf696a637a74	2	0	0	decompiled/ffffffffbfc30690_FUN_ffffffffbfc30690.c	assembly/ffffffffbfc30690_FUN_ffffffffbfc30690.asm
ffffffffbfc306bc	FUN_ffffffffbfc306bc	bootloader-support	48	DEFAULT	success	f55441c36049a18585ade06e82acef0706f60352bb199dc9a05237343a1815b6	3	0	0	decompiled/ffffffffbfc306bc_FUN_ffffffffbfc306bc.c	assembly/ffffffffbfc306bc_FUN_ffffffffbfc306bc.asm
ffffffffbfc306ec	FUN_ffffffffbfc306ec	bootloader-support	32	DEFAULT	success	0ba3514416a095140a17f15d0cb541cc0b4857fa5b8dab2d080f1bde82b31305	1	0	0	decompiled/ffffffffbfc306ec_FUN_ffffffffbfc306ec.c	assembly/ffffffffbfc306ec_FUN_ffffffffbfc306ec.asm
ffffffffbfc3070c	FUN_ffffffffbfc3070c	bootloader-support	52	DEFAULT	success	1e2d0cb78146a88a825de197573a62a6fc58d6066f662cc9311429fa7cfd6a4d	0	1	0	decompiled/ffffffffbfc3070c_FUN_ffffffffbfc3070c.c	assembly/ffffffffbfc3070c_FUN_ffffffffbfc3070c.asm
ffffffffbfc30740	FUN_ffffffffbfc30740	bootloader-support	1092	DEFAULT	success	eac6118a310792a18c44c1fb0cf4652d2f5f4cfeb0b6b80080a9670306a9883d	0	9	2	decompiled/ffffffffbfc30740_FUN_ffffffffbfc30740.c	assembly/ffffffffbfc30740_FUN_ffffffffbfc30740.asm
ffffffffbfc30b84	FUN_ffffffffbfc30b84	bootloader-support	256	DEFAULT	success	9a3540a65b9c61089ff9c4765b5eb9e599f68990231b50fdda59609eba23334f	0	2	3	decompiled/ffffffffbfc30b84_FUN_ffffffffbfc30b84.c	assembly/ffffffffbfc30b84_FUN_ffffffffbfc30b84.asm
ffffffffbfc30cf4	FUN_ffffffffbfc30cf4	bootloader-support	376	DEFAULT	success	b41f45aec122ac3b6a005ff09b4b81e1d787e143869f9b1755780c9b1edd775f	2	5	0	decompiled/ffffffffbfc30cf4_FUN_ffffffffbfc30cf4.c	assembly/ffffffffbfc30cf4_FUN_ffffffffbfc30cf4.asm
ffffffffbfc30e6c	FUN_ffffffffbfc30e6c	bootloader-support	740	DEFAULT	success	89a71fdceefd221a5e53059af6aec6af36e5e37bccac725b5b69053654e54b3b	0	11	0	decompiled/ffffffffbfc30e6c_FUN_ffffffffbfc30e6c.c	assembly/ffffffffbfc30e6c_FUN_ffffffffbfc30e6c.asm
ffffffffbfc31160	FUN_ffffffffbfc31160	bootloader-support	44	DEFAULT	success	51b48a83d7c9115ee9da2d82d434f0f7a8aef44e6b5978d7149ef881cbb15495	2	0	0	decompiled/ffffffffbfc31160_FUN_ffffffffbfc31160.c	assembly/ffffffffbfc31160_FUN_ffffffffbfc31160.asm
ffffffffbfc3118c	FUN_ffffffffbfc3118c	bootloader-support	44	DEFAULT	success	7cda67d484a16b6cd8b4c3ec228af5d113f79fcb24d07a0f42904608f730f790	1	0	0	decompiled/ffffffffbfc3118c_FUN_ffffffffbfc3118c.c	assembly/ffffffffbfc3118c_FUN_ffffffffbfc3118c.asm
ffffffffbfc311b8	FUN_ffffffffbfc311b8	bootloader-support	44	DEFAULT	success	f31afe710aa6b61e256022638f2cf05e858ed869412bdcae909b67f4421ff40a	1	0	0	decompiled/ffffffffbfc311b8_FUN_ffffffffbfc311b8.c	assembly/ffffffffbfc311b8_FUN_ffffffffbfc311b8.asm
ffffffffbfc311e4	FUN_ffffffffbfc311e4	bootloader-support	44	DEFAULT	success	0b5edb7d67fad4440c7c3941299290f42208eb533e4884d4e45ff2454c953fed	1	0	0	decompiled/ffffffffbfc311e4_FUN_ffffffffbfc311e4.c	assembly/ffffffffbfc311e4_FUN_ffffffffbfc311e4.asm
ffffffffbfc31210	FUN_ffffffffbfc31210	bootloader-support	44	DEFAULT	success	d2314a5a9b9db22ace628a11f3647438e9441f0d9c345277ba14c57dfe29bb68	1	0	0	decompiled/ffffffffbfc31210_FUN_ffffffffbfc31210.c	assembly/ffffffffbfc31210_FUN_ffffffffbfc31210.asm
ffffffffbfc3123c	FUN_ffffffffbfc3123c	bootloader-support	44	DEFAULT	success	e420c0e6637b6f2a510f49bb7bff7156674aad43d78cd596907a8702174123c1	2	0	0	decompiled/ffffffffbfc3123c_FUN_ffffffffbfc3123c.c	assembly/ffffffffbfc3123c_FUN_ffffffffbfc3123c.asm
ffffffffbfc31268	FUN_ffffffffbfc31268	bootloader-support	44	DEFAULT	success	afe2dc86116b08065ab5ac7dfe8c84fcca6969409381f6c66af7dc267e6c9c2a	1	0	0	decompiled/ffffffffbfc31268_FUN_ffffffffbfc31268.c	assembly/ffffffffbfc31268_FUN_ffffffffbfc31268.asm
ffffffffbfc31294	FUN_ffffffffbfc31294	bootloader-support	44	DEFAULT	success	80070522ba42327f15d90cda57492043b4365856b02c0ac8674129164e5231d8	2	0	0	decompiled/ffffffffbfc31294_FUN_ffffffffbfc31294.c	assembly/ffffffffbfc31294_FUN_ffffffffbfc31294.asm
ffffffffbfc312ec	FUN_ffffffffbfc312ec	bootloader-support	48	DEFAULT	success	42b2120cf9164e4cae12e38cc151a5056b8b032208bf13ca69b0b4c0bb776907	3	0	0	decompiled/ffffffffbfc312ec_FUN_ffffffffbfc312ec.c	assembly/ffffffffbfc312ec_FUN_ffffffffbfc312ec.asm
ffffffffbfc3131c	FUN_ffffffffbfc3131c	bootloader-support	32	DEFAULT	success	b34b596034fb8a15a96b5049c5f0a00e0d49959e288a32d91c56c99d64b57bdb	2	0	0	decompiled/ffffffffbfc3131c_FUN_ffffffffbfc3131c.c	assembly/ffffffffbfc3131c_FUN_ffffffffbfc3131c.asm
ffffffffbfc3133c	FUN_ffffffffbfc3133c	bootloader-support	8	DEFAULT	success	c76d931975727bc17e5715b3cf92d8638b6648bbc8044c87bc3090d1811e1b7f	0	0	0	decompiled/ffffffffbfc3133c_FUN_ffffffffbfc3133c.c	assembly/ffffffffbfc3133c_FUN_ffffffffbfc3133c.asm
ffffffffbfc31344	FUN_ffffffffbfc31344	bootloader-support	352	DEFAULT	success	d32d9851aff49e1e36d09e7b944af91a4b9a999cb3de5693358819535de9a271	2	5	0	decompiled/ffffffffbfc31344_FUN_ffffffffbfc31344.c	assembly/ffffffffbfc31344_FUN_ffffffffbfc31344.asm
ffffffffbfc314a4	FUN_ffffffffbfc314a4	bootloader-support	692	DEFAULT	success	76e298010a3b4aab4b123dcfe5c8443b3adb55bb88d978f67d7e51e08484faf0	1	10	1	decompiled/ffffffffbfc314a4_FUN_ffffffffbfc314a4.c	assembly/ffffffffbfc314a4_FUN_ffffffffbfc314a4.asm
ffffffffbfc31758	FUN_ffffffffbfc31758	bootloader-support	416	DEFAULT	success	ed1714803b2ee9441a730970f61aff12e9dc2bbd5e7fbd15045533ddd6c86097	1	6	0	decompiled/ffffffffbfc31758_FUN_ffffffffbfc31758.c	assembly/ffffffffbfc31758_FUN_ffffffffbfc31758.asm
ffffffffbfc31904	FUN_ffffffffbfc31904	bootloader-support	560	DEFAULT	success	6be19af38bdf85f1b13c0170f9a164ea23659870c7216b4cefe14f6b03e72e54	0	10	0	decompiled/ffffffffbfc31904_FUN_ffffffffbfc31904.c	assembly/ffffffffbfc31904_FUN_ffffffffbfc31904.asm
ffffffffbfc31b90	FUN_ffffffffbfc31b90	bootloader-support	48	DEFAULT	success	9aad1998cd782973718397121be0f21b8e425ad23c59c95bf738540f48e99655	2	0	0	decompiled/ffffffffbfc31b90_FUN_ffffffffbfc31b90.c	assembly/ffffffffbfc31b90_FUN_ffffffffbfc31b90.asm
ffffffffbfc31bc0	FUN_ffffffffbfc31bc0	bootloader-support	8	DEFAULT	success	e9ba98d8a539f4bf630a8ba592bb9e106221b906eab5cc5a54cd4aaff6d3322f	0	0	0	decompiled/ffffffffbfc31bc0_FUN_ffffffffbfc31bc0.c	assembly/ffffffffbfc31bc0_FUN_ffffffffbfc31bc0.asm
ffffffffbfc31bc8	FUN_ffffffffbfc31bc8	bootloader-support	280	DEFAULT	success	7bcb4d0e3b774f2da54f98e3c0772ee4ff51e9def376c73f2f983192d33b0b70	0	5	0	decompiled/ffffffffbfc31bc8_FUN_ffffffffbfc31bc8.c	assembly/ffffffffbfc31bc8_FUN_ffffffffbfc31bc8.asm
ffffffffbfc31ce0	FUN_ffffffffbfc31ce0	bootloader-support	192	DEFAULT	success	28d40df687ad4223a0ad69cdad7d56f71825f05b0b9e4f965c6587a698265800	0	4	0	decompiled/ffffffffbfc31ce0_FUN_ffffffffbfc31ce0.c	assembly/ffffffffbfc31ce0_FUN_ffffffffbfc31ce0.asm
ffffffffbfc31da0	FUN_ffffffffbfc31da0	bootloader-support	248	DEFAULT	success	46a6b3303c434f4417ab63ea2a4fa357335197b2929ab35e707ab658c5c5f5e7	0	6	0	decompiled/ffffffffbfc31da0_FUN_ffffffffbfc31da0.c	assembly/ffffffffbfc31da0_FUN_ffffffffbfc31da0.asm
ffffffffbfc31ea0	FUN_ffffffffbfc31ea0	bootloader-support	372	DEFAULT	success	3868f614d34fecacfe3616ea85646f44087674b47a538e4395c0acb15d43a0f9	1	0	0	decompiled/ffffffffbfc31ea0_FUN_ffffffffbfc31ea0.c	assembly/ffffffffbfc31ea0_FUN_ffffffffbfc31ea0.asm
ffffffffbfc32018	FUN_ffffffffbfc32018	bootloader-support	48	DEFAULT	success	86846edc2518b2e00618c3ff8d0ca0713b70d9ba18db7673d068856e1a89fd07	3	0	0	decompiled/ffffffffbfc32018_FUN_ffffffffbfc32018.c	assembly/ffffffffbfc32018_FUN_ffffffffbfc32018.asm
ffffffffbfc32060	FUN_ffffffffbfc32060	bootloader-support	64	DEFAULT	success	4e716924f4a587765cd275a82314e26045eefc73d22d93bc40ed6c4eb40547d8	1	0	1	decompiled/ffffffffbfc32060_FUN_ffffffffbfc32060.c	assembly/ffffffffbfc32060_FUN_ffffffffbfc32060.asm
ffffffffbfc32118	FUN_ffffffffbfc32118	bootloader-support	200	DEFAULT	success	6d07bc416223d4c7c2130762206391c4bf2543a724ddbc0290b563a9d904ff4b	1	1	0	decompiled/ffffffffbfc32118_FUN_ffffffffbfc32118.c	assembly/ffffffffbfc32118_FUN_ffffffffbfc32118.asm
ffffffffbfc321e0	FUN_ffffffffbfc321e0	bootloader-support	96	DEFAULT	success	16fde7a53c24d6e9dae6257384e9140baa51424991a2da8f4a60544b5931b87a	4	0	0	decompiled/ffffffffbfc321e0_FUN_ffffffffbfc321e0.c	assembly/ffffffffbfc321e0_FUN_ffffffffbfc321e0.asm
ffffffffbfc32240	FUN_ffffffffbfc32240	bootloader-support	96	DEFAULT	success	606cfbc6193ff45f0827282c0dfd1d0945eebd1776d923bb627b3b81b74db4d8	8	1	1	decompiled/ffffffffbfc32240_FUN_ffffffffbfc32240.c	assembly/ffffffffbfc32240_FUN_ffffffffbfc32240.asm
ffffffffbfc322a0	FUN_ffffffffbfc322a0	bootloader-support	112	DEFAULT	success	01616cd1c9edbfe80ce2552f8713f31bd6cd4e88e66669de1ffb839b4ab6e974	8	1	1	decompiled/ffffffffbfc322a0_FUN_ffffffffbfc322a0.c	assembly/ffffffffbfc322a0_FUN_ffffffffbfc322a0.asm
ffffffffbfc32310	FUN_ffffffffbfc32310	bootloader-support	468	DEFAULT	success	5f81f994138755aca5d0ea1fd95623d9b7ad69d5e7061f01c3be418a9163c75e	0	3	0	decompiled/ffffffffbfc32310_FUN_ffffffffbfc32310.c	assembly/ffffffffbfc32310_FUN_ffffffffbfc32310.asm
ffffffffbfc324e4	FUN_ffffffffbfc324e4	bootloader-support	84	DEFAULT	success	2308719f5541feb3ce872d7496b577351f031fd8d2263358621f1f182eefc03f	1	1	1	decompiled/ffffffffbfc324e4_FUN_ffffffffbfc324e4.c	assembly/ffffffffbfc324e4_FUN_ffffffffbfc324e4.asm
ffffffffbfc32538	FUN_ffffffffbfc32538	bootloader-support	628	DEFAULT	success	3c8beede9622c06a4835928357fad051d567f065465d0042f596a5c80f494304	0	2	11	decompiled/ffffffffbfc32538_FUN_ffffffffbfc32538.c	assembly/ffffffffbfc32538_FUN_ffffffffbfc32538.asm
ffffffffbfc327b0	FUN_ffffffffbfc327b0	bootloader-support	540	DEFAULT	success	6f61eee32ea728f6f052f2334f07016d795a17e60c8300e9420e8f0781a10084	4	4	1	decompiled/ffffffffbfc327b0_FUN_ffffffffbfc327b0.c	assembly/ffffffffbfc327b0_FUN_ffffffffbfc327b0.asm
ffffffffbfc329d0	FUN_ffffffffbfc329d0	bootloader-support	44	DEFAULT	success	8105ed54a32195f96d1413b1b40f86c4c10cbe1a56b86d546f4f6b45bd04ecaf	1	0	0	decompiled/ffffffffbfc329d0_FUN_ffffffffbfc329d0.c	assembly/ffffffffbfc329d0_FUN_ffffffffbfc329d0.asm
ffffffffbfc329fc	FUN_ffffffffbfc329fc	bootloader-support	48	DEFAULT	success	7a853bc8b8ac99f1c91d23056b17654bd1454153e6b4ac6ef628d5b3d3d0b170	1	0	0	decompiled/ffffffffbfc329fc_FUN_ffffffffbfc329fc.c	assembly/ffffffffbfc329fc_FUN_ffffffffbfc329fc.asm
ffffffffbfc32a2c	FUN_ffffffffbfc32a2c	bootloader-support	12	DEFAULT	success	cd4c98821230815cbba99adee3844b18cb35c4d70fc0c78d261eef99f153803b	0	0	0	decompiled/ffffffffbfc32a2c_FUN_ffffffffbfc32a2c.c	assembly/ffffffffbfc32a2c_FUN_ffffffffbfc32a2c.asm
ffffffffbfc32a38	FUN_ffffffffbfc32a38	bootloader-support	8	DEFAULT	success	d19b99107524f5901eb0dac2710a0d785e14979fa22ef827407c123c0113924b	0	0	0	decompiled/ffffffffbfc32a38_FUN_ffffffffbfc32a38.c	assembly/ffffffffbfc32a38_FUN_ffffffffbfc32a38.asm
ffffffffbfc32a40	FUN_ffffffffbfc32a40	bootloader-support	56	DEFAULT	success	7568576925f2f6bb85223cce4cf13a22dc96425439f2013c1b9814f053990e1e	0	1	0	decompiled/ffffffffbfc32a40_FUN_ffffffffbfc32a40.c	assembly/ffffffffbfc32a40_FUN_ffffffffbfc32a40.asm
ffffffffbfc32a78	FUN_ffffffffbfc32a78	bootloader-support	184	DEFAULT	success	5e1448e7dd0552b2a97927a754d72ae9e5247fbafc383222959c75a3226a7e65	0	4	0	decompiled/ffffffffbfc32a78_FUN_ffffffffbfc32a78.c	assembly/ffffffffbfc32a78_FUN_ffffffffbfc32a78.asm
ffffffffbfc32b30	FUN_ffffffffbfc32b30	bootloader-support	372	DEFAULT	success	02cb78e38a3403dba11837be5c6f2b277caafbb55de762a624c86aba1d385991	1	0	0	decompiled/ffffffffbfc32b30_FUN_ffffffffbfc32b30.c	assembly/ffffffffbfc32b30_FUN_ffffffffbfc32b30.asm
ffffffffbfc32ca8	FUN_ffffffffbfc32ca8	bootloader-support	48	DEFAULT	success	4b9d913ff88fad25b943bd8ee9a656ddaf840af947c97057d1b78b08a377e3b8	3	0	0	decompiled/ffffffffbfc32ca8_FUN_ffffffffbfc32ca8.c	assembly/ffffffffbfc32ca8_FUN_ffffffffbfc32ca8.asm
ffffffffbfc32cd8	FUN_ffffffffbfc32cd8	bootloader-support	116	DEFAULT	success	6f24456d0b2c385ee045d5de65cf419617b1422ee0bdd03a4fd48e2622a9d6c1	3	1	0	decompiled/ffffffffbfc32cd8_FUN_ffffffffbfc32cd8.c	assembly/ffffffffbfc32cd8_FUN_ffffffffbfc32cd8.asm
ffffffffbfc32d4c	FUN_ffffffffbfc32d4c	bootloader-support	332	DEFAULT	success	25b93669766f69d992c5ceda621ad592bb293ca43579d7fe7bae27e33df0dcb4	3	2	0	decompiled/ffffffffbfc32d4c_FUN_ffffffffbfc32d4c.c	assembly/ffffffffbfc32d4c_FUN_ffffffffbfc32d4c.asm
ffffffffbfc32e98	FUN_ffffffffbfc32e98	bootloader-support	408	DEFAULT	success	751292e5f9fd998d2c31982a04aae17d3900420815a004118f53c4d93c6c0869	1	2	0	decompiled/ffffffffbfc32e98_FUN_ffffffffbfc32e98.c	assembly/ffffffffbfc32e98_FUN_ffffffffbfc32e98.asm
ffffffffbfc33030	FUN_ffffffffbfc33030	bootloader-support	132	DEFAULT	success	37f1ba6e8f18d8c419ccbdf291e9695b364b8f4341ec6c9a3274e39d06aa5c3d	1	1	1	decompiled/ffffffffbfc33030_FUN_ffffffffbfc33030.c	assembly/ffffffffbfc33030_FUN_ffffffffbfc33030.asm
ffffffffbfc330b4	FUN_ffffffffbfc330b4	bootloader-support	376	DEFAULT	success	7d3ab47665b31a7400511d112ed6265def7489b9af3f939eb69272e4dc305a72	2	2	0	decompiled/ffffffffbfc330b4_FUN_ffffffffbfc330b4.c	assembly/ffffffffbfc330b4_FUN_ffffffffbfc330b4.asm
ffffffffbfc3324c	FUN_ffffffffbfc3324c	bootloader-support	244	DEFAULT	success	b99f038cd71ae0d23a91a5d1ed5a3f5bb4855dffe320f61b6337b4a7edf4b3c4	4	2	0	decompiled/ffffffffbfc3324c_FUN_ffffffffbfc3324c.c	assembly/ffffffffbfc3324c_FUN_ffffffffbfc3324c.asm
ffffffffbfc33340	FUN_ffffffffbfc33340	bootloader-support	736	DEFAULT	success	f80fc9edce0e065a1e4bf490f5b97c90fec3e68f7579e65d817bb16ffdeb92a5	1	4	0	decompiled/ffffffffbfc33340_FUN_ffffffffbfc33340.c	assembly/ffffffffbfc33340_FUN_ffffffffbfc33340.asm
ffffffffbfc33620	FUN_ffffffffbfc33620	bootloader-support	372	DEFAULT	success	90a952a9533f8fda3189d305ca914ed265c96a0ee2faf1ada2bce2ba921f7c55	3	0	0	decompiled/ffffffffbfc33620_FUN_ffffffffbfc33620.c	assembly/ffffffffbfc33620_FUN_ffffffffbfc33620.asm
ffffffffbfc33798	FUN_ffffffffbfc33798	bootloader-support	48	DEFAULT	success	762f388159c51bc69b4617a2a11255f0ead879b746804d60c36e8c84c46d1bcd	5	0	0	decompiled/ffffffffbfc33798_FUN_ffffffffbfc33798.c	assembly/ffffffffbfc33798_FUN_ffffffffbfc33798.asm
ffffffffbfc337c8	FUN_ffffffffbfc337c8	bootloader-support	32	DEFAULT	success	63fe4be1489ee3e183cb11afe301e7f79361b5f66bed8247dc6ce3cdf901992e	2	0	0	decompiled/ffffffffbfc337c8_FUN_ffffffffbfc337c8.c	assembly/ffffffffbfc337c8_FUN_ffffffffbfc337c8.asm
ffffffffbfc337e8	FUN_ffffffffbfc337e8	bootloader-support	396	DEFAULT	success	ec2405f1f1d0df6c74608624870b17318ed736d2fb7909af03ac56864857bfdf	1	7	0	decompiled/ffffffffbfc337e8_FUN_ffffffffbfc337e8.c	assembly/ffffffffbfc337e8_FUN_ffffffffbfc337e8.asm
ffffffffbfc33974	FUN_ffffffffbfc33974	bootloader-support	388	DEFAULT	success	0c743c16332466f7a78f3f5709d55bc497afa6425b42c085f530c9fe3ecca39d	0	7	1	decompiled/ffffffffbfc33974_FUN_ffffffffbfc33974.c	assembly/ffffffffbfc33974_FUN_ffffffffbfc33974.asm
ffffffffbfc33af8	FUN_ffffffffbfc33af8	bootloader-support	36	DEFAULT	success	3cf41170c4899d40aa3aaa8ff14dc959a56d8f3322520826c82ad277ffd5ec9e	1	1	0	decompiled/ffffffffbfc33af8_FUN_ffffffffbfc33af8.c	assembly/ffffffffbfc33af8_FUN_ffffffffbfc33af8.asm
ffffffffbfc33b1c	FUN_ffffffffbfc33b1c	bootloader-support	32	DEFAULT	success	7ce7bb91406d422c372e9da0c001d6c1af318125aa98f49862cc5054a116d18d	1	1	0	decompiled/ffffffffbfc33b1c_FUN_ffffffffbfc33b1c.c	assembly/ffffffffbfc33b1c_FUN_ffffffffbfc33b1c.asm
ffffffffbfc33b3c	FUN_ffffffffbfc33b3c	bootloader-support	404	DEFAULT	success	af7bcb083411ad2bbe0820b529e855c8125590ec87cc1ccc0b77cf1b90ee7b75	2	3	3	decompiled/ffffffffbfc33b3c_FUN_ffffffffbfc33b3c.c	assembly/ffffffffbfc33b3c_FUN_ffffffffbfc33b3c.asm
ffffffffbfc33cd0	FUN_ffffffffbfc33cd0	bootloader-support	304	DEFAULT	success	50e44c297529cec70ffe7bb5cd2e8291c2f32f887bbf9d33e961f7dc7e3b80b8	2	2	3	decompiled/ffffffffbfc33cd0_FUN_ffffffffbfc33cd0.c	assembly/ffffffffbfc33cd0_FUN_ffffffffbfc33cd0.asm
ffffffffbfc33e00	FUN_ffffffffbfc33e00	bootloader-support	392	DEFAULT	success	67272d0018efa3f18210c7e20a027c5eca7f85ed16cc93ab68dc7747257a5c86	2	4	2	decompiled/ffffffffbfc33e00_FUN_ffffffffbfc33e00.c	assembly/ffffffffbfc33e00_FUN_ffffffffbfc33e00.asm
ffffffffbfc33f88	FUN_ffffffffbfc33f88	bootloader-support	372	DEFAULT	success	0bd698e9c21a0dffddef129e68ac342c7237a2f9a24dff02b2423df35e662f58	2	4	0	decompiled/ffffffffbfc33f88_FUN_ffffffffbfc33f88.c	assembly/ffffffffbfc33f88_FUN_ffffffffbfc33f88.asm
ffffffffbfc340fc	FUN_ffffffffbfc340fc	bootloader-support	320	DEFAULT	success	a127873d9131b95683180290b4e4b901501eb7dc46addb0a6a25f3e824569645	2	2	2	decompiled/ffffffffbfc340fc_FUN_ffffffffbfc340fc.c	assembly/ffffffffbfc340fc_FUN_ffffffffbfc340fc.asm
ffffffffbfc3423c	FUN_ffffffffbfc3423c	bootloader-support	712	DEFAULT	success	fd5404ae4adb553fee10e2d19b92bcc23dd45600656d269505baf6d93d776bf9	1	1	0	decompiled/ffffffffbfc3423c_FUN_ffffffffbfc3423c.c	assembly/ffffffffbfc3423c_FUN_ffffffffbfc3423c.asm
ffffffffbfc34510	FUN_ffffffffbfc34510	bootloader-support	372	DEFAULT	success	59767d207ab27088e5b766c7303a1d9ac7a676302623065f5637c88c36c8617c	1	0	0	decompiled/ffffffffbfc34510_FUN_ffffffffbfc34510.c	assembly/ffffffffbfc34510_FUN_ffffffffbfc34510.asm
ffffffffbfc34688	FUN_ffffffffbfc34688	bootloader-support	44	DEFAULT	success	f939a86a1c3a0fa8146ee718b638ae6c40aae72ffbd0c455b8412f4452e6a99a	1	0	0	decompiled/ffffffffbfc34688_FUN_ffffffffbfc34688.c	assembly/ffffffffbfc34688_FUN_ffffffffbfc34688.asm
ffffffffbfc346b4	FUN_ffffffffbfc346b4	bootloader-support	44	DEFAULT	success	51ed6064f37d16304ad9e1769a9a84838cb61ecabebc9b1a4db80daac3422fa5	1	0	0	decompiled/ffffffffbfc346b4_FUN_ffffffffbfc346b4.c	assembly/ffffffffbfc346b4_FUN_ffffffffbfc346b4.asm
ffffffffbfc346e0	FUN_ffffffffbfc346e0	bootloader-support	48	DEFAULT	success	c38a38c53154a9a880e9502a2f3d308cc1970521e61f5f6ffdb898f57ee0ec2c	2	0	0	decompiled/ffffffffbfc346e0_FUN_ffffffffbfc346e0.c	assembly/ffffffffbfc346e0_FUN_ffffffffbfc346e0.asm
ffffffffbfc34710	FUN_ffffffffbfc34710	bootloader-support	32	DEFAULT	success	74a240edb44fcfdbd0af5c7f893feab9cf659414c5f5c1422e1382824e63e087	2	0	0	decompiled/ffffffffbfc34710_FUN_ffffffffbfc34710.c	assembly/ffffffffbfc34710_FUN_ffffffffbfc34710.asm
ffffffffbfc34730	FUN_ffffffffbfc34730	bootloader-support	196	DEFAULT	success	8e831637a47807e90f99ee335f8b135f68fc2ca35f84443dae2bcc9e4af76add	2	2	0	decompiled/ffffffffbfc34730_FUN_ffffffffbfc34730.c	assembly/ffffffffbfc34730_FUN_ffffffffbfc34730.asm
ffffffffbfc347f4	FUN_ffffffffbfc347f4	bootloader-support	108	DEFAULT	success	faf73d30c0ad3e27a4d9e402d761752ef9908c18cc4852c5919515c8be40d646	1	1	0	decompiled/ffffffffbfc347f4_FUN_ffffffffbfc347f4.c	assembly/ffffffffbfc347f4_FUN_ffffffffbfc347f4.asm
ffffffffbfc34860	FUN_ffffffffbfc34860	bootloader-support	492	DEFAULT	success	8b05e231b5ac8b8778acb8e251249e9b19c3b26d8f5e101f4ef618f7ac4e2359	2	2	1	decompiled/ffffffffbfc34860_FUN_ffffffffbfc34860.c	assembly/ffffffffbfc34860_FUN_ffffffffbfc34860.asm
ffffffffbfc34a4c	FUN_ffffffffbfc34a4c	bootloader-support	744	DEFAULT	success	7a79cd2737f885e6dfe00bc8b7d5062057a3dfc2611847d4ad5d87afc4280d4c	1	8	5	decompiled/ffffffffbfc34a4c_FUN_ffffffffbfc34a4c.c	assembly/ffffffffbfc34a4c_FUN_ffffffffbfc34a4c.asm
ffffffffbfc34d34	FUN_ffffffffbfc34d34	bootloader-support	916	DEFAULT	success	4fab8df34e21917379301f4417aa37b9697f30ee3ee98124cfbe22cd18864aaf	1	6	0	decompiled/ffffffffbfc34d34_FUN_ffffffffbfc34d34.c	assembly/ffffffffbfc34d34_FUN_ffffffffbfc34d34.asm
ffffffffbfc35110	FUN_ffffffffbfc35110	bootloader-support	372	DEFAULT	success	639314756164ba0b57cff1c8d6ef57b2414834730771c2cdb68bbed26a84a86c	3	0	0	decompiled/ffffffffbfc35110_FUN_ffffffffbfc35110.c	assembly/ffffffffbfc35110_FUN_ffffffffbfc35110.asm
ffffffffbfc35288	FUN_ffffffffbfc35288	bootloader-support	48	DEFAULT	success	fa32e848d638d27d374609505ef3a1fac3685efee4a38324bc1fb4aba2b0ea4a	6	0	0	decompiled/ffffffffbfc35288_FUN_ffffffffbfc35288.c	assembly/ffffffffbfc35288_FUN_ffffffffbfc35288.asm
ffffffffbfc352b8	FUN_ffffffffbfc352b8	bootloader-support	8	DEFAULT	success	56a4c19b56c097d770864a4a9c2eb6251c135b1aae3d55762d5d30a813140073	1	0	0	decompiled/ffffffffbfc352b8_FUN_ffffffffbfc352b8.c	assembly/ffffffffbfc352b8_FUN_ffffffffbfc352b8.asm
ffffffffbfc352c0	FUN_ffffffffbfc352c0	bootloader-support	56	DEFAULT	success	02cd82f84d309ea2ba127bdf606af91f6a8405bc4a87c6ae76e25c95044b43b8	1	1	0	decompiled/ffffffffbfc352c0_FUN_ffffffffbfc352c0.c	assembly/ffffffffbfc352c0_FUN_ffffffffbfc352c0.asm
ffffffffbfc353c8	FUN_ffffffffbfc353c8	bootloader-support	1084	DEFAULT	success	fe5873f6c53dc13a470f700539747b9c4c98928485ec84dbf2155914ec985364	2	6	7	decompiled/ffffffffbfc353c8_FUN_ffffffffbfc353c8.c	assembly/ffffffffbfc353c8_FUN_ffffffffbfc353c8.asm
ffffffffbfc35844	FUN_ffffffffbfc35844	bootloader-support	324	DEFAULT	success	c86cfa825171690ce3d49d9b4c917923669c58ae6ea21789568f320b32334446	1	3	0	decompiled/ffffffffbfc35844_FUN_ffffffffbfc35844.c	assembly/ffffffffbfc35844_FUN_ffffffffbfc35844.asm
ffffffffbfc35988	FUN_ffffffffbfc35988	bootloader-support	412	DEFAULT	success	ddfa8e4ef8be39fa740ad87592da07de9cc2f6e58dc11fa87ff1fb1a2a057532	0	4	0	decompiled/ffffffffbfc35988_FUN_ffffffffbfc35988.c	assembly/ffffffffbfc35988_FUN_ffffffffbfc35988.asm
ffffffffbfc35b24	FUN_ffffffffbfc35b24	bootloader-support	124	DEFAULT	success	b492bff6b24b8a06af6e8faefa344548200291c187708910d2a5832d58c72a7a	1	2	1	decompiled/ffffffffbfc35b24_FUN_ffffffffbfc35b24.c	assembly/ffffffffbfc35b24_FUN_ffffffffbfc35b24.asm
ffffffffbfc35ba0	FUN_ffffffffbfc35ba0	bootloader-support	228	DEFAULT	success	0d956fa2bdf2a97cfc30cc40f256230a3c8e129ca489834f246beb107c3946d9	0	2	0	decompiled/ffffffffbfc35ba0_FUN_ffffffffbfc35ba0.c	assembly/ffffffffbfc35ba0_FUN_ffffffffbfc35ba0.asm
ffffffffbfc36150	FUN_ffffffffbfc36150	bootloader-support	68	DEFAULT	success	d25264700a9f427d0018ac98b8818b6d03100e24448da411985bcd0c7d606cb8	0	0	0	decompiled/ffffffffbfc36150_FUN_ffffffffbfc36150.c	assembly/ffffffffbfc36150_FUN_ffffffffbfc36150.asm
ffffffffbfc36a40	FUN_ffffffffbfc36a40	bootloader-support	1	DEFAULT	success	b87730bf80ce7e07db64d372d2297485c73ea549011fb499aa83b752bacfa35e	0	0	0	decompiled/ffffffffbfc36a40_FUN_ffffffffbfc36a40.c	assembly/ffffffffbfc36a40_FUN_ffffffffbfc36a40.asm
ffffffffbfc428a0	FUN_ffffffffbfc428a0	bootloader-support	4	DEFAULT	success	c688a25b445570f6c98034ff24678d16fd636e9931e4a0b8becbf7b9e2b5063f	0	0	0	decompiled/ffffffffbfc428a0_FUN_ffffffffbfc428a0.c	assembly/ffffffffbfc428a0_FUN_ffffffffbfc428a0.asm
ffffffffbfc42d80	FUN_ffffffffbfc42d80	bootloader-support	1	DEFAULT	success	e857351180c3fe9015c5c07d0c84f922223e72ac127cb4b163db75f7c7b0c435	0	0	0	decompiled/ffffffffbfc42d80_FUN_ffffffffbfc42d80.c	assembly/ffffffffbfc42d80_FUN_ffffffffbfc42d80.asm
ffffffffbfc449f8	FUN_ffffffffbfc449f8	bootloader-support	8	DEFAULT	success	62a1f728e0f054272902bffb07e6fa475e31c048b888929dbdfbda88ea25ae60	0	0	0	decompiled/ffffffffbfc449f8_FUN_ffffffffbfc449f8.c	assembly/ffffffffbfc449f8_FUN_ffffffffbfc449f8.asm
ffffffffbfc44a00	FUN_ffffffffbfc44a00	bootloader-support	8	DEFAULT	success	002fc31fca10bbf9d65a3bef8fbc83b9e3a39e113acc4f6e0ecd65f0af038fad	0	0	0	decompiled/ffffffffbfc44a00_FUN_ffffffffbfc44a00.c	assembly/ffffffffbfc44a00_FUN_ffffffffbfc44a00.asm
ffffffffbfc46280	FUN_ffffffffbfc46280	bootloader-support	68	DEFAULT	success	bdcfb4e750a69f6a612646e701cc05e86529a09b9b9f71a2fc4089693bf33f1a	0	0	0	decompiled/ffffffffbfc46280_FUN_ffffffffbfc46280.c	assembly/ffffffffbfc46280_FUN_ffffffffbfc46280.asm
ffffffffbfc46c00	FUN_ffffffffbfc46c00	bootloader-support	68	DEFAULT	success	530b20f84eb93f85a102261fec064e52f1aeafcb8f48d1a1d9d3eaefda59e0c6	0	0	0	decompiled/ffffffffbfc46c00_FUN_ffffffffbfc46c00.c	assembly/ffffffffbfc46c00_FUN_ffffffffbfc46c00.asm
ffffffffbfc48500	FUN_ffffffffbfc48500	bootloader-support	68	DEFAULT	success	124fc1f5913b660405a90620f52723787b6d42cd4c1eebcd71088c3a73e87ed1	0	0	0	decompiled/ffffffffbfc48500_FUN_ffffffffbfc48500.c	assembly/ffffffffbfc48500_FUN_ffffffffbfc48500.asm
ffffffffbfc4e2b8	FUN_ffffffffbfc4e2b8	bootloader-support	68	DEFAULT	success	20b81f83f02a48d14fa51ae9ad2edcef0920af8f9a9569b04792faae07d0b0b0	0	0	0	decompiled/ffffffffbfc4e2b8_FUN_ffffffffbfc4e2b8.c	assembly/ffffffffbfc4e2b8_FUN_ffffffffbfc4e2b8.asm
ffffffffbfc4e8d8	FUN_ffffffffbfc4e8d8	bootloader-support	68	DEFAULT	success	e9418484954ce3e241b5c15ad9c487e4b96adba2d21ad1a3491289cac3eaea54	0	0	0	decompiled/ffffffffbfc4e8d8_FUN_ffffffffbfc4e8d8.c	assembly/ffffffffbfc4e8d8_FUN_ffffffffbfc4e8d8.asm
ffffffffbfc50190	FUN_ffffffffbfc50190	bootloader-support	392	DEFAULT	success	da4acd5b2ea3e149417046fe0e28646ef40f1a2c885137fb0e74306e074507ad	0	0	0	decompiled/ffffffffbfc50190_FUN_ffffffffbfc50190.c	assembly/ffffffffbfc50190_FUN_ffffffffbfc50190.asm
ffffffffbfc50318	FUN_ffffffffbfc50318	bootloader-support	232	DEFAULT	success	4b06b589545dee5298c56c49c6178b44f0da6cbe67960a37196f38ca96feecc2	0	0	0	decompiled/ffffffffbfc50318_FUN_ffffffffbfc50318.c	assembly/ffffffffbfc50318_FUN_ffffffffbfc50318.asm
ffffffffbfc50400	FUN_ffffffffbfc50400	bootloader-support	132	DEFAULT	success	72b1aa724ec9a4a56a5172306892dfca1ad380c8f893f8079d413e9597bb2c12	0	0	0	decompiled/ffffffffbfc50400_FUN_ffffffffbfc50400.c	assembly/ffffffffbfc50400_FUN_ffffffffbfc50400.asm
ffffffffbfc506dc	FUN_ffffffffbfc506dc	bootloader-support	860	DEFAULT	success	8a41b9f6b1021903678a8572e534c9a15f82ab01069cb744f38f767cc122d162	0	0	0	decompiled/ffffffffbfc506dc_FUN_ffffffffbfc506dc.c	assembly/ffffffffbfc506dc_FUN_ffffffffbfc506dc.asm
ffffffffbfc50a38	FUN_ffffffffbfc50a38	bootloader-support	832	DEFAULT	success	62769e28f03660921fd7e420d2cec532762cd19a441885df9352f668654eefee	0	0	0	decompiled/ffffffffbfc50a38_FUN_ffffffffbfc50a38.c	assembly/ffffffffbfc50a38_FUN_ffffffffbfc50a38.asm
ffffffffbfc50d78	FUN_ffffffffbfc50d78	bootloader-support	180	DEFAULT	success	e94921eb4a6ea1edb75e58350d47f52c49c2617ccc88645c75b36378622e41bc	0	0	0	decompiled/ffffffffbfc50d78_FUN_ffffffffbfc50d78.c	assembly/ffffffffbfc50d78_FUN_ffffffffbfc50d78.asm
ffffffffbfc50e2c	FUN_ffffffffbfc50e2c	bootloader-support	616	DEFAULT	success	abfbe0e74272d87c6b7bbb929fb0b00d4aaf745f4f34055129018778530d9721	0	0	0	decompiled/ffffffffbfc50e2c_FUN_ffffffffbfc50e2c.c	assembly/ffffffffbfc50e2c_FUN_ffffffffbfc50e2c.asm
ffffffffbfc51094	FUN_ffffffffbfc51094	bootloader-support	444	DEFAULT	success	120918f90b5bba22ae579a4211f29e5a70bf28229e9648b58a9a1a0aef5e16d6	0	0	0	decompiled/ffffffffbfc51094_FUN_ffffffffbfc51094.c	assembly/ffffffffbfc51094_FUN_ffffffffbfc51094.asm
ffffffffbfc51250	FUN_ffffffffbfc51250	bootloader-support	416	DEFAULT	success	5cc1a3bbff4bddcd1df90878c6bde360317aeca080dc9b1651479d9dc24346fe	0	0	0	decompiled/ffffffffbfc51250_FUN_ffffffffbfc51250.c	assembly/ffffffffbfc51250_FUN_ffffffffbfc51250.asm
ffffffffbfc513f0	FUN_ffffffffbfc513f0	bootloader-support	240	DEFAULT	success	d912b4d8ab244fa7ccc799bbb254b6516a8dceaf983d88896773a9e6bef92daf	0	0	0	decompiled/ffffffffbfc513f0_FUN_ffffffffbfc513f0.c	assembly/ffffffffbfc513f0_FUN_ffffffffbfc513f0.asm
ffffffffbfc514e0	FUN_ffffffffbfc514e0	bootloader-support	532	DEFAULT	success	3e1db542096866b2fa403969119887759eed2e7969e27c0a886b5bd4fcdf1e7b	0	0	0	decompiled/ffffffffbfc514e0_FUN_ffffffffbfc514e0.c	assembly/ffffffffbfc514e0_FUN_ffffffffbfc514e0.asm
ffffffffbfc51870	FUN_ffffffffbfc51870	bootloader-support	4	DEFAULT	success	8cbee6771078b815f4bef0603831912ae74b3603793b6cfe0acd7210371bec8f	0	0	0	decompiled/ffffffffbfc51870_FUN_ffffffffbfc51870.c	assembly/ffffffffbfc51870_FUN_ffffffffbfc51870.asm
ffffffffbfc519a0	FUN_ffffffffbfc519a0	bootloader-support	260	DEFAULT	success	5b6291d1b9d126cc5c0ee24037717840a8da959514ed7f07f8d622218a208ae9	0	0	0	decompiled/ffffffffbfc519a0_FUN_ffffffffbfc519a0.c	assembly/ffffffffbfc519a0_FUN_ffffffffbfc519a0.asm
ffffffffbfc51aa4	FUN_ffffffffbfc51aa4	bootloader-support	112	DEFAULT	success	fbec83d27abcd980294ca17739197a31e27544f10546b11b1689ca9fea74a7bc	0	0	0	decompiled/ffffffffbfc51aa4_FUN_ffffffffbfc51aa4.c	assembly/ffffffffbfc51aa4_FUN_ffffffffbfc51aa4.asm
ffffffffbfc51b14	FUN_ffffffffbfc51b14	bootloader-support	84	DEFAULT	success	51c3ece57d876411af0be6c17e810ce2cd45cf7cc5686f9b1e1fa1bb3f9c98f9	0	0	0	decompiled/ffffffffbfc51b14_FUN_ffffffffbfc51b14.c	assembly/ffffffffbfc51b14_FUN_ffffffffbfc51b14.asm
ffffffffbfc51fec	FUN_ffffffffbfc51fec	bootloader-support	312	DEFAULT	success	2bb4b93728e39b2c0822905191ac2135d0740653861e13d372727ed184c3ad72	0	0	0	decompiled/ffffffffbfc51fec_FUN_ffffffffbfc51fec.c	assembly/ffffffffbfc51fec_FUN_ffffffffbfc51fec.asm
ffffffffbfc52124	FUN_ffffffffbfc52124	bootloader-support	296	DEFAULT	success	781c7e2dbedcf68378f8e4daa054c6e57b0b4feffb061e0dcd064b388890f423	0	0	0	decompiled/ffffffffbfc52124_FUN_ffffffffbfc52124.c	assembly/ffffffffbfc52124_FUN_ffffffffbfc52124.asm
ffffffffbfc5224c	FUN_ffffffffbfc5224c	bootloader-support	144	DEFAULT	success	67e1981f601b5b2cc224fe35d658de49e67d95d1a31e67ea06fdbf1112d76400	0	0	0	decompiled/ffffffffbfc5224c_FUN_ffffffffbfc5224c.c	assembly/ffffffffbfc5224c_FUN_ffffffffbfc5224c.asm
ffffffffbfc522dc	FUN_ffffffffbfc522dc	bootloader-support	340	DEFAULT	success	cc1ca50fe295d23db7783c1c81285d3e2346afe6d68d4a076292dddee4b50420	0	0	0	decompiled/ffffffffbfc522dc_FUN_ffffffffbfc522dc.c	assembly/ffffffffbfc522dc_FUN_ffffffffbfc522dc.asm
ffffffffbfc52430	FUN_ffffffffbfc52430	bootloader-support	96	DEFAULT	success	05ef289a3290f5b5539e06dfd1a53f472bdf1b148d841c62956093193d5b11a2	0	0	0	decompiled/ffffffffbfc52430_FUN_ffffffffbfc52430.c	assembly/ffffffffbfc52430_FUN_ffffffffbfc52430.asm
ffffffffbfc52490	FUN_ffffffffbfc52490	bootloader-support	296	DEFAULT	success	51b09b204c1d13a53d0f364b1968bc9785e3a12debc092fcb572c4b9c57902c8	0	0	0	decompiled/ffffffffbfc52490_FUN_ffffffffbfc52490.c	assembly/ffffffffbfc52490_FUN_ffffffffbfc52490.asm
ffffffffbfc525b8	FUN_ffffffffbfc525b8	bootloader-support	100	DEFAULT	success	03641531f2238e619b1c81eb5c612b5d1952be718cde442ae32afeaedfebcc01	0	0	0	decompiled/ffffffffbfc525b8_FUN_ffffffffbfc525b8.c	assembly/ffffffffbfc525b8_FUN_ffffffffbfc525b8.asm
ffffffffbfc5261c	FUN_ffffffffbfc5261c	bootloader-support	3660	DEFAULT	success	86cbd382a2823767d231dd88db1a4cf1039f273bdca8bd78a9129f50bfe1ad61	0	0	0	decompiled/ffffffffbfc5261c_FUN_ffffffffbfc5261c.c	assembly/ffffffffbfc5261c_FUN_ffffffffbfc5261c.asm
ffffffffbfc53470	FUN_ffffffffbfc53470	bootloader-support	952	DEFAULT	success	55792571a259a91be5f1e0fa573f3de2d71c35720dd7ccac49a3543a5538e536	0	0	0	decompiled/ffffffffbfc53470_FUN_ffffffffbfc53470.c	assembly/ffffffffbfc53470_FUN_ffffffffbfc53470.asm
ffffffffbfc53830	FUN_ffffffffbfc53830	bootloader-support	276	DEFAULT	success	c1ef120659cf9c2b856e9640a56c3368c9ba6a5612ddc8c1a2f9ebacb1043509	0	0	0	decompiled/ffffffffbfc53830_FUN_ffffffffbfc53830.c	assembly/ffffffffbfc53830_FUN_ffffffffbfc53830.asm
ffffffffbfc53944	FUN_ffffffffbfc53944	bootloader-support	324	DEFAULT	success	f6786661e72730add497e7718cc5e4409be78f679fb487fdfea9ebeddc1ffa90	0	0	0	decompiled/ffffffffbfc53944_FUN_ffffffffbfc53944.c	assembly/ffffffffbfc53944_FUN_ffffffffbfc53944.asm
ffffffffbfc53a90	FUN_ffffffffbfc53a90	bootloader-support	352	DEFAULT	success	4c42280ea379ca67b321e91ace60ca356ba2447d8de538d4b524b52821a37be8	0	0	0	decompiled/ffffffffbfc53a90_FUN_ffffffffbfc53a90.c	assembly/ffffffffbfc53a90_FUN_ffffffffbfc53a90.asm
ffffffffbfc53bf0	FUN_ffffffffbfc53bf0	bootloader-support	464	DEFAULT	success	57131ce83f1e1a9ca57bd7cee63278572405c7a0bb6b0c9b0fffb0a00572b97d	0	0	0	decompiled/ffffffffbfc53bf0_FUN_ffffffffbfc53bf0.c	assembly/ffffffffbfc53bf0_FUN_ffffffffbfc53bf0.asm
ffffffffbfc53dc4	FUN_ffffffffbfc53dc4	bootloader-support	528	DEFAULT	success	032206beac8f4a21cd3ebed1a222bc12438c8d721793b4d47a585c598aaeb4bb	0	0	0	decompiled/ffffffffbfc53dc4_FUN_ffffffffbfc53dc4.c	assembly/ffffffffbfc53dc4_FUN_ffffffffbfc53dc4.asm
ffffffffbfc54280	FUN_ffffffffbfc54280	bootloader-support	296	DEFAULT	success	54ee53c42732ec7fc99ae5945a6424dcf59763e2a5a37a60d97c477bd24c3518	0	0	0	decompiled/ffffffffbfc54280_FUN_ffffffffbfc54280.c	assembly/ffffffffbfc54280_FUN_ffffffffbfc54280.asm
ffffffffbfc543a8	FUN_ffffffffbfc543a8	bootloader-support	300	DEFAULT	success	3591329046f5ed402b655feba23280dc0e68eeda51c07b209d5a3b96c202a1ff	0	0	0	decompiled/ffffffffbfc543a8_FUN_ffffffffbfc543a8.c	assembly/ffffffffbfc543a8_FUN_ffffffffbfc543a8.asm
ffffffffbfc545b0	FUN_ffffffffbfc545b0	bootloader-support	412	DEFAULT	success	e7b12dd5346d97d8cc099f178eaeb041b07f61444e4be42aa0f7882d8948d697	0	0	0	decompiled/ffffffffbfc545b0_FUN_ffffffffbfc545b0.c	assembly/ffffffffbfc545b0_FUN_ffffffffbfc545b0.asm
